input_db,output_db,gain_reduction_db,threshold,ratio,knee,attack_ms,release_ms
-60.0,-63.13,3.13,-1.0,2.0,,,
-57.5,-60.87,3.37,-1.0,2.0,,,
-55.0,-58.74,3.74,-1.0,2.0,,,
-52.5,-56.74,4.24,-1.0,2.0,,,
-50.0,-54.87,4.87,-1.0,2.0,,,
-47.5,-53.13,5.63,-1.0,2.0,,,
-45.0,-51.52,6.52,-1.0,2.0,,,
-42.5,-50.16,7.66,-1.0,2.0,,,
-40.0,-50.01,10.01,-1.0,2.0,,,
-37.5,-49.81,12.31,-1.0,2.0,,,
-35.0,-49.7,14.7,-1.0,2.0,,,
-32.5,-49.58,17.08,-1.0,2.0,,,
-30.0,-49.34,19.34,-1.0,2.0,,,
-27.5,-48.86,21.36,-1.0,2.0,,,
-25.0,-48.14,23.14,-1.0,2.0,,,
-22.5,-47.26,24.76,-1.0,2.0,,,
-20.0,-46.27,26.27,-1.0,2.0,,,
-17.5,-45.21,27.71,-1.0,2.0,,,
-15.0,-44.1,29.1,-1.0,2.0,,,
-12.5,-42.95,30.45,-1.0,2.0,,,
-10.0,-41.77,31.77,-1.0,2.0,,,
-7.5,-40.58,33.08,-1.0,2.0,,,
-5.0,-39.36,34.36,-1.0,2.0,,,
-2.5,-38.12,35.62,-1.0,2.0,,,
0.0,-36.77,36.77,-1.0,2.0,,,
-60.0,-63.17,3.17,-1.0,3.0,,,
-57.5,-60.98,3.48,-1.0,3.0,,,
-55.0,-58.97,3.97,-1.0,3.0,,,
-52.5,-57.14,4.64,-1.0,3.0,,,
-50.0,-55.47,5.47,-1.0,3.0,,,
-47.5,-53.98,6.48,-1.0,3.0,,,
-45.0,-52.65,7.65,-1.0,3.0,,,
-42.5,-51.67,9.17,-1.0,3.0,,,
-40.0,-52.27,12.27,-1.0,3.0,,,
-37.5,-52.82,15.32,-1.0,3.0,,,
-35.0,-53.48,18.48,-1.0,3.0,,,
-32.5,-54.12,21.62,-1.0,3.0,,,
-30.0,-54.6,24.6,-1.0,3.0,,,
-27.5,-54.75,27.25,-1.0,3.0,,,
-25.0,-54.59,29.59,-1.0,3.0,,,
-22.5,-54.23,31.73,-1.0,3.0,,,
-20.0,-53.72,33.72,-1.0,3.0,,,
-17.5,-53.11,35.61,-1.0,3.0,,,
-15.0,-52.43,37.43,-1.0,3.0,,,
-12.5,-51.71,39.21,-1.0,3.0,,,
-10.0,-50.95,40.95,-1.0,3.0,,,
-7.5,-50.17,42.67,-1.0,3.0,,,
-5.0,-49.36,44.36,-1.0,3.0,,,
-2.5,-48.52,46.02,-1.0,3.0,,,
0.0,-47.57,47.57,-1.0,3.0,,,
-60.0,-63.19,3.19,-1.0,3.9,,,
-57.5,-61.04,3.54,-1.0,3.9,,,
-55.0,-59.09,4.09,-1.0,3.9,,,
-52.5,-57.33,4.83,-1.0,3.9,,,
-50.0,-55.77,5.77,-1.0,3.9,,,
-47.5,-54.4,6.9,-1.0,3.9,,,
-45.0,-53.22,8.22,-1.0,3.9,,,
-42.5,-52.42,9.92,-1.0,3.9,,,
-40.0,-53.4,13.4,-1.0,3.9,,,
-37.5,-54.32,16.82,-1.0,3.9,,,
-35.0,-55.36,20.36,-1.0,3.9,,,
-32.5,-56.37,23.87,-1.0,3.9,,,
-30.0,-57.21,27.21,-1.0,3.9,,,
-27.5,-57.68,30.18,-1.0,3.9,,,
-25.0,-57.8,32.8,-1.0,3.9,,,
-22.5,-57.69,35.19,-1.0,3.9,,,
-20.0,-57.41,37.41,-1.0,3.9,,,
-17.5,-57.03,39.53,-1.0,3.9,,,
-15.0,-56.57,41.57,-1.0,3.9,,,
-12.5,-56.06,43.56,-1.0,3.9,,,
-10.0,-55.5,45.5,-1.0,3.9,,,
-7.5,-54.92,47.42,-1.0,3.9,,,
-5.0,-54.31,49.31,-1.0,3.9,,,
-2.5,-53.67,51.17,-1.0,3.9,,,
0.0,-52.93,52.93,-1.0,3.9,,,
-60.0,-63.2,3.2,-1.0,4.8,,,
-57.5,-61.08,3.58,-1.0,4.8,,,
-55.0,-59.17,4.17,-1.0,4.8,,,
-52.5,-57.46,4.96,-1.0,4.8,,,
-50.0,-55.96,5.96,-1.0,4.8,,,
-47.5,-54.66,7.16,-1.0,4.8,,,
-45.0,-53.58,8.58,-1.0,4.8,,,
-42.5,-52.89,10.39,-1.0,4.8,,,
-40.0,-54.11,14.11,-1.0,4.8,,,
-37.5,-55.25,17.75,-1.0,4.8,,,
-35.0,-56.53,21.53,-1.0,4.8,,,
-32.5,-57.78,25.28,-1.0,4.8,,,
-30.0,-58.84,28.84,-1.0,4.8,,,
-27.5,-59.49,31.99,-1.0,4.8,,,
-25.0,-59.79,34.79,-1.0,4.8,,,
-22.5,-59.84,37.34,-1.0,4.8,,,
-20.0,-59.71,39.71,-1.0,4.8,,,
-17.5,-59.46,41.96,-1.0,4.8,,,
-15.0,-59.14,44.14,-1.0,4.8,,,
-12.5,-58.75,46.25,-1.0,4.8,,,
-10.0,-58.32,48.32,-1.0,4.8,,,
-7.5,-57.86,50.36,-1.0,4.8,,,
-5.0,-57.38,52.38,-1.0,4.8,,,
-2.5,-56.86,54.36,-1.0,4.8,,,
0.0,-56.24,56.24,-1.0,4.8,,,
-60.0,-63.21,3.21,-1.0,5.8,,,
-57.5,-61.1,3.6,-1.0,5.8,,,
-55.0,-59.21,4.21,-1.0,5.8,,,
-52.5,-57.54,5.04,-1.0,5.8,,,
-50.0,-56.08,6.08,-1.0,5.8,,,
-47.5,-54.84,7.34,-1.0,5.8,,,
-45.0,-53.81,8.81,-1.0,5.8,,,
-42.5,-53.2,10.7,-1.0,5.8,,,
-40.0,-54.58,14.58,-1.0,5.8,,,
-37.5,-55.88,18.38,-1.0,5.8,,,
-35.0,-57.31,22.31,-1.0,5.8,,,
-32.5,-58.72,26.22,-1.0,5.8,,,
-30.0,-59.92,29.92,-1.0,5.8,,,
-27.5,-60.71,33.21,-1.0,5.8,,,
-25.0,-61.12,36.12,-1.0,5.8,,,
-22.5,-61.27,38.77,-1.0,5.8,,,
-20.0,-61.24,41.24,-1.0,5.8,,,
-17.5,-61.09,43.59,-1.0,5.8,,,
-15.0,-60.85,45.85,-1.0,5.8,,,
-12.5,-60.55,48.05,-1.0,5.8,,,
-10.0,-60.21,50.21,-1.0,5.8,,,
-7.5,-59.84,52.34,-1.0,5.8,,,
-5.0,-59.44,54.44,-1.0,5.8,,,
-2.5,-59.0,56.5,-1.0,5.8,,,
0.0,-58.46,58.46,-1.0,5.8,,,
-60.0,-63.21,3.21,-1.0,6.7,,,
-57.5,-61.12,3.62,-1.0,6.7,,,
-55.0,-59.25,4.25,-1.0,6.7,,,
-52.5,-57.6,5.1,-1.0,6.7,,,
-50.0,-56.17,6.17,-1.0,6.7,,,
-47.5,-54.97,7.47,-1.0,6.7,,,
-45.0,-53.98,8.98,-1.0,6.7,,,
-42.5,-53.43,10.93,-1.0,6.7,,,
-40.0,-54.92,14.92,-1.0,6.7,,,
-37.5,-56.33,18.83,-1.0,6.7,,,
-35.0,-57.88,22.88,-1.0,6.7,,,
-32.5,-59.39,26.89,-1.0,6.7,,,
-30.0,-60.7,30.7,-1.0,6.7,,,
-27.5,-61.59,34.09,-1.0,6.7,,,
-25.0,-62.08,37.08,-1.0,6.7,,,
-22.5,-62.3,39.8,-1.0,6.7,,,
-20.0,-62.34,42.34,-1.0,6.7,,,
-17.5,-62.26,44.76,-1.0,6.7,,,
-15.0,-62.08,47.08,-1.0,6.7,,,
-12.5,-61.84,49.34,-1.0,6.7,,,
-10.0,-61.56,51.56,-1.0,6.7,,,
-7.5,-61.25,53.75,-1.0,6.7,,,
-5.0,-60.91,55.91,-1.0,6.7,,,
-2.5,-60.53,58.03,-1.0,6.7,,,
0.0,-60.05,60.05,-1.0,6.7,,,
-60.0,-63.22,3.22,-1.0,7.7,,,
-57.5,-61.13,3.63,-1.0,7.7,,,
-55.0,-59.28,4.28,-1.0,7.7,,,
-52.5,-57.65,5.15,-1.0,7.7,,,
-50.0,-56.24,6.24,-1.0,7.7,,,
-47.5,-55.06,7.56,-1.0,7.7,,,
-45.0,-54.11,9.11,-1.0,7.7,,,
-42.5,-53.6,11.1,-1.0,7.7,,,
-40.0,-55.18,15.18,-1.0,7.7,,,
-37.5,-56.67,19.17,-1.0,7.7,,,
-35.0,-58.3,23.3,-1.0,7.7,,,
-32.5,-59.9,27.4,-1.0,7.7,,,
-30.0,-61.29,31.29,-1.0,7.7,,,
-27.5,-62.25,34.75,-1.0,7.7,,,
-25.0,-62.8,37.8,-1.0,7.7,,,
-22.5,-63.08,40.58,-1.0,7.7,,,
-20.0,-63.18,43.18,-1.0,7.7,,,
-17.5,-63.14,45.64,-1.0,7.7,,,
-15.0,-63.01,48.01,-1.0,7.7,,,
-12.5,-62.82,50.32,-1.0,7.7,,,
-10.0,-62.59,52.59,-1.0,7.7,,,
-7.5,-62.32,54.82,-1.0,7.7,,,
-5.0,-62.02,57.02,-1.0,7.7,,,
-2.5,-61.69,59.19,-1.0,7.7,,,
0.0,-61.25,61.25,-1.0,7.7,,,
-60.0,-63.22,3.22,-1.0,8.6,,,
-57.5,-61.14,3.64,-1.0,8.6,,,
-55.0,-59.3,4.3,-1.0,8.6,,,
-52.5,-57.68,5.18,-1.0,8.6,,,
-50.0,-56.29,6.29,-1.0,8.6,,,
-47.5,-55.14,7.64,-1.0,8.6,,,
-45.0,-54.21,9.21,-1.0,8.6,,,
-42.5,-53.73,11.23,-1.0,8.6,,,
-40.0,-55.37,15.37,-1.0,8.6,,,
-37.5,-56.93,19.43,-1.0,8.6,,,
-35.0,-58.63,23.63,-1.0,8.6,,,
-32.5,-60.29,27.79,-1.0,8.6,,,
-30.0,-61.74,31.74,-1.0,8.6,,,
-27.5,-62.75,35.25,-1.0,8.6,,,
-25.0,-63.35,38.35,-1.0,8.6,,,
-22.5,-63.68,41.18,-1.0,8.6,,,
-20.0,-63.81,43.81,-1.0,8.6,,,
-17.5,-63.81,46.31,-1.0,8.6,,,
-15.0,-63.72,48.72,-1.0,8.6,,,
-12.5,-63.56,51.06,-1.0,8.6,,,
-10.0,-63.36,53.36,-1.0,8.6,,,
-7.5,-63.13,55.63,-1.0,8.6,,,
-5.0,-62.87,57.87,-1.0,8.6,,,
-2.5,-62.57,60.07,-1.0,8.6,,,
0.0,-62.17,62.17,-1.0,8.6,,,
-60.0,-63.22,3.22,-1.0,9.6,,,
-57.5,-61.15,3.65,-1.0,9.6,,,
-55.0,-59.31,4.31,-1.0,9.6,,,
-52.5,-57.71,5.21,-1.0,9.6,,,
-50.0,-56.34,6.34,-1.0,9.6,,,
-47.5,-55.2,7.7,-1.0,9.6,,,
-45.0,-54.29,9.29,-1.0,9.6,,,
-42.5,-53.84,11.34,-1.0,9.6,,,
-40.0,-55.54,15.54,-1.0,9.6,,,
-37.5,-57.15,19.65,-1.0,9.6,,,
-35.0,-58.9,23.9,-1.0,9.6,,,
-32.5,-60.62,28.12,-1.0,9.6,,,
-30.0,-62.12,32.12,-1.0,9.6,,,
-27.5,-63.17,35.67,-1.0,9.6,,,
-25.0,-63.81,38.81,-1.0,9.6,,,
-22.5,-64.17,41.67,-1.0,9.6,,,
-20.0,-64.34,44.34,-1.0,9.6,,,
-17.5,-64.37,46.87,-1.0,9.6,,,
-15.0,-64.31,49.31,-1.0,9.6,,,
-12.5,-64.19,51.69,-1.0,9.6,,,
-10.0,-64.01,54.01,-1.0,9.6,,,
-7.5,-63.81,56.31,-1.0,9.6,,,
-5.0,-63.57,58.57,-1.0,9.6,,,
-2.5,-63.3,60.8,-1.0,9.6,,,
0.0,-62.93,62.93,-1.0,9.6,,,
-60.0,-63.22,3.22,-1.0,10.5,,,
-57.5,-61.16,3.66,-1.0,10.5,,,
-55.0,-59.33,4.33,-1.0,10.5,,,
-52.5,-57.73,5.23,-1.0,10.5,,,
-50.0,-56.37,6.37,-1.0,10.5,,,
-47.5,-55.25,7.75,-1.0,10.5,,,
-45.0,-54.36,9.36,-1.0,10.5,,,
-42.5,-53.92,11.42,-1.0,10.5,,,
-40.0,-55.67,15.67,-1.0,10.5,,,
-37.5,-57.32,19.82,-1.0,10.5,,,
-35.0,-59.11,24.11,-1.0,10.5,,,
-32.5,-60.87,28.37,-1.0,10.5,,,
-30.0,-62.41,32.41,-1.0,10.5,,,
-27.5,-63.5,36.0,-1.0,10.5,,,
-25.0,-64.17,39.17,-1.0,10.5,,,
-22.5,-64.56,42.06,-1.0,10.5,,,
-20.0,-64.75,44.75,-1.0,10.5,,,
-17.5,-64.81,47.31,-1.0,10.5,,,
-15.0,-64.77,49.77,-1.0,10.5,,,
-12.5,-64.67,52.17,-1.0,10.5,,,
-10.0,-64.52,54.52,-1.0,10.5,,,
-7.5,-64.33,56.83,-1.0,10.5,,,
-5.0,-64.12,59.12,-1.0,10.5,,,
-2.5,-63.87,61.37,-1.0,10.5,,,
0.0,-63.53,63.53,-1.0,10.5,,,
-60.0,-63.23,3.23,-1.0,11.5,,,
-57.5,-61.16,3.66,-1.0,11.5,,,
-55.0,-59.34,4.34,-1.0,11.5,,,
-52.5,-57.75,5.25,-1.0,11.5,,,
-50.0,-56.4,6.4,-1.0,11.5,,,
-47.5,-55.29,7.79,-1.0,11.5,,,
-45.0,-54.41,9.41,-1.0,11.5,,,
-42.5,-54.0,11.5,-1.0,11.5,,,
-40.0,-55.77,15.77,-1.0,11.5,,,
-37.5,-57.46,19.96,-1.0,11.5,,,
-35.0,-59.29,24.29,-1.0,11.5,,,
-32.5,-61.09,28.59,-1.0,11.5,,,
-30.0,-62.66,32.66,-1.0,11.5,,,
-27.5,-63.78,36.28,-1.0,11.5,,,
-25.0,-64.47,39.47,-1.0,11.5,,,
-22.5,-64.89,42.39,-1.0,11.5,,,
-20.0,-65.1,45.1,-1.0,11.5,,,
-17.5,-65.18,47.68,-1.0,11.5,,,
-15.0,-65.16,50.16,-1.0,11.5,,,
-12.5,-65.08,52.58,-1.0,11.5,,,
-10.0,-64.95,54.95,-1.0,11.5,,,
-7.5,-64.78,57.28,-1.0,11.5,,,
-5.0,-64.59,59.59,-1.0,11.5,,,
-2.5,-64.36,61.86,-1.0,11.5,,,
0.0,-64.03,64.03,-1.0,11.5,,,
-60.0,-63.23,3.23,-1.0,12.4,,,
-57.5,-61.17,3.67,-1.0,12.4,,,
-55.0,-59.35,4.35,-1.0,12.4,,,
-52.5,-57.77,5.27,-1.0,12.4,,,
-50.0,-56.43,6.43,-1.0,12.4,,,
-47.5,-55.32,7.82,-1.0,12.4,,,
-45.0,-54.46,9.46,-1.0,12.4,,,
-42.5,-54.06,11.56,-1.0,12.4,,,
-40.0,-55.87,15.87,-1.0,12.4,,,
-37.5,-57.58,20.08,-1.0,12.4,,,
-35.0,-59.45,24.45,-1.0,12.4,,,
-32.5,-61.27,28.77,-1.0,12.4,,,
-30.0,-62.87,32.87,-1.0,12.4,,,
-27.5,-64.01,36.51,-1.0,12.4,,,
-25.0,-64.73,39.73,-1.0,12.4,,,
-22.5,-65.17,42.67,-1.0,12.4,,,
-20.0,-65.4,45.4,-1.0,12.4,,,
-17.5,-65.5,48.0,-1.0,12.4,,,
-15.0,-65.5,50.5,-1.0,12.4,,,
-12.5,-65.43,52.93,-1.0,12.4,,,
-10.0,-65.32,55.32,-1.0,12.4,,,
-7.5,-65.17,57.67,-1.0,12.4,,,
-5.0,-64.99,59.99,-1.0,12.4,,,
-2.5,-64.78,62.28,-1.0,12.4,,,
0.0,-64.46,64.46,-1.0,12.4,,,
-60.0,-63.23,3.23,-1.0,13.4,,,
-57.5,-61.17,3.67,-1.0,13.4,,,
-55.0,-59.36,4.36,-1.0,13.4,,,
-52.5,-57.78,5.28,-1.0,13.4,,,
-50.0,-56.45,6.45,-1.0,13.4,,,
-47.5,-55.35,7.85,-1.0,13.4,,,
-45.0,-54.5,9.5,-1.0,13.4,,,
-42.5,-54.11,11.61,-1.0,13.4,,,
-40.0,-55.95,15.95,-1.0,13.4,,,
-37.5,-57.69,20.19,-1.0,13.4,,,
-35.0,-59.58,24.58,-1.0,13.4,,,
-32.5,-61.43,28.93,-1.0,13.4,,,
-30.0,-63.06,33.06,-1.0,13.4,,,
-27.5,-64.22,36.72,-1.0,13.4,,,
-25.0,-64.97,39.97,-1.0,13.4,,,
-22.5,-65.42,42.92,-1.0,13.4,,,
-20.0,-65.67,45.67,-1.0,13.4,,,
-17.5,-65.78,48.28,-1.0,13.4,,,
-15.0,-65.79,50.79,-1.0,13.4,,,
-12.5,-65.74,53.24,-1.0,13.4,,,
-10.0,-65.64,55.64,-1.0,13.4,,,
-7.5,-65.51,58.01,-1.0,13.4,,,
-5.0,-65.35,60.35,-1.0,13.4,,,
-2.5,-65.15,62.65,-1.0,13.4,,,
0.0,-64.85,64.85,-1.0,13.4,,,
-60.0,-63.23,3.23,-1.0,14.3,,,
-57.5,-61.18,3.68,-1.0,14.3,,,
-55.0,-59.36,4.36,-1.0,14.3,,,
-52.5,-57.79,5.29,-1.0,14.3,,,
-50.0,-56.47,6.47,-1.0,14.3,,,
-47.5,-55.38,7.88,-1.0,14.3,,,
-45.0,-54.53,9.53,-1.0,14.3,,,
-42.5,-54.16,11.66,-1.0,14.3,,,
-40.0,-56.02,16.02,-1.0,14.3,,,
-37.5,-57.78,20.28,-1.0,14.3,,,
-35.0,-59.69,24.69,-1.0,14.3,,,
-32.5,-61.57,29.07,-1.0,14.3,,,
-30.0,-63.21,33.21,-1.0,14.3,,,
-27.5,-64.39,36.89,-1.0,14.3,,,
-25.0,-65.15,40.15,-1.0,14.3,,,
-22.5,-65.62,43.12,-1.0,14.3,,,
-20.0,-65.88,45.88,-1.0,14.3,,,
-17.5,-66.0,48.5,-1.0,14.3,,,
-15.0,-66.03,51.03,-1.0,14.3,,,
-12.5,-65.99,53.49,-1.0,14.3,,,
-10.0,-65.9,55.9,-1.0,14.3,,,
-7.5,-65.78,58.28,-1.0,14.3,,,
-5.0,-65.63,60.63,-1.0,14.3,,,
-2.5,-65.44,62.94,-1.0,14.3,,,
0.0,-65.15,65.15,-1.0,14.3,,,
-60.0,-63.23,3.23,-1.0,15.3,,,
-57.5,-61.18,3.68,-1.0,15.3,,,
-55.0,-59.37,4.37,-1.0,15.3,,,
-52.5,-57.8,5.3,-1.0,15.3,,,
-50.0,-56.48,6.48,-1.0,15.3,,,
-47.5,-55.4,7.9,-1.0,15.3,,,
-45.0,-54.56,9.56,-1.0,15.3,,,
-42.5,-54.2,11.7,-1.0,15.3,,,
-40.0,-56.08,16.08,-1.0,15.3,,,
-37.5,-57.86,20.36,-1.0,15.3,,,
-35.0,-59.79,24.79,-1.0,15.3,,,
-32.5,-61.68,29.18,-1.0,15.3,,,
-30.0,-63.35,33.35,-1.0,15.3,,,
-27.5,-64.55,37.05,-1.0,15.3,,,
-25.0,-65.32,40.32,-1.0,15.3,,,
-22.5,-65.8,43.3,-1.0,15.3,,,
-20.0,-66.07,46.07,-1.0,15.3,,,
-17.5,-66.21,48.71,-1.0,15.3,,,
-15.0,-66.25,51.25,-1.0,15.3,,,
-12.5,-66.22,53.72,-1.0,15.3,,,
-10.0,-66.14,56.14,-1.0,15.3,,,
-7.5,-66.03,58.53,-1.0,15.3,,,
-5.0,-65.89,60.89,-1.0,15.3,,,
-2.5,-65.71,63.21,-1.0,15.3,,,
0.0,-65.43,65.43,-1.0,15.3,,,
-60.0,-63.23,3.23,-1.0,16.2,,,
-57.5,-61.18,3.68,-1.0,16.2,,,
-55.0,-59.38,4.38,-1.0,16.2,,,
-52.5,-57.81,5.31,-1.0,16.2,,,
-50.0,-56.5,6.5,-1.0,16.2,,,
-47.5,-55.42,7.92,-1.0,16.2,,,
-45.0,-54.59,9.59,-1.0,16.2,,,
-42.5,-54.23,11.73,-1.0,16.2,,,
-40.0,-56.13,16.13,-1.0,16.2,,,
-37.5,-57.93,20.43,-1.0,16.2,,,
-35.0,-59.88,24.88,-1.0,16.2,,,
-32.5,-61.79,29.29,-1.0,16.2,,,
-30.0,-63.47,33.47,-1.0,16.2,,,
-27.5,-64.68,37.18,-1.0,16.2,,,
-25.0,-65.47,40.47,-1.0,16.2,,,
-22.5,-65.96,43.46,-1.0,16.2,,,
-20.0,-66.24,46.24,-1.0,16.2,,,
-17.5,-66.39,48.89,-1.0,16.2,,,
-15.0,-66.44,51.44,-1.0,16.2,,,
-12.5,-66.42,53.92,-1.0,16.2,,,
-10.0,-66.35,56.35,-1.0,16.2,,,
-7.5,-66.25,58.75,-1.0,16.2,,,
-5.0,-66.12,61.12,-1.0,16.2,,,
-2.5,-65.95,63.45,-1.0,16.2,,,
0.0,-65.68,65.68,-1.0,16.2,,,
-60.0,-63.23,3.23,-1.0,17.2,,,
-57.5,-61.18,3.68,-1.0,17.2,,,
-55.0,-59.38,4.38,-1.0,17.2,,,
-52.5,-57.82,5.32,-1.0,17.2,,,
-50.0,-56.51,6.51,-1.0,17.2,,,
-47.5,-55.44,7.94,-1.0,17.2,,,
-45.0,-54.62,9.62,-1.0,17.2,,,
-42.5,-54.27,11.77,-1.0,17.2,,,
-40.0,-56.18,16.18,-1.0,17.2,,,
-37.5,-57.99,20.49,-1.0,17.2,,,
-35.0,-59.96,24.96,-1.0,17.2,,,
-32.5,-61.89,29.39,-1.0,17.2,,,
-30.0,-63.59,33.59,-1.0,17.2,,,
-27.5,-64.81,37.31,-1.0,17.2,,,
-25.0,-65.61,40.61,-1.0,17.2,,,
-22.5,-66.11,43.61,-1.0,17.2,,,
-20.0,-66.4,46.4,-1.0,17.2,,,
-17.5,-66.56,49.06,-1.0,17.2,,,
-15.0,-66.62,51.62,-1.0,17.2,,,
-12.5,-66.61,54.11,-1.0,17.2,,,
-10.0,-66.55,56.55,-1.0,17.2,,,
-7.5,-66.45,58.95,-1.0,17.2,,,
-5.0,-66.33,61.33,-1.0,17.2,,,
-2.5,-66.17,63.67,-1.0,17.2,,,
0.0,-65.91,65.91,-1.0,17.2,,,
-60.0,-63.23,3.23,-1.0,18.1,,,
-57.5,-61.19,3.69,-1.0,18.1,,,
-55.0,-59.39,4.39,-1.0,18.1,,,
-52.5,-57.83,5.33,-1.0,18.1,,,
-50.0,-56.52,6.52,-1.0,18.1,,,
-47.5,-55.46,7.96,-1.0,18.1,,,
-45.0,-54.64,9.64,-1.0,18.1,,,
-42.5,-54.29,11.79,-1.0,18.1,,,
-40.0,-56.22,16.22,-1.0,18.1,,,
-37.5,-58.05,20.55,-1.0,18.1,,,
-35.0,-60.03,25.03,-1.0,18.1,,,
-32.5,-61.97,29.47,-1.0,18.1,,,
-30.0,-63.68,33.68,-1.0,18.1,,,
-27.5,-64.92,37.42,-1.0,18.1,,,
-25.0,-65.72,40.72,-1.0,18.1,,,
-22.5,-66.23,43.73,-1.0,18.1,,,
-20.0,-66.54,46.54,-1.0,18.1,,,
-17.5,-66.7,49.2,-1.0,18.1,,,
-15.0,-66.77,51.77,-1.0,18.1,,,
-12.5,-66.77,54.27,-1.0,18.1,,,
-10.0,-66.71,56.71,-1.0,18.1,,,
-7.5,-66.62,59.12,-1.0,18.1,,,
-5.0,-66.51,61.51,-1.0,18.1,,,
-2.5,-66.36,63.86,-1.0,18.1,,,
0.0,-66.1,66.1,-1.0,18.1,,,
-60.0,-63.23,3.23,-1.0,19.1,,,
-57.5,-61.19,3.69,-1.0,19.1,,,
-55.0,-59.39,4.39,-1.0,19.1,,,
-52.5,-57.84,5.34,-1.0,19.1,,,
-50.0,-56.53,6.53,-1.0,19.1,,,
-47.5,-55.47,7.97,-1.0,19.1,,,
-45.0,-54.66,9.66,-1.0,19.1,,,
-42.5,-54.32,11.82,-1.0,19.1,,,
-40.0,-56.26,16.26,-1.0,19.1,,,
-37.5,-58.1,20.6,-1.0,19.1,,,
-35.0,-60.09,25.09,-1.0,19.1,,,
-32.5,-62.04,29.54,-1.0,19.1,,,
-30.0,-63.77,33.77,-1.0,19.1,,,
-27.5,-65.01,37.51,-1.0,19.1,,,
-25.0,-65.83,40.83,-1.0,19.1,,,
-22.5,-66.34,43.84,-1.0,19.1,,,
-20.0,-66.66,46.66,-1.0,19.1,,,
-17.5,-66.83,49.33,-1.0,19.1,,,
-15.0,-66.9,51.9,-1.0,19.1,,,
-12.5,-66.9,54.4,-1.0,19.1,,,
-10.0,-66.86,56.86,-1.0,19.1,,,
-7.5,-66.78,59.28,-1.0,19.1,,,
-5.0,-66.67,61.67,-1.0,19.1,,,
-2.5,-66.52,64.02,-1.0,19.1,,,
0.0,-66.27,66.27,-1.0,19.1,,,
-60.0,-63.23,3.23,-1.0,20.0,,,
-57.5,-61.19,3.69,-1.0,20.0,,,
-55.0,-59.39,4.39,-1.0,20.0,,,
-52.5,-57.84,5.34,-1.0,20.0,,,
-50.0,-56.54,6.54,-1.0,20.0,,,
-47.5,-55.48,7.98,-1.0,20.0,,,
-45.0,-54.67,9.67,-1.0,20.0,,,
-42.5,-54.34,11.84,-1.0,20.0,,,
-40.0,-56.29,16.29,-1.0,20.0,,,
-37.5,-58.15,20.65,-1.0,20.0,,,
-35.0,-60.15,25.15,-1.0,20.0,,,
-32.5,-62.11,29.61,-1.0,20.0,,,
-30.0,-63.85,33.85,-1.0,20.0,,,
-27.5,-65.1,37.6,-1.0,20.0,,,
-25.0,-65.93,40.93,-1.0,20.0,,,
-22.5,-66.45,43.95,-1.0,20.0,,,
-20.0,-66.77,46.77,-1.0,20.0,,,
-17.5,-66.95,49.45,-1.0,20.0,,,
-15.0,-67.03,52.03,-1.0,20.0,,,
-12.5,-67.04,54.54,-1.0,20.0,,,
-10.0,-67.0,57.0,-1.0,20.0,,,
-7.5,-66.92,59.42,-1.0,20.0,,,
-5.0,-66.82,61.82,-1.0,20.0,,,
-2.5,-66.68,64.18,-1.0,20.0,,,
0.0,-66.44,66.44,-1.0,20.0,,,
-60.0,-63.01,3.01,-0.79,2.0,,,
-57.5,-60.51,3.01,-0.79,2.0,,,
-55.0,-58.09,3.09,-0.79,2.0,,,
-52.5,-55.81,3.31,-0.79,2.0,,,
-50.0,-53.66,3.66,-0.79,2.0,,,
-47.5,-51.65,4.15,-0.79,2.0,,,
-45.0,-49.78,4.78,-0.79,2.0,,,
-42.5,-48.14,5.64,-0.79,2.0,,,
-40.0,-47.55,7.55,-0.79,2.0,,,
-37.5,-47.29,9.79,-0.79,2.0,,,
-35.0,-47.19,12.19,-0.79,2.0,,,
-32.5,-47.07,14.57,-0.79,2.0,,,
-30.0,-46.83,16.83,-0.79,2.0,,,
-27.5,-46.35,18.85,-0.79,2.0,,,
-25.0,-45.63,20.63,-0.79,2.0,,,
-22.5,-44.76,22.26,-0.79,2.0,,,
-20.0,-43.77,23.77,-0.79,2.0,,,
-17.5,-42.71,25.21,-0.79,2.0,,,
-15.0,-41.6,26.6,-0.79,2.0,,,
-12.5,-40.45,27.95,-0.79,2.0,,,
-10.0,-39.28,29.28,-0.79,2.0,,,
-7.5,-38.08,30.58,-0.79,2.0,,,
-5.0,-36.87,31.87,-0.79,2.0,,,
-2.5,-35.63,33.13,-0.79,2.0,,,
0.0,-34.28,34.28,-0.79,2.0,,,
-60.0,-63.01,3.01,-0.79,3.0,,,
-57.5,-60.51,3.01,-0.79,3.0,,,
-55.0,-58.12,3.12,-0.79,3.0,,,
-52.5,-55.9,3.4,-0.79,3.0,,,
-50.0,-53.87,3.87,-0.79,3.0,,,
-47.5,-52.02,4.52,-0.79,3.0,,,
-45.0,-50.35,5.35,-0.79,3.0,,,
-42.5,-48.99,6.49,-0.79,3.0,,,
-40.0,-49.02,9.02,-0.79,3.0,,,
-37.5,-49.49,11.99,-0.79,3.0,,,
-35.0,-50.15,15.15,-0.79,3.0,,,
-32.5,-50.8,18.3,-0.79,3.0,,,
-30.0,-51.29,21.29,-0.79,3.0,,,
-27.5,-51.44,23.94,-0.79,3.0,,,
-25.0,-51.29,26.29,-0.79,3.0,,,
-22.5,-50.93,28.43,-0.79,3.0,,,
-20.0,-50.43,30.43,-0.79,3.0,,,
-17.5,-49.82,32.32,-0.79,3.0,,,
-15.0,-49.15,34.15,-0.79,3.0,,,
-12.5,-48.43,35.93,-0.79,3.0,,,
-10.0,-47.67,37.67,-0.79,3.0,,,
-7.5,-46.89,39.39,-0.79,3.0,,,
-5.0,-46.09,41.09,-0.79,3.0,,,
-2.5,-45.25,42.75,-0.79,3.0,,,
0.0,-44.31,44.31,-0.79,3.0,,,
-60.0,-63.01,3.01,-0.79,3.9,,,
-57.5,-60.51,3.01,-0.79,3.9,,,
-55.0,-58.13,3.13,-0.79,3.9,,,
-52.5,-55.95,3.45,-0.79,3.9,,,
-50.0,-53.98,3.98,-0.79,3.9,,,
-47.5,-52.21,4.71,-0.79,3.9,,,
-45.0,-50.64,5.64,-0.79,3.9,,,
-42.5,-49.41,6.91,-0.79,3.9,,,
-40.0,-49.76,9.76,-0.79,3.9,,,
-37.5,-50.59,13.09,-0.79,3.9,,,
-35.0,-51.63,16.63,-0.79,3.9,,,
-32.5,-52.66,20.16,-0.79,3.9,,,
-30.0,-53.51,23.51,-0.79,3.9,,,
-27.5,-53.98,26.48,-0.79,3.9,,,
-25.0,-54.11,29.11,-0.79,3.9,,,
-22.5,-54.0,31.5,-0.79,3.9,,,
-20.0,-53.74,33.74,-0.79,3.9,,,
-17.5,-53.36,35.86,-0.79,3.9,,,
-15.0,-52.9,37.9,-0.79,3.9,,,
-12.5,-52.39,39.89,-0.79,3.9,,,
-10.0,-51.84,41.84,-0.79,3.9,,,
-7.5,-51.26,43.76,-0.79,3.9,,,
-5.0,-50.66,45.66,-0.79,3.9,,,
-2.5,-50.02,47.52,-0.79,3.9,,,
0.0,-49.28,49.28,-0.79,3.9,,,
-60.0,-63.01,3.01,-0.79,4.8,,,
-57.5,-60.51,3.01,-0.79,4.8,,,
-55.0,-58.14,3.14,-0.79,4.8,,,
-52.5,-55.98,3.48,-0.79,4.8,,,
-50.0,-54.04,4.04,-0.79,4.8,,,
-47.5,-52.32,4.82,-0.79,4.8,,,
-45.0,-50.82,5.82,-0.79,4.8,,,
-42.5,-49.68,7.18,-0.79,4.8,,,
-40.0,-50.22,10.22,-0.79,4.8,,,
-37.5,-51.27,13.77,-0.79,4.8,,,
-35.0,-52.56,17.56,-0.79,4.8,,,
-32.5,-53.82,21.32,-0.79,4.8,,,
-30.0,-54.89,24.89,-0.79,4.8,,,
-27.5,-55.56,28.06,-0.79,4.8,,,
-25.0,-55.86,30.86,-0.79,4.8,,,
-22.5,-55.91,33.41,-0.79,4.8,,,
-20.0,-55.79,35.79,-0.79,4.8,,,
-17.5,-55.55,38.05,-0.79,4.8,,,
-15.0,-55.23,40.23,-0.79,4.8,,,
-12.5,-54.84,42.34,-0.79,4.8,,,
-10.0,-54.42,44.42,-0.79,4.8,,,
-7.5,-53.97,46.47,-0.79,4.8,,,
-5.0,-53.49,48.49,-0.79,4.8,,,
-2.5,-52.97,50.47,-0.79,4.8,,,
0.0,-52.36,52.36,-0.79,4.8,,,
-60.0,-63.01,3.01,-0.79,5.8,,,
-57.5,-60.51,3.01,-0.79,5.8,,,
-55.0,-58.14,3.14,-0.79,5.8,,,
-52.5,-56.0,3.5,-0.79,5.8,,,
-50.0,-54.09,4.09,-0.79,5.8,,,
-47.5,-52.4,4.9,-0.79,5.8,,,
-45.0,-50.94,5.94,-0.79,5.8,,,
-42.5,-49.86,7.36,-0.79,5.8,,,
-40.0,-50.53,10.53,-0.79,5.8,,,
-37.5,-51.73,14.23,-0.79,5.8,,,
-35.0,-53.17,18.17,-0.79,5.8,,,
-32.5,-54.59,22.09,-0.79,5.8,,,
-30.0,-55.81,25.81,-0.79,5.8,,,
-27.5,-56.61,29.11,-0.79,5.8,,,
-25.0,-57.03,32.03,-0.79,5.8,,,
-22.5,-57.19,34.69,-0.79,5.8,,,
-20.0,-57.16,37.16,-0.79,5.8,,,
-17.5,-57.02,39.52,-0.79,5.8,,,
-15.0,-56.78,41.78,-0.79,5.8,,,
-12.5,-56.49,43.99,-0.79,5.8,,,
-10.0,-56.15,46.15,-0.79,5.8,,,
-7.5,-55.78,48.28,-0.79,5.8,,,
-5.0,-55.38,50.38,-0.79,5.8,,,
-2.5,-54.95,52.45,-0.79,5.8,,,
0.0,-54.42,54.42,-0.79,5.8,,,
-60.0,-63.01,3.01,-0.79,6.7,,,
-57.5,-60.51,3.01,-0.79,6.7,,,
-55.0,-58.15,3.15,-0.79,6.7,,,
-52.5,-56.02,3.52,-0.79,6.7,,,
-50.0,-54.12,4.12,-0.79,6.7,,,
-47.5,-52.45,4.95,-0.79,6.7,,,
-45.0,-51.02,6.02,-0.79,6.7,,,
-42.5,-49.98,7.48,-0.79,6.7,,,
-40.0,-50.75,10.75,-0.79,6.7,,,
-37.5,-52.06,14.56,-0.79,6.7,,,
-35.0,-53.62,18.62,-0.79,6.7,,,
-32.5,-55.15,22.65,-0.79,6.7,,,
-30.0,-56.48,26.48,-0.79,6.7,,,
-27.5,-57.37,29.87,-0.79,6.7,,,
-25.0,-57.87,32.87,-0.79,6.7,,,
-22.5,-58.1,35.6,-0.79,6.7,,,
-20.0,-58.15,38.15,-0.79,6.7,,,
-17.5,-58.07,40.57,-0.79,6.7,,,
-15.0,-57.9,42.9,-0.79,6.7,,,
-12.5,-57.67,45.17,-0.79,6.7,,,
-10.0,-57.39,47.39,-0.79,6.7,,,
-7.5,-57.08,49.58,-0.79,6.7,,,
-5.0,-56.74,51.74,-0.79,6.7,,,
-2.5,-56.37,53.87,-0.79,6.7,,,
0.0,-55.89,55.89,-0.79,6.7,,,
-60.0,-63.01,3.01,-0.79,7.7,,,
-57.5,-60.51,3.01,-0.79,7.7,,,
-55.0,-58.15,3.15,-0.79,7.7,,,
-52.5,-56.03,3.53,-0.79,7.7,,,
-50.0,-54.14,4.14,-0.79,7.7,,,
-47.5,-52.5,5.0,-0.79,7.7,,,
-45.0,-51.09,6.09,-0.79,7.7,,,
-42.5,-50.08,7.58,-0.79,7.7,,,
-40.0,-50.91,10.91,-0.79,7.7,,,
-37.5,-52.31,14.81,-0.79,7.7,,,
-35.0,-53.96,18.96,-0.79,7.7,,,
-32.5,-55.57,23.07,-0.79,7.7,,,
-30.0,-56.98,26.98,-0.79,7.7,,,
-27.5,-57.94,30.44,-0.79,7.7,,,
-25.0,-58.51,33.51,-0.79,7.7,,,
-22.5,-58.8,36.3,-0.79,7.7,,,
-20.0,-58.9,38.9,-0.79,7.7,,,
-17.5,-58.86,41.36,-0.79,7.7,,,
-15.0,-58.74,43.74,-0.79,7.7,,,
-12.5,-58.56,46.06,-0.79,7.7,,,
-10.0,-58.33,48.33,-0.79,7.7,,,
-7.5,-58.06,50.56,-0.79,7.7,,,
-5.0,-57.77,52.77,-0.79,7.7,,,
-2.5,-57.44,54.94,-0.79,7.7,,,
0.0,-57.01,57.01,-0.79,7.7,,,
-60.0,-63.01,3.01,-0.79,8.6,,,
-57.5,-60.51,3.01,-0.79,8.6,,,
-55.0,-58.15,3.15,-0.79,8.6,,,
-52.5,-56.03,3.53,-0.79,8.6,,,
-50.0,-54.16,4.16,-0.79,8.6,,,
-47.5,-52.53,5.03,-0.79,8.6,,,
-45.0,-51.14,6.14,-0.79,8.6,,,
-42.5,-50.16,7.66,-0.79,8.6,,,
-40.0,-51.04,11.04,-0.79,8.6,,,
-37.5,-52.5,15.0,-0.79,8.6,,,
-35.0,-54.21,19.21,-0.79,8.6,,,
-32.5,-55.89,23.39,-0.79,8.6,,,
-30.0,-57.36,27.36,-0.79,8.6,,,
-27.5,-58.38,30.88,-0.79,8.6,,,
-25.0,-58.99,33.99,-0.79,8.6,,,
-22.5,-59.32,36.82,-0.79,8.6,,,
-20.0,-59.46,39.46,-0.79,8.6,,,
-17.5,-59.47,41.97,-0.79,8.6,,,
-15.0,-59.39,44.39,-0.79,8.6,,,
-12.5,-59.23,46.73,-0.79,8.6,,,
-10.0,-59.04,49.04,-0.79,8.6,,,
-7.5,-58.81,51.31,-0.79,8.6,,,
-5.0,-58.55,53.55,-0.79,8.6,,,
-2.5,-58.25,55.75,-0.79,8.6,,,
0.0,-57.86,57.86,-0.79,8.6,,,
-60.0,-63.01,3.01,-0.79,9.6,,,
-57.5,-60.51,3.01,-0.79,9.6,,,
-55.0,-58.15,3.15,-0.79,9.6,,,
-52.5,-56.04,3.54,-0.79,9.6,,,
-50.0,-54.18,4.18,-0.79,9.6,,,
-47.5,-52.55,5.05,-0.79,9.6,,,
-45.0,-51.18,6.18,-0.79,9.6,,,
-42.5,-50.22,7.72,-0.79,9.6,,,
-40.0,-51.15,11.15,-0.79,9.6,,,
-37.5,-52.66,15.16,-0.79,9.6,,,
-35.0,-54.43,19.43,-0.79,9.6,,,
-32.5,-56.16,23.66,-0.79,9.6,,,
-30.0,-57.68,27.68,-0.79,9.6,,,
-27.5,-58.75,31.25,-0.79,9.6,,,
-25.0,-59.4,34.4,-0.79,9.6,,,
-22.5,-59.77,37.27,-0.79,9.6,,,
-20.0,-59.94,39.94,-0.79,9.6,,,
-17.5,-59.98,42.48,-0.79,9.6,,,
-15.0,-59.92,44.92,-0.79,9.6,,,
-12.5,-59.8,47.3,-0.79,9.6,,,
-10.0,-59.63,49.63,-0.79,9.6,,,
-7.5,-59.43,51.93,-0.79,9.6,,,
-5.0,-59.2,54.2,-0.79,9.6,,,
-2.5,-58.94,56.44,-0.79,9.6,,,
0.0,-58.57,58.57,-0.79,9.6,,,
-60.0,-63.01,3.01,-0.79,10.5,,,
-57.5,-60.51,3.01,-0.79,10.5,,,
-55.0,-58.16,3.16,-0.79,10.5,,,
-52.5,-56.05,3.55,-0.79,10.5,,,
-50.0,-54.19,4.19,-0.79,10.5,,,
-47.5,-52.57,5.07,-0.79,10.5,,,
-45.0,-51.21,6.21,-0.79,10.5,,,
-42.5,-50.27,7.77,-0.79,10.5,,,
-40.0,-51.23,11.23,-0.79,10.5,,,
-37.5,-52.78,15.28,-0.79,10.5,,,
-35.0,-54.59,19.59,-0.79,10.5,,,
-32.5,-56.37,23.87,-0.79,10.5,,,
-30.0,-57.93,27.93,-0.79,10.5,,,
-27.5,-59.03,31.53,-0.79,10.5,,,
-25.0,-59.71,34.71,-0.79,10.5,,,
-22.5,-60.11,37.61,-0.79,10.5,,,
-20.0,-60.31,40.31,-0.79,10.5,,,
-17.5,-60.37,42.87,-0.79,10.5,,,
-15.0,-60.34,45.34,-0.79,10.5,,,
-12.5,-60.24,47.74,-0.79,10.5,,,
-10.0,-60.1,50.1,-0.79,10.5,,,
-7.5,-59.92,52.42,-0.79,10.5,,,
-5.0,-59.71,54.71,-0.79,10.5,,,
-2.5,-59.46,56.96,-0.79,10.5,,,
0.0,-59.12,59.12,-0.79,10.5,,,
-60.0,-63.01,3.01,-0.79,11.5,,,
-57.5,-60.51,3.01,-0.79,11.5,,,
-55.0,-58.16,3.16,-0.79,11.5,,,
-52.5,-56.05,3.55,-0.79,11.5,,,
-50.0,-54.2,4.2,-0.79,11.5,,,
-47.5,-52.59,5.09,-0.79,11.5,,,
-45.0,-51.24,6.24,-0.79,11.5,,,
-42.5,-50.31,7.81,-0.79,11.5,,,
-40.0,-51.3,11.3,-0.79,11.5,,,
-37.5,-52.88,15.38,-0.79,11.5,,,
-35.0,-54.73,19.73,-0.79,11.5,,,
-32.5,-56.55,24.05,-0.79,11.5,,,
-30.0,-58.14,28.14,-0.79,11.5,,,
-27.5,-59.27,31.77,-0.79,11.5,,,
-25.0,-59.98,34.98,-0.79,11.5,,,
-22.5,-60.4,37.9,-0.79,11.5,,,
-20.0,-60.62,40.62,-0.79,11.5,,,
-17.5,-60.7,43.2,-0.79,11.5,,,
-15.0,-60.69,45.69,-0.79,11.5,,,
-12.5,-60.62,48.12,-0.79,11.5,,,
-10.0,-60.49,50.49,-0.79,11.5,,,
-7.5,-60.33,52.83,-0.79,11.5,,,
-5.0,-60.14,55.14,-0.79,11.5,,,
-2.5,-59.91,57.41,-0.79,11.5,,,
0.0,-59.59,59.59,-0.79,11.5,,,
-60.0,-63.01,3.01,-0.79,12.4,,,
-57.5,-60.51,3.01,-0.79,12.4,,,
-55.0,-58.16,3.16,-0.79,12.4,,,
-52.5,-56.06,3.56,-0.79,12.4,,,
-50.0,-54.21,4.21,-0.79,12.4,,,
-47.5,-52.61,5.11,-0.79,12.4,,,
-45.0,-51.26,6.26,-0.79,12.4,,,
-42.5,-50.34,7.84,-0.79,12.4,,,
-40.0,-51.36,11.36,-0.79,12.4,,,
-37.5,-52.97,15.47,-0.79,12.4,,,
-35.0,-54.85,19.85,-0.79,12.4,,,
-32.5,-56.7,24.2,-0.79,12.4,,,
-30.0,-58.32,28.32,-0.79,12.4,,,
-27.5,-59.48,31.98,-0.79,12.4,,,
-25.0,-60.21,35.21,-0.79,12.4,,,
-22.5,-60.65,38.15,-0.79,12.4,,,
-20.0,-60.89,40.89,-0.79,12.4,,,
-17.5,-60.99,43.49,-0.79,12.4,,,
-15.0,-61.0,46.0,-0.79,12.4,,,
-12.5,-60.94,48.44,-0.79,12.4,,,
-10.0,-60.83,50.83,-0.79,12.4,,,
-7.5,-60.68,53.18,-0.79,12.4,,,
-5.0,-60.51,55.51,-0.79,12.4,,,
-2.5,-60.3,57.8,-0.79,12.4,,,
0.0,-59.99,59.99,-0.79,12.4,,,
-60.0,-63.01,3.01,-0.79,13.4,,,
-57.5,-60.51,3.01,-0.79,13.4,,,
-55.0,-58.16,3.16,-0.79,13.4,,,
-52.5,-56.06,3.56,-0.79,13.4,,,
-50.0,-54.21,4.21,-0.79,13.4,,,
-47.5,-52.62,5.12,-0.79,13.4,,,
-45.0,-51.28,6.28,-0.79,13.4,,,
-42.5,-50.37,7.87,-0.79,13.4,,,
-40.0,-51.42,11.42,-0.79,13.4,,,
-37.5,-53.05,15.55,-0.79,13.4,,,
-35.0,-54.96,19.96,-0.79,13.4,,,
-32.5,-56.84,24.34,-0.79,13.4,,,
-30.0,-58.48,28.48,-0.79,13.4,,,
-27.5,-59.66,32.16,-0.79,13.4,,,
-25.0,-60.41,35.41,-0.79,13.4,,,
-22.5,-60.87,38.37,-0.79,13.4,,,
-20.0,-61.13,41.13,-0.79,13.4,,,
-17.5,-61.25,43.75,-0.79,13.4,,,
-15.0,-61.27,46.27,-0.79,13.4,,,
-12.5,-61.22,48.72,-0.79,13.4,,,
-10.0,-61.13,51.13,-0.79,13.4,,,
-7.5,-61.0,53.5,-0.79,13.4,,,
-5.0,-60.84,55.84,-0.79,13.4,,,
-2.5,-60.64,58.14,-0.79,13.4,,,
0.0,-60.34,60.34,-0.79,13.4,,,
-60.0,-63.01,3.01,-0.79,14.3,,,
-57.5,-60.51,3.01,-0.79,14.3,,,
-55.0,-58.16,3.16,-0.79,14.3,,,
-52.5,-56.06,3.56,-0.79,14.3,,,
-50.0,-54.22,4.22,-0.79,14.3,,,
-47.5,-52.63,5.13,-0.79,14.3,,,
-45.0,-51.3,6.3,-0.79,14.3,,,
-42.5,-50.4,7.9,-0.79,14.3,,,
-40.0,-51.46,11.46,-0.79,14.3,,,
-37.5,-53.12,15.62,-0.79,14.3,,,
-35.0,-55.05,20.05,-0.79,14.3,,,
-32.5,-56.94,24.44,-0.79,14.3,,,
-30.0,-58.61,28.61,-0.79,14.3,,,
-27.5,-59.81,32.31,-0.79,14.3,,,
-25.0,-60.57,35.57,-0.79,14.3,,,
-22.5,-61.05,38.55,-0.79,14.3,,,
-20.0,-61.32,41.32,-0.79,14.3,,,
-17.5,-61.45,43.95,-0.79,14.3,,,
-15.0,-61.48,46.48,-0.79,14.3,,,
-12.5,-61.45,48.95,-0.79,14.3,,,
-10.0,-61.37,51.37,-0.79,14.3,,,
-7.5,-61.25,53.75,-0.79,14.3,,,
-5.0,-61.1,56.1,-0.79,14.3,,,
-2.5,-60.92,58.42,-0.79,14.3,,,
0.0,-60.63,60.63,-0.79,14.3,,,
-60.0,-63.01,3.01,-0.79,15.3,,,
-57.5,-60.51,3.01,-0.79,15.3,,,
-55.0,-58.16,3.16,-0.79,15.3,,,
-52.5,-56.06,3.56,-0.79,15.3,,,
-50.0,-54.23,4.23,-0.79,15.3,,,
-47.5,-52.64,5.14,-0.79,15.3,,,
-45.0,-51.32,6.32,-0.79,15.3,,,
-42.5,-50.42,7.92,-0.79,15.3,,,
-40.0,-51.5,11.5,-0.79,15.3,,,
-37.5,-53.18,15.68,-0.79,15.3,,,
-35.0,-55.13,20.13,-0.79,15.3,,,
-32.5,-57.04,24.54,-0.79,15.3,,,
-30.0,-58.73,28.73,-0.79,15.3,,,
-27.5,-59.94,32.44,-0.79,15.3,,,
-25.0,-60.72,35.72,-0.79,15.3,,,
-22.5,-61.21,38.71,-0.79,15.3,,,
-20.0,-61.49,41.49,-0.79,15.3,,,
-17.5,-61.63,44.13,-0.79,15.3,,,
-15.0,-61.68,46.68,-0.79,15.3,,,
-12.5,-61.66,49.16,-0.79,15.3,,,
-10.0,-61.58,51.58,-0.79,15.3,,,
-7.5,-61.47,53.97,-0.79,15.3,,,
-5.0,-61.34,56.34,-0.79,15.3,,,
-2.5,-61.16,58.66,-0.79,15.3,,,
0.0,-60.89,60.89,-0.79,15.3,,,
-60.0,-63.01,3.01,-0.79,16.2,,,
-57.5,-60.51,3.01,-0.79,16.2,,,
-55.0,-58.16,3.16,-0.79,16.2,,,
-52.5,-56.07,3.57,-0.79,16.2,,,
-50.0,-54.23,4.23,-0.79,16.2,,,
-47.5,-52.65,5.15,-0.79,16.2,,,
-45.0,-51.33,6.33,-0.79,16.2,,,
-42.5,-50.44,7.94,-0.79,16.2,,,
-40.0,-51.53,11.53,-0.79,16.2,,,
-37.5,-53.23,15.73,-0.79,16.2,,,
-35.0,-55.2,20.2,-0.79,16.2,,,
-32.5,-57.13,24.63,-0.79,16.2,,,
-30.0,-58.83,28.83,-0.79,16.2,,,
-27.5,-60.06,32.56,-0.79,16.2,,,
-25.0,-60.85,35.85,-0.79,16.2,,,
-22.5,-61.35,38.85,-0.79,16.2,,,
-20.0,-61.65,41.65,-0.79,16.2,,,
-17.5,-61.8,44.3,-0.79,16.2,,,
-15.0,-61.85,46.85,-0.79,16.2,,,
-12.5,-61.84,49.34,-0.79,16.2,,,
-10.0,-61.78,51.78,-0.79,16.2,,,
-7.5,-61.68,54.18,-0.79,16.2,,,
-5.0,-61.55,56.55,-0.79,16.2,,,
-2.5,-61.39,58.89,-0.79,16.2,,,
0.0,-61.12,61.12,-0.79,16.2,,,
-60.0,-63.01,3.01,-0.79,17.2,,,
-57.5,-60.51,3.01,-0.79,17.2,,,
-55.0,-58.16,3.16,-0.79,17.2,,,
-52.5,-56.07,3.57,-0.79,17.2,,,
-50.0,-54.23,4.23,-0.79,17.2,,,
-47.5,-52.66,5.16,-0.79,17.2,,,
-45.0,-51.34,6.34,-0.79,17.2,,,
-42.5,-50.46,7.96,-0.79,17.2,,,
-40.0,-51.56,11.56,-0.79,17.2,,,
-37.5,-53.28,15.78,-0.79,17.2,,,
-35.0,-55.26,20.26,-0.79,17.2,,,
-32.5,-57.21,24.71,-0.79,17.2,,,
-30.0,-58.93,28.93,-0.79,17.2,,,
-27.5,-60.17,32.67,-0.79,17.2,,,
-25.0,-60.98,35.98,-0.79,17.2,,,
-22.5,-61.48,38.98,-0.79,17.2,,,
-20.0,-61.79,41.79,-0.79,17.2,,,
-17.5,-61.95,44.45,-0.79,17.2,,,
-15.0,-62.02,47.02,-0.79,17.2,,,
-12.5,-62.01,49.51,-0.79,17.2,,,
-10.0,-61.96,51.96,-0.79,17.2,,,
-7.5,-61.86,54.36,-0.79,17.2,,,
-5.0,-61.75,56.75,-0.79,17.2,,,
-2.5,-61.59,59.09,-0.79,17.2,,,
0.0,-61.33,61.33,-0.79,17.2,,,
-60.0,-63.01,3.01,-0.79,18.1,,,
-57.5,-60.51,3.01,-0.79,18.1,,,
-55.0,-58.16,3.16,-0.79,18.1,,,
-52.5,-56.07,3.57,-0.79,18.1,,,
-50.0,-54.24,4.24,-0.79,18.1,,,
-47.5,-52.67,5.17,-0.79,18.1,,,
-45.0,-51.35,6.35,-0.79,18.1,,,
-42.5,-50.47,7.97,-0.79,18.1,,,
-40.0,-51.59,11.59,-0.79,18.1,,,
-37.5,-53.32,15.82,-0.79,18.1,,,
-35.0,-55.32,20.32,-0.79,18.1,,,
-32.5,-57.28,24.78,-0.79,18.1,,,
-30.0,-59.01,29.01,-0.79,18.1,,,
-27.5,-60.26,32.76,-0.79,18.1,,,
-25.0,-61.08,36.08,-0.79,18.1,,,
-22.5,-61.6,39.1,-0.79,18.1,,,
-20.0,-61.91,41.91,-0.79,18.1,,,
-17.5,-62.08,44.58,-0.79,18.1,,,
-15.0,-62.15,47.15,-0.79,18.1,,,
-12.5,-62.15,49.65,-0.79,18.1,,,
-10.0,-62.11,52.11,-0.79,18.1,,,
-7.5,-62.02,54.52,-0.79,18.1,,,
-5.0,-61.91,56.91,-0.79,18.1,,,
-2.5,-61.76,59.26,-0.79,18.1,,,
0.0,-61.51,61.51,-0.79,18.1,,,
-60.0,-63.01,3.01,-0.79,19.1,,,
-57.5,-60.51,3.01,-0.79,19.1,,,
-55.0,-58.16,3.16,-0.79,19.1,,,
-52.5,-56.07,3.57,-0.79,19.1,,,
-50.0,-54.24,4.24,-0.79,19.1,,,
-47.5,-52.67,5.17,-0.79,19.1,,,
-45.0,-51.36,6.36,-0.79,19.1,,,
-42.5,-50.49,7.99,-0.79,19.1,,,
-40.0,-51.62,11.62,-0.79,19.1,,,
-37.5,-53.35,15.85,-0.79,19.1,,,
-35.0,-55.36,20.36,-0.79,19.1,,,
-32.5,-57.34,24.84,-0.79,19.1,,,
-30.0,-59.08,29.08,-0.79,19.1,,,
-27.5,-60.34,32.84,-0.79,19.1,,,
-25.0,-61.17,36.17,-0.79,19.1,,,
-22.5,-61.7,39.2,-0.79,19.1,,,
-20.0,-62.01,42.01,-0.79,19.1,,,
-17.5,-62.19,44.69,-0.79,19.1,,,
-15.0,-62.27,47.27,-0.79,19.1,,,
-12.5,-62.28,49.78,-0.79,19.1,,,
-10.0,-62.24,52.24,-0.79,19.1,,,
-7.5,-62.16,54.66,-0.79,19.1,,,
-5.0,-62.06,57.06,-0.79,19.1,,,
-2.5,-61.92,59.42,-0.79,19.1,,,
0.0,-61.67,61.67,-0.79,19.1,,,
-60.0,-63.01,3.01,-0.79,20.0,,,
-57.5,-60.51,3.01,-0.79,20.0,,,
-55.0,-58.16,3.16,-0.79,20.0,,,
-52.5,-56.07,3.57,-0.79,20.0,,,
-50.0,-54.25,4.25,-0.79,20.0,,,
-47.5,-52.68,5.18,-0.79,20.0,,,
-45.0,-51.37,6.37,-0.79,20.0,,,
-42.5,-50.5,8.0,-0.79,20.0,,,
-40.0,-51.64,11.64,-0.79,20.0,,,
-37.5,-53.39,15.89,-0.79,20.0,,,
-35.0,-55.41,20.41,-0.79,20.0,,,
-32.5,-57.4,24.9,-0.79,20.0,,,
-30.0,-59.15,29.15,-0.79,20.0,,,
-27.5,-60.42,32.92,-0.79,20.0,,,
-25.0,-61.26,36.26,-0.79,20.0,,,
-22.5,-61.79,39.29,-0.79,20.0,,,
-20.0,-62.12,42.12,-0.79,20.0,,,
-17.5,-62.3,44.8,-0.79,20.0,,,
-15.0,-62.39,47.39,-0.79,20.0,,,
-12.5,-62.4,49.9,-0.79,20.0,,,
-10.0,-62.37,52.37,-0.79,20.0,,,
-7.5,-62.3,54.8,-0.79,20.0,,,
-5.0,-62.2,57.2,-0.79,20.0,,,
-2.5,-62.06,59.56,-0.79,20.0,,,
0.0,-61.82,61.82,-0.79,20.0,,,
-60.0,-63.01,3.01,-0.58,2.0,,,
-57.5,-60.51,3.01,-0.58,2.0,,,
-55.0,-58.01,3.01,-0.58,2.0,,,
-52.5,-55.51,3.01,-0.58,2.0,,,
-50.0,-53.06,3.06,-0.58,2.0,,,
-47.5,-50.75,3.25,-0.58,2.0,,,
-45.0,-48.58,3.58,-0.58,2.0,,,
-42.5,-46.63,4.13,-0.58,2.0,,,
-40.0,-45.51,5.51,-0.58,2.0,,,
-37.5,-44.83,7.33,-0.58,2.0,,,
-35.0,-44.67,9.67,-0.58,2.0,,,
-32.5,-44.55,12.05,-0.58,2.0,,,
-30.0,-44.32,14.32,-0.58,2.0,,,
-27.5,-43.84,16.34,-0.58,2.0,,,
-25.0,-43.12,18.12,-0.58,2.0,,,
-22.5,-42.25,19.75,-0.58,2.0,,,
-20.0,-41.26,21.26,-0.58,2.0,,,
-17.5,-40.21,22.71,-0.58,2.0,,,
-15.0,-39.1,24.1,-0.58,2.0,,,
-12.5,-37.95,25.45,-0.58,2.0,,,
-10.0,-36.78,26.78,-0.58,2.0,,,
-7.5,-35.59,28.09,-0.58,2.0,,,
-5.0,-34.38,29.38,-0.58,2.0,,,
-2.5,-33.13,30.63,-0.58,2.0,,,
0.0,-31.79,31.79,-0.58,2.0,,,
-60.0,-63.01,3.01,-0.58,3.0,,,
-57.5,-60.51,3.01,-0.58,3.0,,,
-55.0,-58.01,3.01,-0.58,3.0,,,
-52.5,-55.51,3.01,-0.58,3.0,,,
-50.0,-53.07,3.07,-0.58,3.0,,,
-47.5,-50.83,3.33,-0.58,3.0,,,
-45.0,-48.77,3.77,-0.58,3.0,,,
-42.5,-46.99,4.49,-0.58,3.0,,,
-40.0,-46.32,6.32,-0.58,3.0,,,
-37.5,-46.23,8.73,-0.58,3.0,,,
-35.0,-46.82,11.82,-0.58,3.0,,,
-32.5,-47.48,14.98,-0.58,3.0,,,
-30.0,-47.97,17.97,-0.58,3.0,,,
-27.5,-48.13,20.63,-0.58,3.0,,,
-25.0,-47.99,22.99,-0.58,3.0,,,
-22.5,-47.63,25.13,-0.58,3.0,,,
-20.0,-47.13,27.13,-0.58,3.0,,,
-17.5,-46.53,29.03,-0.58,3.0,,,
-15.0,-45.86,30.86,-0.58,3.0,,,
-12.5,-45.14,32.64,-0.58,3.0,,,
-10.0,-44.39,34.39,-0.58,3.0,,,
-7.5,-43.61,36.11,-0.58,3.0,,,
-5.0,-42.81,37.81,-0.58,3.0,,,
-2.5,-41.97,39.47,-0.58,3.0,,,
0.0,-41.03,41.03,-0.58,3.0,,,
-60.0,-63.01,3.01,-0.58,3.9,,,
-57.5,-60.51,3.01,-0.58,3.9,,,
-55.0,-58.01,3.01,-0.58,3.9,,,
-52.5,-55.51,3.01,-0.58,3.9,,,
-50.0,-53.08,3.08,-0.58,3.9,,,
-47.5,-50.86,3.36,-0.58,3.9,,,
-45.0,-48.86,3.86,-0.58,3.9,,,
-42.5,-47.17,4.67,-0.58,3.9,,,
-40.0,-46.73,6.73,-0.58,3.9,,,
-37.5,-46.93,9.43,-0.58,3.9,,,
-35.0,-47.9,12.9,-0.58,3.9,,,
-32.5,-48.94,16.44,-0.58,3.9,,,
-30.0,-49.79,19.79,-0.58,3.9,,,
-27.5,-50.27,22.77,-0.58,3.9,,,
-25.0,-50.41,25.41,-0.58,3.9,,,
-22.5,-50.31,27.81,-0.58,3.9,,,
-20.0,-50.05,30.05,-0.58,3.9,,,
-17.5,-49.67,32.17,-0.58,3.9,,,
-15.0,-49.22,34.22,-0.58,3.9,,,
-12.5,-48.71,36.21,-0.58,3.9,,,
-10.0,-48.17,38.17,-0.58,3.9,,,
-7.5,-47.59,40.09,-0.58,3.9,,,
-5.0,-46.99,41.99,-0.58,3.9,,,
-2.5,-46.36,43.86,-0.58,3.9,,,
0.0,-45.62,45.62,-0.58,3.9,,,
-60.0,-63.01,3.01,-0.58,4.8,,,
-57.5,-60.51,3.01,-0.58,4.8,,,
-55.0,-58.01,3.01,-0.58,4.8,,,
-52.5,-55.51,3.01,-0.58,4.8,,,
-50.0,-53.09,3.09,-0.58,4.8,,,
-47.5,-50.89,3.39,-0.58,4.8,,,
-45.0,-48.92,3.92,-0.58,4.8,,,
-42.5,-47.28,4.78,-0.58,4.8,,,
-40.0,-46.98,6.98,-0.58,4.8,,,
-37.5,-47.37,9.87,-0.58,4.8,,,
-35.0,-48.57,13.57,-0.58,4.8,,,
-32.5,-49.85,17.35,-0.58,4.8,,,
-30.0,-50.93,20.93,-0.58,4.8,,,
-27.5,-51.6,24.1,-0.58,4.8,,,
-25.0,-51.92,26.92,-0.58,4.8,,,
-22.5,-51.98,29.48,-0.58,4.8,,,
-20.0,-51.86,31.86,-0.58,4.8,,,
-17.5,-51.62,34.12,-0.58,4.8,,,
-15.0,-51.31,36.31,-0.58,4.8,,,
-12.5,-50.93,38.43,-0.58,4.8,,,
-10.0,-50.51,40.51,-0.58,4.8,,,
-7.5,-50.06,42.56,-0.58,4.8,,,
-5.0,-49.59,44.59,-0.58,4.8,,,
-2.5,-49.07,46.57,-0.58,4.8,,,
0.0,-48.46,48.46,-0.58,4.8,,,
-60.0,-63.01,3.01,-0.58,5.8,,,
-57.5,-60.51,3.01,-0.58,5.8,,,
-55.0,-58.01,3.01,-0.58,5.8,,,
-52.5,-55.51,3.01,-0.58,5.8,,,
-50.0,-53.09,3.09,-0.58,5.8,,,
-47.5,-50.9,3.4,-0.58,5.8,,,
-45.0,-48.96,3.96,-0.58,5.8,,,
-42.5,-47.36,4.86,-0.58,5.8,,,
-40.0,-47.15,7.15,-0.58,5.8,,,
-37.5,-47.66,10.16,-0.58,5.8,,,
-35.0,-49.02,14.02,-0.58,5.8,,,
-32.5,-50.46,17.96,-0.58,5.8,,,
-30.0,-51.69,21.69,-0.58,5.8,,,
-27.5,-52.5,25.0,-0.58,5.8,,,
-25.0,-52.93,27.93,-0.58,5.8,,,
-22.5,-53.09,30.59,-0.58,5.8,,,
-20.0,-53.07,33.07,-0.58,5.8,,,
-17.5,-52.93,35.43,-0.58,5.8,,,
-15.0,-52.7,37.7,-0.58,5.8,,,
-12.5,-52.41,39.91,-0.58,5.8,,,
-10.0,-52.08,42.08,-0.58,5.8,,,
-7.5,-51.71,44.21,-0.58,5.8,,,
-5.0,-51.32,46.32,-0.58,5.8,,,
-2.5,-50.89,48.39,-0.58,5.8,,,
0.0,-50.36,50.36,-0.58,5.8,,,
-60.0,-63.01,3.01,-0.58,6.7,,,
-57.5,-60.51,3.01,-0.58,6.7,,,
-55.0,-58.01,3.01,-0.58,6.7,,,
-52.5,-55.51,3.01,-0.58,6.7,,,
-50.0,-53.09,3.09,-0.58,6.7,,,
-47.5,-50.92,3.42,-0.58,6.7,,,
-45.0,-48.99,3.99,-0.58,6.7,,,
-42.5,-47.41,4.91,-0.58,6.7,,,
-40.0,-47.27,7.27,-0.58,6.7,,,
-37.5,-47.87,10.37,-0.58,6.7,,,
-35.0,-49.34,14.34,-0.58,6.7,,,
-32.5,-50.89,18.39,-0.58,6.7,,,
-30.0,-52.23,22.23,-0.58,6.7,,,
-27.5,-53.14,25.64,-0.58,6.7,,,
-25.0,-53.65,28.65,-0.58,6.7,,,
-22.5,-53.89,31.39,-0.58,6.7,,,
-20.0,-53.94,33.94,-0.58,6.7,,,
-17.5,-53.87,36.37,-0.58,6.7,,,
-15.0,-53.7,38.7,-0.58,6.7,,,
-12.5,-53.48,40.98,-0.58,6.7,,,
-10.0,-53.2,43.2,-0.58,6.7,,,
-7.5,-52.9,45.4,-0.58,6.7,,,
-5.0,-52.57,47.57,-0.58,6.7,,,
-2.5,-52.2,49.7,-0.58,6.7,,,
0.0,-51.72,51.72,-0.58,6.7,,,
-60.0,-63.01,3.01,-0.58,7.7,,,
-57.5,-60.51,3.01,-0.58,7.7,,,
-55.0,-58.01,3.01,-0.58,7.7,,,
-52.5,-55.51,3.01,-0.58,7.7,,,
-50.0,-53.09,3.09,-0.58,7.7,,,
-47.5,-50.92,3.42,-0.58,7.7,,,
-45.0,-49.01,4.01,-0.58,7.7,,,
-42.5,-47.45,4.95,-0.58,7.7,,,
-40.0,-47.36,7.36,-0.58,7.7,,,
-37.5,-48.03,10.53,-0.58,7.7,,,
-35.0,-49.59,14.59,-0.58,7.7,,,
-32.5,-51.22,18.72,-0.58,7.7,,,
-30.0,-52.64,22.64,-0.58,7.7,,,
-27.5,-53.62,26.12,-0.58,7.7,,,
-25.0,-54.2,29.2,-0.58,7.7,,,
-22.5,-54.5,32.0,-0.58,7.7,,,
-20.0,-54.6,34.6,-0.58,7.7,,,
-17.5,-54.58,37.08,-0.58,7.7,,,
-15.0,-54.46,39.46,-0.58,7.7,,,
-12.5,-54.28,41.78,-0.58,7.7,,,
-10.0,-54.06,44.06,-0.58,7.7,,,
-7.5,-53.79,46.29,-0.58,7.7,,,
-5.0,-53.51,48.51,-0.58,7.7,,,
-2.5,-53.18,50.68,-0.58,7.7,,,
0.0,-52.76,52.76,-0.58,7.7,,,
-60.0,-63.01,3.01,-0.58,8.6,,,
-57.5,-60.51,3.01,-0.58,8.6,,,
-55.0,-58.01,3.01,-0.58,8.6,,,
-52.5,-55.51,3.01,-0.58,8.6,,,
-50.0,-53.1,3.1,-0.58,8.6,,,
-47.5,-50.93,3.43,-0.58,8.6,,,
-45.0,-49.02,4.02,-0.58,8.6,,,
-42.5,-47.48,4.98,-0.58,8.6,,,
-40.0,-47.43,7.43,-0.58,8.6,,,
-37.5,-48.15,10.65,-0.58,8.6,,,
-35.0,-49.78,14.78,-0.58,8.6,,,
-32.5,-51.48,18.98,-0.58,8.6,,,
-30.0,-52.96,22.96,-0.58,8.6,,,
-27.5,-53.99,26.49,-0.58,8.6,,,
-25.0,-54.62,29.62,-0.58,8.6,,,
-22.5,-54.96,32.46,-0.58,8.6,,,
-20.0,-55.1,35.1,-0.58,8.6,,,
-17.5,-55.12,37.62,-0.58,8.6,,,
-15.0,-55.04,40.04,-0.58,8.6,,,
-12.5,-54.89,42.39,-0.58,8.6,,,
-10.0,-54.7,44.7,-0.58,8.6,,,
-7.5,-54.48,46.98,-0.58,8.6,,,
-5.0,-54.22,49.22,-0.58,8.6,,,
-2.5,-53.93,51.43,-0.58,8.6,,,
0.0,-53.54,53.54,-0.58,8.6,,,
-60.0,-63.01,3.01,-0.58,9.6,,,
-57.5,-60.51,3.01,-0.58,9.6,,,
-55.0,-58.01,3.01,-0.58,9.6,,,
-52.5,-55.51,3.01,-0.58,9.6,,,
-50.0,-53.1,3.1,-0.58,9.6,,,
-47.5,-50.94,3.44,-0.58,9.6,,,
-45.0,-49.04,4.04,-0.58,9.6,,,
-42.5,-47.51,5.01,-0.58,9.6,,,
-40.0,-47.49,7.49,-0.58,9.6,,,
-37.5,-48.25,10.75,-0.58,9.6,,,
-35.0,-49.93,14.93,-0.58,9.6,,,
-32.5,-51.69,19.19,-0.58,9.6,,,
-30.0,-53.22,23.22,-0.58,9.6,,,
-27.5,-54.3,26.8,-0.58,9.6,,,
-25.0,-54.96,29.96,-0.58,9.6,,,
-22.5,-55.34,32.84,-0.58,9.6,,,
-20.0,-55.52,35.52,-0.58,9.6,,,
-17.5,-55.57,38.07,-0.58,9.6,,,
-15.0,-55.52,40.52,-0.58,9.6,,,
-12.5,-55.41,42.91,-0.58,9.6,,,
-10.0,-55.24,45.24,-0.58,9.6,,,
-7.5,-55.05,47.55,-0.58,9.6,,,
-5.0,-54.82,49.82,-0.58,9.6,,,
-2.5,-54.56,52.06,-0.58,9.6,,,
0.0,-54.19,54.19,-0.58,9.6,,,
-60.0,-63.01,3.01,-0.58,10.5,,,
-57.5,-60.51,3.01,-0.58,10.5,,,
-55.0,-58.01,3.01,-0.58,10.5,,,
-52.5,-55.51,3.01,-0.58,10.5,,,
-50.0,-53.1,3.1,-0.58,10.5,,,
-47.5,-50.94,3.44,-0.58,10.5,,,
-45.0,-49.05,4.05,-0.58,10.5,,,
-42.5,-47.53,5.03,-0.58,10.5,,,
-40.0,-47.54,7.54,-0.58,10.5,,,
-37.5,-48.33,10.83,-0.58,10.5,,,
-35.0,-50.05,15.05,-0.58,10.5,,,
-32.5,-51.85,19.35,-0.58,10.5,,,
-30.0,-53.43,23.43,-0.58,10.5,,,
-27.5,-54.54,27.04,-0.58,10.5,,,
-25.0,-55.24,30.24,-0.58,10.5,,,
-22.5,-55.64,33.14,-0.58,10.5,,,
-20.0,-55.85,35.85,-0.58,10.5,,,
-17.5,-55.92,38.42,-0.58,10.5,,,
-15.0,-55.9,40.9,-0.58,10.5,,,
-12.5,-55.8,43.3,-0.58,10.5,,,
-10.0,-55.66,45.66,-0.58,10.5,,,
-7.5,-55.49,47.99,-0.58,10.5,,,
-5.0,-55.29,50.29,-0.58,10.5,,,
-2.5,-55.05,52.55,-0.58,10.5,,,
0.0,-54.7,54.7,-0.58,10.5,,,
-60.0,-63.01,3.01,-0.58,11.5,,,
-57.5,-60.51,3.01,-0.58,11.5,,,
-55.0,-58.01,3.01,-0.58,11.5,,,
-52.5,-55.51,3.01,-0.58,11.5,,,
-50.0,-53.1,3.1,-0.58,11.5,,,
-47.5,-50.95,3.45,-0.58,11.5,,,
-45.0,-49.06,4.06,-0.58,11.5,,,
-42.5,-47.55,5.05,-0.58,11.5,,,
-40.0,-47.58,7.58,-0.58,11.5,,,
-37.5,-48.4,10.9,-0.58,11.5,,,
-35.0,-50.16,15.16,-0.58,11.5,,,
-32.5,-51.99,19.49,-0.58,11.5,,,
-30.0,-53.6,23.6,-0.58,11.5,,,
-27.5,-54.74,27.24,-0.58,11.5,,,
-25.0,-55.47,30.47,-0.58,11.5,,,
-22.5,-55.9,33.4,-0.58,11.5,,,
-20.0,-56.12,36.12,-0.58,11.5,,,
-17.5,-56.22,38.72,-0.58,11.5,,,
-15.0,-56.21,41.21,-0.58,11.5,,,
-12.5,-56.14,43.64,-0.58,11.5,,,
-10.0,-56.02,46.02,-0.58,11.5,,,
-7.5,-55.86,48.36,-0.58,11.5,,,
-5.0,-55.68,50.68,-0.58,11.5,,,
-2.5,-55.46,52.96,-0.58,11.5,,,
0.0,-55.14,55.14,-0.58,11.5,,,
-60.0,-63.01,3.01,-0.58,12.4,,,
-57.5,-60.51,3.01,-0.58,12.4,,,
-55.0,-58.01,3.01,-0.58,12.4,,,
-52.5,-55.51,3.01,-0.58,12.4,,,
-50.0,-53.1,3.1,-0.58,12.4,,,
-47.5,-50.95,3.45,-0.58,12.4,,,
-45.0,-49.07,4.07,-0.58,12.4,,,
-42.5,-47.56,5.06,-0.58,12.4,,,
-40.0,-47.61,7.61,-0.58,12.4,,,
-37.5,-48.46,10.96,-0.58,12.4,,,
-35.0,-50.25,15.25,-0.58,12.4,,,
-32.5,-52.11,19.61,-0.58,12.4,,,
-30.0,-53.75,23.75,-0.58,12.4,,,
-27.5,-54.92,27.42,-0.58,12.4,,,
-25.0,-55.66,30.66,-0.58,12.4,,,
-22.5,-56.11,33.61,-0.58,12.4,,,
-20.0,-56.36,36.36,-0.58,12.4,,,
-17.5,-56.47,38.97,-0.58,12.4,,,
-15.0,-56.49,41.49,-0.58,12.4,,,
-12.5,-56.43,43.93,-0.58,12.4,,,
-10.0,-56.33,46.33,-0.58,12.4,,,
-7.5,-56.19,48.69,-0.58,12.4,,,
-5.0,-56.02,51.02,-0.58,12.4,,,
-2.5,-55.81,53.31,-0.58,12.4,,,
0.0,-55.51,55.51,-0.58,12.4,,,
-60.0,-63.01,3.01,-0.58,13.4,,,
-57.5,-60.51,3.01,-0.58,13.4,,,
-55.0,-58.01,3.01,-0.58,13.4,,,
-52.5,-55.51,3.01,-0.58,13.4,,,
-50.0,-53.1,3.1,-0.58,13.4,,,
-47.5,-50.95,3.45,-0.58,13.4,,,
-45.0,-49.07,4.07,-0.58,13.4,,,
-42.5,-47.58,5.08,-0.58,13.4,,,
-40.0,-47.64,7.64,-0.58,13.4,,,
-37.5,-48.51,11.01,-0.58,13.4,,,
-35.0,-50.32,15.32,-0.58,13.4,,,
-32.5,-52.22,19.72,-0.58,13.4,,,
-30.0,-53.88,23.88,-0.58,13.4,,,
-27.5,-55.07,27.57,-0.58,13.4,,,
-25.0,-55.84,30.84,-0.58,13.4,,,
-22.5,-56.31,33.81,-0.58,13.4,,,
-20.0,-56.57,36.57,-0.58,13.4,,,
-17.5,-56.7,39.2,-0.58,13.4,,,
-15.0,-56.73,41.73,-0.58,13.4,,,
-12.5,-56.69,44.19,-0.58,13.4,,,
-10.0,-56.6,46.6,-0.58,13.4,,,
-7.5,-56.47,48.97,-0.58,13.4,,,
-5.0,-56.32,51.32,-0.58,13.4,,,
-2.5,-56.13,53.63,-0.58,13.4,,,
0.0,-55.84,55.84,-0.58,13.4,,,
-60.0,-63.01,3.01,-0.58,14.3,,,
-57.5,-60.51,3.01,-0.58,14.3,,,
-55.0,-58.01,3.01,-0.58,14.3,,,
-52.5,-55.51,3.01,-0.58,14.3,,,
-50.0,-53.1,3.1,-0.58,14.3,,,
-47.5,-50.95,3.45,-0.58,14.3,,,
-45.0,-49.08,4.08,-0.58,14.3,,,
-42.5,-47.59,5.09,-0.58,14.3,,,
-40.0,-47.66,7.66,-0.58,14.3,,,
-37.5,-48.55,11.05,-0.58,14.3,,,
-35.0,-50.39,15.39,-0.58,14.3,,,
-32.5,-52.3,19.8,-0.58,14.3,,,
-30.0,-53.99,23.99,-0.58,14.3,,,
-27.5,-55.2,27.7,-0.58,14.3,,,
-25.0,-55.98,30.98,-0.58,14.3,,,
-22.5,-56.46,33.96,-0.58,14.3,,,
-20.0,-56.74,36.74,-0.58,14.3,,,
-17.5,-56.88,39.38,-0.58,14.3,,,
-15.0,-56.92,41.92,-0.58,14.3,,,
-12.5,-56.9,44.4,-0.58,14.3,,,
-10.0,-56.82,46.82,-0.58,14.3,,,
-7.5,-56.7,49.2,-0.58,14.3,,,
-5.0,-56.56,51.56,-0.58,14.3,,,
-2.5,-56.38,53.88,-0.58,14.3,,,
0.0,-56.1,56.1,-0.58,14.3,,,
-60.0,-63.01,3.01,-0.58,15.3,,,
-57.5,-60.51,3.01,-0.58,15.3,,,
-55.0,-58.01,3.01,-0.58,15.3,,,
-52.5,-55.51,3.01,-0.58,15.3,,,
-50.0,-53.1,3.1,-0.58,15.3,,,
-47.5,-50.96,3.46,-0.58,15.3,,,
-45.0,-49.08,4.08,-0.58,15.3,,,
-42.5,-47.6,5.1,-0.58,15.3,,,
-40.0,-47.68,7.68,-0.58,15.3,,,
-37.5,-48.58,11.08,-0.58,15.3,,,
-35.0,-50.44,15.44,-0.58,15.3,,,
-32.5,-52.38,19.88,-0.58,15.3,,,
-30.0,-54.08,24.08,-0.58,15.3,,,
-27.5,-55.31,27.81,-0.58,15.3,,,
-25.0,-56.11,31.11,-0.58,15.3,,,
-22.5,-56.6,34.1,-0.58,15.3,,,
-20.0,-56.89,36.89,-0.58,15.3,,,
-17.5,-57.05,39.55,-0.58,15.3,,,
-15.0,-57.1,42.1,-0.58,15.3,,,
-12.5,-57.08,44.58,-0.58,15.3,,,
-10.0,-57.01,47.01,-0.58,15.3,,,
-7.5,-56.91,49.41,-0.58,15.3,,,
-5.0,-56.78,51.78,-0.58,15.3,,,
-2.5,-56.61,54.11,-0.58,15.3,,,
0.0,-56.34,56.34,-0.58,15.3,,,
-60.0,-63.01,3.01,-0.58,16.2,,,
-57.5,-60.51,3.01,-0.58,16.2,,,
-55.0,-58.01,3.01,-0.58,16.2,,,
-52.5,-55.51,3.01,-0.58,16.2,,,
-50.0,-53.1,3.1,-0.58,16.2,,,
-47.5,-50.96,3.46,-0.58,16.2,,,
-45.0,-49.09,4.09,-0.58,16.2,,,
-42.5,-47.61,5.11,-0.58,16.2,,,
-40.0,-47.7,7.7,-0.58,16.2,,,
-37.5,-48.62,11.12,-0.58,16.2,,,
-35.0,-50.49,15.49,-0.58,16.2,,,
-32.5,-52.45,19.95,-0.58,16.2,,,
-30.0,-54.17,24.17,-0.58,16.2,,,
-27.5,-55.41,27.91,-0.58,16.2,,,
-25.0,-56.22,31.22,-0.58,16.2,,,
-22.5,-56.73,34.23,-0.58,16.2,,,
-20.0,-57.03,37.03,-0.58,16.2,,,
-17.5,-57.19,39.69,-0.58,16.2,,,
-15.0,-57.26,42.26,-0.58,16.2,,,
-12.5,-57.25,44.75,-0.58,16.2,,,
-10.0,-57.19,47.19,-0.58,16.2,,,
-7.5,-57.1,49.6,-0.58,16.2,,,
-5.0,-56.97,51.97,-0.58,16.2,,,
-2.5,-56.81,54.31,-0.58,16.2,,,
0.0,-56.55,56.55,-0.58,16.2,,,
-60.0,-63.01,3.01,-0.58,17.2,,,
-57.5,-60.51,3.01,-0.58,17.2,,,
-55.0,-58.01,3.01,-0.58,17.2,,,
-52.5,-55.51,3.01,-0.58,17.2,,,
-50.0,-53.1,3.1,-0.58,17.2,,,
-47.5,-50.96,3.46,-0.58,17.2,,,
-45.0,-49.09,4.09,-0.58,17.2,,,
-42.5,-47.61,5.11,-0.58,17.2,,,
-40.0,-47.72,7.72,-0.58,17.2,,,
-37.5,-48.65,11.15,-0.58,17.2,,,
-35.0,-50.54,15.54,-0.58,17.2,,,
-32.5,-52.51,20.01,-0.58,17.2,,,
-30.0,-54.25,24.25,-0.58,17.2,,,
-27.5,-55.5,28.0,-0.58,17.2,,,
-25.0,-56.33,31.33,-0.58,17.2,,,
-22.5,-56.85,34.35,-0.58,17.2,,,
-20.0,-57.16,37.16,-0.58,17.2,,,
-17.5,-57.33,39.83,-0.58,17.2,,,
-15.0,-57.4,42.4,-0.58,17.2,,,
-12.5,-57.4,44.9,-0.58,17.2,,,
-10.0,-57.35,47.35,-0.58,17.2,,,
-7.5,-57.27,49.77,-0.58,17.2,,,
-5.0,-57.15,52.15,-0.58,17.2,,,
-2.5,-57.0,54.5,-0.58,17.2,,,
0.0,-56.75,56.75,-0.58,17.2,,,
-60.0,-63.01,3.01,-0.58,18.1,,,
-57.5,-60.51,3.01,-0.58,18.1,,,
-55.0,-58.01,3.01,-0.58,18.1,,,
-52.5,-55.51,3.01,-0.58,18.1,,,
-50.0,-53.1,3.1,-0.58,18.1,,,
-47.5,-50.96,3.46,-0.58,18.1,,,
-45.0,-49.09,4.09,-0.58,18.1,,,
-42.5,-47.62,5.12,-0.58,18.1,,,
-40.0,-47.74,7.74,-0.58,18.1,,,
-37.5,-48.67,11.17,-0.58,18.1,,,
-35.0,-50.58,15.58,-0.58,18.1,,,
-32.5,-52.57,20.07,-0.58,18.1,,,
-30.0,-54.32,24.32,-0.58,18.1,,,
-27.5,-55.58,28.08,-0.58,18.1,,,
-25.0,-56.41,31.41,-0.58,18.1,,,
-22.5,-56.94,34.44,-0.58,18.1,,,
-20.0,-57.26,37.26,-0.58,18.1,,,
-17.5,-57.44,39.94,-0.58,18.1,,,
-15.0,-57.52,42.52,-0.58,18.1,,,
-12.5,-57.53,45.03,-0.58,18.1,,,
-10.0,-57.49,47.49,-0.58,18.1,,,
-7.5,-57.41,49.91,-0.58,18.1,,,
-5.0,-57.31,52.31,-0.58,18.1,,,
-2.5,-57.16,54.66,-0.58,18.1,,,
0.0,-56.91,56.91,-0.58,18.1,,,
-60.0,-63.01,3.01,-0.58,19.1,,,
-57.5,-60.51,3.01,-0.58,19.1,,,
-55.0,-58.01,3.01,-0.58,19.1,,,
-52.5,-55.51,3.01,-0.58,19.1,,,
-50.0,-53.1,3.1,-0.58,19.1,,,
-47.5,-50.96,3.46,-0.58,19.1,,,
-45.0,-49.1,4.1,-0.58,19.1,,,
-42.5,-47.63,5.13,-0.58,19.1,,,
-40.0,-47.75,7.75,-0.58,19.1,,,
-37.5,-48.7,11.2,-0.58,19.1,,,
-35.0,-50.62,15.62,-0.58,19.1,,,
-32.5,-52.61,20.11,-0.58,19.1,,,
-30.0,-54.37,24.37,-0.58,19.1,,,
-27.5,-55.65,28.15,-0.58,19.1,,,
-25.0,-56.49,31.49,-0.58,19.1,,,
-22.5,-57.03,34.53,-0.58,19.1,,,
-20.0,-57.36,37.36,-0.58,19.1,,,
-17.5,-57.54,40.04,-0.58,19.1,,,
-15.0,-57.63,42.63,-0.58,19.1,,,
-12.5,-57.65,45.15,-0.58,19.1,,,
-10.0,-57.61,47.61,-0.58,19.1,,,
-7.5,-57.54,50.04,-0.58,19.1,,,
-5.0,-57.44,52.44,-0.58,19.1,,,
-2.5,-57.3,54.8,-0.58,19.1,,,
0.0,-57.06,57.06,-0.58,19.1,,,
-60.0,-63.01,3.01,-0.58,20.0,,,
-57.5,-60.51,3.01,-0.58,20.0,,,
-55.0,-58.01,3.01,-0.58,20.0,,,
-52.5,-55.51,3.01,-0.58,20.0,,,
-50.0,-53.1,3.1,-0.58,20.0,,,
-47.5,-50.96,3.46,-0.58,20.0,,,
-45.0,-49.1,4.1,-0.58,20.0,,,
-42.5,-47.63,5.13,-0.58,20.0,,,
-40.0,-47.76,7.76,-0.58,20.0,,,
-37.5,-48.72,11.22,-0.58,20.0,,,
-35.0,-50.65,15.65,-0.58,20.0,,,
-32.5,-52.66,20.16,-0.58,20.0,,,
-30.0,-54.43,24.43,-0.58,20.0,,,
-27.5,-55.72,28.22,-0.58,20.0,,,
-25.0,-56.57,31.57,-0.58,20.0,,,
-22.5,-57.11,34.61,-0.58,20.0,,,
-20.0,-57.45,37.45,-0.58,20.0,,,
-17.5,-57.64,40.14,-0.58,20.0,,,
-15.0,-57.73,42.73,-0.58,20.0,,,
-12.5,-57.76,45.26,-0.58,20.0,,,
-10.0,-57.73,47.73,-0.58,20.0,,,
-7.5,-57.66,50.16,-0.58,20.0,,,
-5.0,-57.57,52.57,-0.58,20.0,,,
-2.5,-57.44,54.94,-0.58,20.0,,,
0.0,-57.2,57.2,-0.58,20.0,,,
-60.0,-63.01,3.01,-0.37,2.0,,,
-57.5,-60.51,3.01,-0.37,2.0,,,
-55.0,-58.01,3.01,-0.37,2.0,,,
-52.5,-55.51,3.01,-0.37,2.0,,,
-50.0,-53.01,3.01,-0.37,2.0,,,
-47.5,-50.51,3.01,-0.37,2.0,,,
-45.0,-48.03,3.03,-0.37,2.0,,,
-42.5,-45.72,3.22,-0.37,2.0,,,
-40.0,-44.01,4.01,-0.37,2.0,,,
-37.5,-42.8,5.3,-0.37,2.0,,,
-35.0,-42.19,7.19,-0.37,2.0,,,
-32.5,-42.04,9.54,-0.37,2.0,,,
-30.0,-41.8,11.8,-0.37,2.0,,,
-27.5,-41.32,13.82,-0.37,2.0,,,
-25.0,-40.61,15.61,-0.37,2.0,,,
-22.5,-39.74,17.24,-0.37,2.0,,,
-20.0,-38.76,18.76,-0.37,2.0,,,
-17.5,-37.7,20.2,-0.37,2.0,,,
-15.0,-36.59,21.59,-0.37,2.0,,,
-12.5,-35.45,22.95,-0.37,2.0,,,
-10.0,-34.28,24.28,-0.37,2.0,,,
-7.5,-33.09,25.59,-0.37,2.0,,,
-5.0,-31.88,26.88,-0.37,2.0,,,
-2.5,-30.64,28.14,-0.37,2.0,,,
0.0,-29.29,29.29,-0.37,2.0,,,
-60.0,-63.01,3.01,-0.37,3.0,,,
-57.5,-60.51,3.01,-0.37,3.0,,,
-55.0,-58.01,3.01,-0.37,3.0,,,
-52.5,-55.51,3.01,-0.37,3.0,,,
-50.0,-53.01,3.01,-0.37,3.0,,,
-47.5,-50.51,3.01,-0.37,3.0,,,
-45.0,-48.04,3.04,-0.37,3.0,,,
-42.5,-45.79,3.29,-0.37,3.0,,,
-40.0,-44.34,4.34,-0.37,3.0,,,
-37.5,-43.54,6.04,-0.37,3.0,,,
-35.0,-43.55,8.55,-0.37,3.0,,,
-32.5,-44.15,11.65,-0.37,3.0,,,
-30.0,-44.65,14.65,-0.37,3.0,,,
-27.5,-44.81,17.31,-0.37,3.0,,,
-25.0,-44.67,19.67,-0.37,3.0,,,
-22.5,-44.32,21.82,-0.37,3.0,,,
-20.0,-43.82,23.82,-0.37,3.0,,,
-17.5,-43.23,25.73,-0.37,3.0,,,
-15.0,-42.56,27.56,-0.37,3.0,,,
-12.5,-41.85,29.35,-0.37,3.0,,,
-10.0,-41.1,31.1,-0.37,3.0,,,
-7.5,-40.32,32.82,-0.37,3.0,,,
-5.0,-39.52,34.52,-0.37,3.0,,,
-2.5,-38.69,36.19,-0.37,3.0,,,
0.0,-37.75,37.75,-0.37,3.0,,,
-60.0,-63.01,3.01,-0.37,3.9,,,
-57.5,-60.51,3.01,-0.37,3.9,,,
-55.0,-58.01,3.01,-0.37,3.9,,,
-52.5,-55.51,3.01,-0.37,3.9,,,
-50.0,-53.01,3.01,-0.37,3.9,,,
-47.5,-50.51,3.01,-0.37,3.9,,,
-45.0,-48.04,3.04,-0.37,3.9,,,
-42.5,-45.82,3.32,-0.37,3.9,,,
-40.0,-44.5,4.5,-0.37,3.9,,,
-37.5,-43.91,6.41,-0.37,3.9,,,
-35.0,-44.22,9.22,-0.37,3.9,,,
-32.5,-45.2,12.7,-0.37,3.9,,,
-30.0,-46.07,16.07,-0.37,3.9,,,
-27.5,-46.56,19.06,-0.37,3.9,,,
-25.0,-46.7,21.7,-0.37,3.9,,,
-22.5,-46.61,24.11,-0.37,3.9,,,
-20.0,-46.35,26.35,-0.37,3.9,,,
-17.5,-45.98,28.48,-0.37,3.9,,,
-15.0,-45.53,30.53,-0.37,3.9,,,
-12.5,-45.03,32.53,-0.37,3.9,,,
-10.0,-44.49,34.49,-0.37,3.9,,,
-7.5,-43.92,36.42,-0.37,3.9,,,
-5.0,-43.32,38.32,-0.37,3.9,,,
-2.5,-42.69,40.19,-0.37,3.9,,,
0.0,-41.95,41.95,-0.37,3.9,,,
-60.0,-63.01,3.01,-0.37,4.8,,,
-57.5,-60.51,3.01,-0.37,4.8,,,
-55.0,-58.01,3.01,-0.37,4.8,,,
-52.5,-55.51,3.01,-0.37,4.8,,,
-50.0,-53.01,3.01,-0.37,4.8,,,
-47.5,-50.51,3.01,-0.37,4.8,,,
-45.0,-48.05,3.05,-0.37,4.8,,,
-42.5,-45.85,3.35,-0.37,4.8,,,
-40.0,-44.6,4.6,-0.37,4.8,,,
-37.5,-44.14,6.64,-0.37,4.8,,,
-35.0,-44.64,9.64,-0.37,4.8,,,
-32.5,-45.86,13.36,-0.37,4.8,,,
-30.0,-46.95,16.95,-0.37,4.8,,,
-27.5,-47.64,20.14,-0.37,4.8,,,
-25.0,-47.96,22.96,-0.37,4.8,,,
-22.5,-48.03,25.53,-0.37,4.8,,,
-20.0,-47.92,27.92,-0.37,4.8,,,
-17.5,-47.69,30.19,-0.37,4.8,,,
-15.0,-47.38,32.38,-0.37,4.8,,,
-12.5,-47.01,34.51,-0.37,4.8,,,
-10.0,-46.59,36.59,-0.37,4.8,,,
-7.5,-46.15,38.65,-0.37,4.8,,,
-5.0,-45.68,40.68,-0.37,4.8,,,
-2.5,-45.17,42.67,-0.37,4.8,,,
0.0,-44.56,44.56,-0.37,4.8,,,
-60.0,-63.01,3.01,-0.37,5.8,,,
-57.5,-60.51,3.01,-0.37,5.8,,,
-55.0,-58.01,3.01,-0.37,5.8,,,
-52.5,-55.51,3.01,-0.37,5.8,,,
-50.0,-53.01,3.01,-0.37,5.8,,,
-47.5,-50.51,3.01,-0.37,5.8,,,
-45.0,-48.05,3.05,-0.37,5.8,,,
-42.5,-45.86,3.36,-0.37,5.8,,,
-40.0,-44.67,4.67,-0.37,5.8,,,
-37.5,-44.3,6.8,-0.37,5.8,,,
-35.0,-44.93,9.93,-0.37,5.8,,,
-32.5,-46.3,13.8,-0.37,5.8,,,
-30.0,-47.54,17.54,-0.37,5.8,,,
-27.5,-48.37,20.87,-0.37,5.8,,,
-25.0,-48.81,23.81,-0.37,5.8,,,
-22.5,-48.98,26.48,-0.37,5.8,,,
-20.0,-48.97,28.97,-0.37,5.8,,,
-17.5,-48.83,31.33,-0.37,5.8,,,
-15.0,-48.61,33.61,-0.37,5.8,,,
-12.5,-48.33,35.83,-0.37,5.8,,,
-10.0,-48.0,38.0,-0.37,5.8,,,
-7.5,-47.64,40.14,-0.37,5.8,,,
-5.0,-47.25,42.25,-0.37,5.8,,,
-2.5,-46.83,44.33,-0.37,5.8,,,
0.0,-46.3,46.3,-0.37,5.8,,,
-60.0,-63.01,3.01,-0.37,6.7,,,
-57.5,-60.51,3.01,-0.37,6.7,,,
-55.0,-58.01,3.01,-0.37,6.7,,,
-52.5,-55.51,3.01,-0.37,6.7,,,
-50.0,-53.01,3.01,-0.37,6.7,,,
-47.5,-50.51,3.01,-0.37,6.7,,,
-45.0,-48.05,3.05,-0.37,6.7,,,
-42.5,-45.87,3.37,-0.37,6.7,,,
-40.0,-44.72,4.72,-0.37,6.7,,,
-37.5,-44.41,6.91,-0.37,6.7,,,
-35.0,-45.13,10.13,-0.37,6.7,,,
-32.5,-46.62,14.12,-0.37,6.7,,,
-30.0,-47.97,17.97,-0.37,6.7,,,
-27.5,-48.89,21.39,-0.37,6.7,,,
-25.0,-49.41,24.41,-0.37,6.7,,,
-22.5,-49.66,27.16,-0.37,6.7,,,
-20.0,-49.72,29.72,-0.37,6.7,,,
-17.5,-49.65,32.15,-0.37,6.7,,,
-15.0,-49.5,34.5,-0.37,6.7,,,
-12.5,-49.28,36.78,-0.37,6.7,,,
-10.0,-49.01,39.01,-0.37,6.7,,,
-7.5,-48.71,41.21,-0.37,6.7,,,
-5.0,-48.38,43.38,-0.37,6.7,,,
-2.5,-48.02,45.52,-0.37,6.7,,,
0.0,-47.55,47.55,-0.37,6.7,,,
-60.0,-63.01,3.01,-0.37,7.7,,,
-57.5,-60.51,3.01,-0.37,7.7,,,
-55.0,-58.01,3.01,-0.37,7.7,,,
-52.5,-55.51,3.01,-0.37,7.7,,,
-50.0,-53.01,3.01,-0.37,7.7,,,
-47.5,-50.51,3.01,-0.37,7.7,,,
-45.0,-48.05,3.05,-0.37,7.7,,,
-42.5,-45.88,3.38,-0.37,7.7,,,
-40.0,-44.75,4.75,-0.37,7.7,,,
-37.5,-44.49,6.99,-0.37,7.7,,,
-35.0,-45.28,10.28,-0.37,7.7,,,
-32.5,-46.86,14.36,-0.37,7.7,,,
-30.0,-48.29,18.29,-0.37,7.7,,,
-27.5,-49.28,21.78,-0.37,7.7,,,
-25.0,-49.87,24.87,-0.37,7.7,,,
-22.5,-50.18,27.68,-0.37,7.7,,,
-20.0,-50.29,30.29,-0.37,7.7,,,
-17.5,-50.28,32.78,-0.37,7.7,,,
-15.0,-50.17,35.17,-0.37,7.7,,,
-12.5,-50.0,37.5,-0.37,7.7,,,
-10.0,-49.77,39.77,-0.37,7.7,,,
-7.5,-49.52,42.02,-0.37,7.7,,,
-5.0,-49.24,44.24,-0.37,7.7,,,
-2.5,-48.92,46.42,-0.37,7.7,,,
0.0,-48.49,48.49,-0.37,7.7,,,
-60.0,-63.01,3.01,-0.37,8.6,,,
-57.5,-60.51,3.01,-0.37,8.6,,,
-55.0,-58.01,3.01,-0.37,8.6,,,
-52.5,-55.51,3.01,-0.37,8.6,,,
-50.0,-53.01,3.01,-0.37,8.6,,,
-47.5,-50.51,3.01,-0.37,8.6,,,
-45.0,-48.05,3.05,-0.37,8.6,,,
-42.5,-45.88,3.38,-0.37,8.6,,,
-40.0,-44.78,4.78,-0.37,8.6,,,
-37.5,-44.56,7.06,-0.37,8.6,,,
-35.0,-45.4,10.4,-0.37,8.6,,,
-32.5,-47.04,14.54,-0.37,8.6,,,
-30.0,-48.54,18.54,-0.37,8.6,,,
-27.5,-49.58,22.08,-0.37,8.6,,,
-25.0,-50.22,25.22,-0.37,8.6,,,
-22.5,-50.57,28.07,-0.37,8.6,,,
-20.0,-50.73,30.73,-0.37,8.6,,,
-17.5,-50.75,33.25,-0.37,8.6,,,
-15.0,-50.68,35.68,-0.37,8.6,,,
-12.5,-50.54,38.04,-0.37,8.6,,,
-10.0,-50.36,40.36,-0.37,8.6,,,
-7.5,-50.13,42.63,-0.37,8.6,,,
-5.0,-49.89,44.89,-0.37,8.6,,,
-2.5,-49.6,47.1,-0.37,8.6,,,
0.0,-49.21,49.21,-0.37,8.6,,,
-60.0,-63.01,3.01,-0.37,9.6,,,
-57.5,-60.51,3.01,-0.37,9.6,,,
-55.0,-58.01,3.01,-0.37,9.6,,,
-52.5,-55.51,3.01,-0.37,9.6,,,
-50.0,-53.01,3.01,-0.37,9.6,,,
-47.5,-50.51,3.01,-0.37,9.6,,,
-45.0,-48.05,3.05,-0.37,9.6,,,
-42.5,-45.89,3.39,-0.37,9.6,,,
-40.0,-44.8,4.8,-0.37,9.6,,,
-37.5,-44.61,7.11,-0.37,9.6,,,
-35.0,-45.5,10.5,-0.37,9.6,,,
-32.5,-47.19,14.69,-0.37,9.6,,,
-30.0,-48.74,18.74,-0.37,9.6,,,
-27.5,-49.84,22.34,-0.37,9.6,,,
-25.0,-50.51,25.51,-0.37,9.6,,,
-22.5,-50.9,28.4,-0.37,9.6,,,
-20.0,-51.09,31.09,-0.37,9.6,,,
-17.5,-51.15,33.65,-0.37,9.6,,,
-15.0,-51.11,36.11,-0.37,9.6,,,
-12.5,-51.0,38.5,-0.37,9.6,,,
-10.0,-50.84,40.84,-0.37,9.6,,,
-7.5,-50.65,43.15,-0.37,9.6,,,
-5.0,-50.43,45.43,-0.37,9.6,,,
-2.5,-50.17,47.67,-0.37,9.6,,,
0.0,-49.81,49.81,-0.37,9.6,,,
-60.0,-63.01,3.01,-0.37,10.5,,,
-57.5,-60.51,3.01,-0.37,10.5,,,
-55.0,-58.01,3.01,-0.37,10.5,,,
-52.5,-55.51,3.01,-0.37,10.5,,,
-50.0,-53.01,3.01,-0.37,10.5,,,
-47.5,-50.51,3.01,-0.37,10.5,,,
-45.0,-48.05,3.05,-0.37,10.5,,,
-42.5,-45.89,3.39,-0.37,10.5,,,
-40.0,-44.82,4.82,-0.37,10.5,,,
-37.5,-44.65,7.15,-0.37,10.5,,,
-35.0,-45.58,10.58,-0.37,10.5,,,
-32.5,-47.31,14.81,-0.37,10.5,,,
-30.0,-48.9,18.9,-0.37,10.5,,,
-27.5,-50.03,22.53,-0.37,10.5,,,
-25.0,-50.74,25.74,-0.37,10.5,,,
-22.5,-51.16,28.66,-0.37,10.5,,,
-20.0,-51.37,31.37,-0.37,10.5,,,
-17.5,-51.45,33.95,-0.37,10.5,,,
-15.0,-51.44,36.44,-0.37,10.5,,,
-12.5,-51.35,38.85,-0.37,10.5,,,
-10.0,-51.22,41.22,-0.37,10.5,,,
-7.5,-51.05,43.55,-0.37,10.5,,,
-5.0,-50.85,45.85,-0.37,10.5,,,
-2.5,-50.62,48.12,-0.37,10.5,,,
0.0,-50.28,50.28,-0.37,10.5,,,
-60.0,-63.01,3.01,-0.37,11.5,,,
-57.5,-60.51,3.01,-0.37,11.5,,,
-55.0,-58.01,3.01,-0.37,11.5,,,
-52.5,-55.51,3.01,-0.37,11.5,,,
-50.0,-53.01,3.01,-0.37,11.5,,,
-47.5,-50.51,3.01,-0.37,11.5,,,
-45.0,-48.05,3.05,-0.37,11.5,,,
-42.5,-45.9,3.4,-0.37,11.5,,,
-40.0,-44.84,4.84,-0.37,11.5,,,
-37.5,-44.69,7.19,-0.37,11.5,,,
-35.0,-45.64,10.64,-0.37,11.5,,,
-32.5,-47.41,14.91,-0.37,11.5,,,
-30.0,-49.04,19.04,-0.37,11.5,,,
-27.5,-50.2,22.7,-0.37,11.5,,,
-25.0,-50.93,25.93,-0.37,11.5,,,
-22.5,-51.37,28.87,-0.37,11.5,,,
-20.0,-51.61,31.61,-0.37,11.5,,,
-17.5,-51.71,34.21,-0.37,11.5,,,
-15.0,-51.72,36.72,-0.37,11.5,,,
-12.5,-51.65,39.15,-0.37,11.5,,,
-10.0,-51.54,41.54,-0.37,11.5,,,
-7.5,-51.39,43.89,-0.37,11.5,,,
-5.0,-51.21,46.21,-0.37,11.5,,,
-2.5,-51.0,48.5,-0.37,11.5,,,
0.0,-50.68,50.68,-0.37,11.5,,,
-60.0,-63.01,3.01,-0.37,12.4,,,
-57.5,-60.51,3.01,-0.37,12.4,,,
-55.0,-58.01,3.01,-0.37,12.4,,,
-52.5,-55.51,3.01,-0.37,12.4,,,
-50.0,-53.01,3.01,-0.37,12.4,,,
-47.5,-50.51,3.01,-0.37,12.4,,,
-45.0,-48.05,3.05,-0.37,12.4,,,
-42.5,-45.9,3.4,-0.37,12.4,,,
-40.0,-44.85,4.85,-0.37,12.4,,,
-37.5,-44.72,7.22,-0.37,12.4,,,
-35.0,-45.7,10.7,-0.37,12.4,,,
-32.5,-47.5,15.0,-0.37,12.4,,,
-30.0,-49.16,19.16,-0.37,12.4,,,
-27.5,-50.34,22.84,-0.37,12.4,,,
-25.0,-51.1,26.1,-0.37,12.4,,,
-22.5,-51.56,29.06,-0.37,12.4,,,
-20.0,-51.82,31.82,-0.37,12.4,,,
-17.5,-51.94,34.44,-0.37,12.4,,,
-15.0,-51.96,36.96,-0.37,12.4,,,
-12.5,-51.91,39.41,-0.37,12.4,,,
-10.0,-51.82,41.82,-0.37,12.4,,,
-7.5,-51.68,44.18,-0.37,12.4,,,
-5.0,-51.52,46.52,-0.37,12.4,,,
-2.5,-51.32,48.82,-0.37,12.4,,,
0.0,-51.02,51.02,-0.37,12.4,,,
-60.0,-63.01,3.01,-0.37,13.4,,,
-57.5,-60.51,3.01,-0.37,13.4,,,
-55.0,-58.01,3.01,-0.37,13.4,,,
-52.5,-55.51,3.01,-0.37,13.4,,,
-50.0,-53.01,3.01,-0.37,13.4,,,
-47.5,-50.51,3.01,-0.37,13.4,,,
-45.0,-48.05,3.05,-0.37,13.4,,,
-42.5,-45.9,3.4,-0.37,13.4,,,
-40.0,-44.86,4.86,-0.37,13.4,,,
-37.5,-44.74,7.24,-0.37,13.4,,,
-35.0,-45.75,10.75,-0.37,13.4,,,
-32.5,-47.58,15.08,-0.37,13.4,,,
-30.0,-49.26,19.26,-0.37,13.4,,,
-27.5,-50.47,22.97,-0.37,13.4,,,
-25.0,-51.25,26.25,-0.37,13.4,,,
-22.5,-51.73,29.23,-0.37,13.4,,,
-20.0,-52.0,32.0,-0.37,13.4,,,
-17.5,-52.14,34.64,-0.37,13.4,,,
-15.0,-52.18,37.18,-0.37,13.4,,,
-12.5,-52.14,39.64,-0.37,13.4,,,
-10.0,-52.06,42.06,-0.37,13.4,,,
-7.5,-51.94,44.44,-0.37,13.4,,,
-5.0,-51.79,46.79,-0.37,13.4,,,
-2.5,-51.61,49.11,-0.37,13.4,,,
0.0,-51.32,51.32,-0.37,13.4,,,
-60.0,-63.01,3.01,-0.37,14.3,,,
-57.5,-60.51,3.01,-0.37,14.3,,,
-55.0,-58.01,3.01,-0.37,14.3,,,
-52.5,-55.51,3.01,-0.37,14.3,,,
-50.0,-53.01,3.01,-0.37,14.3,,,
-47.5,-50.51,3.01,-0.37,14.3,,,
-45.0,-48.05,3.05,-0.37,14.3,,,
-42.5,-45.9,3.4,-0.37,14.3,,,
-40.0,-44.87,4.87,-0.37,14.3,,,
-37.5,-44.77,7.27,-0.37,14.3,,,
-35.0,-45.79,10.79,-0.37,14.3,,,
-32.5,-47.64,15.14,-0.37,14.3,,,
-30.0,-49.34,19.34,-0.37,14.3,,,
-27.5,-50.57,23.07,-0.37,14.3,,,
-25.0,-51.36,26.36,-0.37,14.3,,,
-22.5,-51.86,29.36,-0.37,14.3,,,
-20.0,-52.15,32.15,-0.37,14.3,,,
-17.5,-52.3,34.8,-0.37,14.3,,,
-15.0,-52.35,37.35,-0.37,14.3,,,
-12.5,-52.33,39.83,-0.37,14.3,,,
-10.0,-52.26,42.26,-0.37,14.3,,,
-7.5,-52.15,44.65,-0.37,14.3,,,
-5.0,-52.01,47.01,-0.37,14.3,,,
-2.5,-51.84,49.34,-0.37,14.3,,,
0.0,-51.56,51.56,-0.37,14.3,,,
-60.0,-63.01,3.01,-0.37,15.3,,,
-57.5,-60.51,3.01,-0.37,15.3,,,
-55.0,-58.01,3.01,-0.37,15.3,,,
-52.5,-55.51,3.01,-0.37,15.3,,,
-50.0,-53.01,3.01,-0.37,15.3,,,
-47.5,-50.51,3.01,-0.37,15.3,,,
-45.0,-48.05,3.05,-0.37,15.3,,,
-42.5,-45.91,3.41,-0.37,15.3,,,
-40.0,-44.88,4.88,-0.37,15.3,,,
-37.5,-44.79,7.29,-0.37,15.3,,,
-35.0,-45.82,10.82,-0.37,15.3,,,
-32.5,-47.7,15.2,-0.37,15.3,,,
-30.0,-49.42,19.42,-0.37,15.3,,,
-27.5,-50.66,23.16,-0.37,15.3,,,
-25.0,-51.47,26.47,-0.37,15.3,,,
-22.5,-51.98,29.48,-0.37,15.3,,,
-20.0,-52.28,32.28,-0.37,15.3,,,
-17.5,-52.44,34.94,-0.37,15.3,,,
-15.0,-52.5,37.5,-0.37,15.3,,,
-12.5,-52.49,39.99,-0.37,15.3,,,
-10.0,-52.43,42.43,-0.37,15.3,,,
-7.5,-52.34,44.84,-0.37,15.3,,,
-5.0,-52.21,47.21,-0.37,15.3,,,
-2.5,-52.05,49.55,-0.37,15.3,,,
0.0,-51.78,51.78,-0.37,15.3,,,
-60.0,-63.01,3.01,-0.37,16.2,,,
-57.5,-60.51,3.01,-0.37,16.2,,,
-55.0,-58.01,3.01,-0.37,16.2,,,
-52.5,-55.51,3.01,-0.37,16.2,,,
-50.0,-53.01,3.01,-0.37,16.2,,,
-47.5,-50.51,3.01,-0.37,16.2,,,
-45.0,-48.05,3.05,-0.37,16.2,,,
-42.5,-45.91,3.41,-0.37,16.2,,,
-40.0,-44.89,4.89,-0.37,16.2,,,
-37.5,-44.8,7.3,-0.37,16.2,,,
-35.0,-45.85,10.85,-0.37,16.2,,,
-32.5,-47.75,15.25,-0.37,16.2,,,
-30.0,-49.48,19.48,-0.37,16.2,,,
-27.5,-50.74,23.24,-0.37,16.2,,,
-25.0,-51.57,26.57,-0.37,16.2,,,
-22.5,-52.09,29.59,-0.37,16.2,,,
-20.0,-52.4,32.4,-0.37,16.2,,,
-17.5,-52.57,35.07,-0.37,16.2,,,
-15.0,-52.64,37.64,-0.37,16.2,,,
-12.5,-52.64,40.14,-0.37,16.2,,,
-10.0,-52.59,42.59,-0.37,16.2,,,
-7.5,-52.5,45.0,-0.37,16.2,,,
-5.0,-52.39,47.39,-0.37,16.2,,,
-2.5,-52.23,49.73,-0.37,16.2,,,
0.0,-51.98,51.98,-0.37,16.2,,,
-60.0,-63.01,3.01,-0.37,17.2,,,
-57.5,-60.51,3.01,-0.37,17.2,,,
-55.0,-58.01,3.01,-0.37,17.2,,,
-52.5,-55.51,3.01,-0.37,17.2,,,
-50.0,-53.01,3.01,-0.37,17.2,,,
-47.5,-50.51,3.01,-0.37,17.2,,,
-45.0,-48.05,3.05,-0.37,17.2,,,
-42.5,-45.91,3.41,-0.37,17.2,,,
-40.0,-44.9,4.9,-0.37,17.2,,,
-37.5,-44.82,7.32,-0.37,17.2,,,
-35.0,-45.88,10.88,-0.37,17.2,,,
-32.5,-47.79,15.29,-0.37,17.2,,,
-30.0,-49.55,19.55,-0.37,17.2,,,
-27.5,-50.82,23.32,-0.37,17.2,,,
-25.0,-51.65,26.65,-0.37,17.2,,,
-22.5,-52.19,29.69,-0.37,17.2,,,
-20.0,-52.51,32.51,-0.37,17.2,,,
-17.5,-52.69,35.19,-0.37,17.2,,,
-15.0,-52.77,37.77,-0.37,17.2,,,
-12.5,-52.78,40.28,-0.37,17.2,,,
-10.0,-52.74,42.74,-0.37,17.2,,,
-7.5,-52.66,45.16,-0.37,17.2,,,
-5.0,-52.55,47.55,-0.37,17.2,,,
-2.5,-52.41,49.91,-0.37,17.2,,,
0.0,-52.16,52.16,-0.37,17.2,,,
-60.0,-63.01,3.01,-0.37,18.1,,,
-57.5,-60.51,3.01,-0.37,18.1,,,
-55.0,-58.01,3.01,-0.37,18.1,,,
-52.5,-55.51,3.01,-0.37,18.1,,,
-50.0,-53.01,3.01,-0.37,18.1,,,
-47.5,-50.51,3.01,-0.37,18.1,,,
-45.0,-48.05,3.05,-0.37,18.1,,,
-42.5,-45.91,3.41,-0.37,18.1,,,
-40.0,-44.9,4.9,-0.37,18.1,,,
-37.5,-44.83,7.33,-0.37,18.1,,,
-35.0,-45.91,10.91,-0.37,18.1,,,
-32.5,-47.83,15.33,-0.37,18.1,,,
-30.0,-49.6,19.6,-0.37,18.1,,,
-27.5,-50.88,23.38,-0.37,18.1,,,
-25.0,-51.73,26.73,-0.37,18.1,,,
-22.5,-52.27,29.77,-0.37,18.1,,,
-20.0,-52.6,32.6,-0.37,18.1,,,
-17.5,-52.79,35.29,-0.37,18.1,,,
-15.0,-52.88,37.88,-0.37,18.1,,,
-12.5,-52.9,40.4,-0.37,18.1,,,
-10.0,-52.86,42.86,-0.37,18.1,,,
-7.5,-52.79,45.29,-0.37,18.1,,,
-5.0,-52.69,47.69,-0.37,18.1,,,
-2.5,-52.55,50.05,-0.37,18.1,,,
0.0,-52.31,52.31,-0.37,18.1,,,
-60.0,-63.01,3.01,-0.37,19.1,,,
-57.5,-60.51,3.01,-0.37,19.1,,,
-55.0,-58.01,3.01,-0.37,19.1,,,
-52.5,-55.51,3.01,-0.37,19.1,,,
-50.0,-53.01,3.01,-0.37,19.1,,,
-47.5,-50.51,3.01,-0.37,19.1,,,
-45.0,-48.05,3.05,-0.37,19.1,,,
-42.5,-45.91,3.41,-0.37,19.1,,,
-40.0,-44.91,4.91,-0.37,19.1,,,
-37.5,-44.85,7.35,-0.37,19.1,,,
-35.0,-45.93,10.93,-0.37,19.1,,,
-32.5,-47.87,15.37,-0.37,19.1,,,
-30.0,-49.64,19.64,-0.37,19.1,,,
-27.5,-50.94,23.44,-0.37,19.1,,,
-25.0,-51.79,26.79,-0.37,19.1,,,
-22.5,-52.34,29.84,-0.37,19.1,,,
-20.0,-52.68,32.68,-0.37,19.1,,,
-17.5,-52.88,35.38,-0.37,19.1,,,
-15.0,-52.97,37.97,-0.37,19.1,,,
-12.5,-53.0,40.5,-0.37,19.1,,,
-10.0,-52.97,42.97,-0.37,19.1,,,
-7.5,-52.9,45.4,-0.37,19.1,,,
-5.0,-52.81,47.81,-0.37,19.1,,,
-2.5,-52.68,50.18,-0.37,19.1,,,
0.0,-52.44,52.44,-0.37,19.1,,,
-60.0,-63.01,3.01,-0.37,20.0,,,
-57.5,-60.51,3.01,-0.37,20.0,,,
-55.0,-58.01,3.01,-0.37,20.0,,,
-52.5,-55.51,3.01,-0.37,20.0,,,
-50.0,-53.01,3.01,-0.37,20.0,,,
-47.5,-50.51,3.01,-0.37,20.0,,,
-45.0,-48.05,3.05,-0.37,20.0,,,
-42.5,-45.91,3.41,-0.37,20.0,,,
-40.0,-44.91,4.91,-0.37,20.0,,,
-37.5,-44.86,7.36,-0.37,20.0,,,
-35.0,-45.95,10.95,-0.37,20.0,,,
-32.5,-47.9,15.4,-0.37,20.0,,,
-30.0,-49.69,19.69,-0.37,20.0,,,
-27.5,-50.99,23.49,-0.37,20.0,,,
-25.0,-51.86,26.86,-0.37,20.0,,,
-22.5,-52.41,29.91,-0.37,20.0,,,
-20.0,-52.76,32.76,-0.37,20.0,,,
-17.5,-52.96,35.46,-0.37,20.0,,,
-15.0,-53.07,38.07,-0.37,20.0,,,
-12.5,-53.1,40.6,-0.37,20.0,,,
-10.0,-53.07,43.07,-0.37,20.0,,,
-7.5,-53.02,45.52,-0.37,20.0,,,
-5.0,-52.93,47.93,-0.37,20.0,,,
-2.5,-52.8,50.3,-0.37,20.0,,,
0.0,-52.57,52.57,-0.37,20.0,,,
-60.0,-63.01,3.01,-0.16,2.0,,,
-57.5,-60.51,3.01,-0.16,2.0,,,
-55.0,-58.01,3.01,-0.16,2.0,,,
-52.5,-55.51,3.01,-0.16,2.0,,,
-50.0,-53.01,3.01,-0.16,2.0,,,
-47.5,-50.51,3.01,-0.16,2.0,,,
-45.0,-48.01,3.01,-0.16,2.0,,,
-42.5,-45.51,3.01,-0.16,2.0,,,
-40.0,-43.16,3.16,-0.16,2.0,,,
-37.5,-41.34,3.84,-0.16,2.0,,,
-35.0,-40.15,5.15,-0.16,2.0,,,
-32.5,-39.55,7.05,-0.16,2.0,,,
-30.0,-39.29,9.29,-0.16,2.0,,,
-27.5,-38.8,11.3,-0.16,2.0,,,
-25.0,-38.09,13.09,-0.16,2.0,,,
-22.5,-37.22,14.72,-0.16,2.0,,,
-20.0,-36.24,16.24,-0.16,2.0,,,
-17.5,-35.19,17.69,-0.16,2.0,,,
-15.0,-34.08,19.08,-0.16,2.0,,,
-12.5,-32.94,20.44,-0.16,2.0,,,
-10.0,-31.77,21.77,-0.16,2.0,,,
-7.5,-30.58,23.08,-0.16,2.0,,,
-5.0,-29.38,24.38,-0.16,2.0,,,
-2.5,-28.14,25.64,-0.16,2.0,,,
0.0,-26.79,26.79,-0.16,2.0,,,
-60.0,-63.01,3.01,-0.16,3.0,,,
-57.5,-60.51,3.01,-0.16,3.0,,,
-55.0,-58.01,3.01,-0.16,3.0,,,
-52.5,-55.51,3.01,-0.16,3.0,,,
-50.0,-53.01,3.01,-0.16,3.0,,,
-47.5,-50.51,3.01,-0.16,3.0,,,
-45.0,-48.01,3.01,-0.16,3.0,,,
-42.5,-45.51,3.01,-0.16,3.0,,,
-40.0,-43.21,3.21,-0.16,3.0,,,
-37.5,-41.61,4.11,-0.16,3.0,,,
-35.0,-40.84,5.84,-0.16,3.0,,,
-32.5,-40.85,8.35,-0.16,3.0,,,
-30.0,-41.32,11.32,-0.16,3.0,,,
-27.5,-41.49,13.99,-0.16,3.0,,,
-25.0,-41.35,16.35,-0.16,3.0,,,
-22.5,-41.01,18.51,-0.16,3.0,,,
-20.0,-40.51,20.51,-0.16,3.0,,,
-17.5,-39.92,22.42,-0.16,3.0,,,
-15.0,-39.26,24.26,-0.16,3.0,,,
-12.5,-38.55,26.05,-0.16,3.0,,,
-10.0,-37.8,27.8,-0.16,3.0,,,
-7.5,-37.03,29.53,-0.16,3.0,,,
-5.0,-36.23,31.23,-0.16,3.0,,,
-2.5,-35.4,32.9,-0.16,3.0,,,
0.0,-34.47,34.47,-0.16,3.0,,,
-60.0,-63.01,3.01,-0.16,3.9,,,
-57.5,-60.51,3.01,-0.16,3.9,,,
-55.0,-58.01,3.01,-0.16,3.9,,,
-52.5,-55.51,3.01,-0.16,3.9,,,
-50.0,-53.01,3.01,-0.16,3.9,,,
-47.5,-50.51,3.01,-0.16,3.9,,,
-45.0,-48.01,3.01,-0.16,3.9,,,
-42.5,-45.51,3.01,-0.16,3.9,,,
-40.0,-43.23,3.23,-0.16,3.9,,,
-37.5,-41.75,4.25,-0.16,3.9,,,
-35.0,-41.18,6.18,-0.16,3.9,,,
-32.5,-41.51,9.01,-0.16,3.9,,,
-30.0,-42.33,12.33,-0.16,3.9,,,
-27.5,-42.83,15.33,-0.16,3.9,,,
-25.0,-42.98,17.98,-0.16,3.9,,,
-22.5,-42.89,20.39,-0.16,3.9,,,
-20.0,-42.64,22.64,-0.16,3.9,,,
-17.5,-42.28,24.78,-0.16,3.9,,,
-15.0,-41.83,26.83,-0.16,3.9,,,
-12.5,-41.34,28.84,-0.16,3.9,,,
-10.0,-40.8,30.8,-0.16,3.9,,,
-7.5,-40.23,32.73,-0.16,3.9,,,
-5.0,-39.64,34.64,-0.16,3.9,,,
-2.5,-39.01,36.51,-0.16,3.9,,,
0.0,-38.28,38.28,-0.16,3.9,,,
-60.0,-63.01,3.01,-0.16,4.8,,,
-57.5,-60.51,3.01,-0.16,4.8,,,
-55.0,-58.01,3.01,-0.16,4.8,,,
-52.5,-55.51,3.01,-0.16,4.8,,,
-50.0,-53.01,3.01,-0.16,4.8,,,
-47.5,-50.51,3.01,-0.16,4.8,,,
-45.0,-48.01,3.01,-0.16,4.8,,,
-42.5,-45.51,3.01,-0.16,4.8,,,
-40.0,-43.24,3.24,-0.16,4.8,,,
-37.5,-41.83,4.33,-0.16,4.8,,,
-35.0,-41.4,6.4,-0.16,4.8,,,
-32.5,-41.91,9.41,-0.16,4.8,,,
-30.0,-42.96,12.96,-0.16,4.8,,,
-27.5,-43.66,16.16,-0.16,4.8,,,
-25.0,-43.99,18.99,-0.16,4.8,,,
-22.5,-44.07,21.57,-0.16,4.8,,,
-20.0,-43.96,23.96,-0.16,4.8,,,
-17.5,-43.74,26.24,-0.16,4.8,,,
-15.0,-43.44,28.44,-0.16,4.8,,,
-12.5,-43.07,30.57,-0.16,4.8,,,
-10.0,-42.66,32.66,-0.16,4.8,,,
-7.5,-42.22,34.72,-0.16,4.8,,,
-5.0,-41.76,36.76,-0.16,4.8,,,
-2.5,-41.25,38.75,-0.16,4.8,,,
0.0,-40.65,40.65,-0.16,4.8,,,
-60.0,-63.01,3.01,-0.16,5.8,,,
-57.5,-60.51,3.01,-0.16,5.8,,,
-55.0,-58.01,3.01,-0.16,5.8,,,
-52.5,-55.51,3.01,-0.16,5.8,,,
-50.0,-53.01,3.01,-0.16,5.8,,,
-47.5,-50.51,3.01,-0.16,5.8,,,
-45.0,-48.01,3.01,-0.16,5.8,,,
-42.5,-45.51,3.01,-0.16,5.8,,,
-40.0,-43.25,3.25,-0.16,5.8,,,
-37.5,-41.89,4.39,-0.16,5.8,,,
-35.0,-41.54,6.54,-0.16,5.8,,,
-32.5,-42.19,9.69,-0.16,5.8,,,
-30.0,-43.39,13.39,-0.16,5.8,,,
-27.5,-44.22,16.72,-0.16,5.8,,,
-25.0,-44.67,19.67,-0.16,5.8,,,
-22.5,-44.85,22.35,-0.16,5.8,,,
-20.0,-44.85,24.85,-0.16,5.8,,,
-17.5,-44.72,27.22,-0.16,5.8,,,
-15.0,-44.51,29.51,-0.16,5.8,,,
-12.5,-44.23,31.73,-0.16,5.8,,,
-10.0,-43.91,33.91,-0.16,5.8,,,
-7.5,-43.55,36.05,-0.16,5.8,,,
-5.0,-43.17,38.17,-0.16,5.8,,,
-2.5,-42.75,40.25,-0.16,5.8,,,
0.0,-42.23,42.23,-0.16,5.8,,,
-60.0,-63.01,3.01,-0.16,6.7,,,
-57.5,-60.51,3.01,-0.16,6.7,,,
-55.0,-58.01,3.01,-0.16,6.7,,,
-52.5,-55.51,3.01,-0.16,6.7,,,
-50.0,-53.01,3.01,-0.16,6.7,,,
-47.5,-50.51,3.01,-0.16,6.7,,,
-45.0,-48.01,3.01,-0.16,6.7,,,
-42.5,-45.51,3.01,-0.16,6.7,,,
-40.0,-43.26,3.26,-0.16,6.7,,,
-37.5,-41.93,4.43,-0.16,6.7,,,
-35.0,-41.65,6.65,-0.16,6.7,,,
-32.5,-42.38,9.88,-0.16,6.7,,,
-30.0,-43.69,13.69,-0.16,6.7,,,
-27.5,-44.62,17.12,-0.16,6.7,,,
-25.0,-45.16,20.16,-0.16,6.7,,,
-22.5,-45.42,22.92,-0.16,6.7,,,
-20.0,-45.49,25.49,-0.16,6.7,,,
-17.5,-45.43,27.93,-0.16,6.7,,,
-15.0,-45.28,30.28,-0.16,6.7,,,
-12.5,-45.06,32.56,-0.16,6.7,,,
-10.0,-44.8,34.8,-0.16,6.7,,,
-7.5,-44.51,37.01,-0.16,6.7,,,
-5.0,-44.19,39.19,-0.16,6.7,,,
-2.5,-43.83,41.33,-0.16,6.7,,,
0.0,-43.37,43.37,-0.16,6.7,,,
-60.0,-63.01,3.01,-0.16,7.7,,,
-57.5,-60.51,3.01,-0.16,7.7,,,
-55.0,-58.01,3.01,-0.16,7.7,,,
-52.5,-55.51,3.01,-0.16,7.7,,,
-50.0,-53.01,3.01,-0.16,7.7,,,
-47.5,-50.51,3.01,-0.16,7.7,,,
-45.0,-48.01,3.01,-0.16,7.7,,,
-42.5,-45.51,3.01,-0.16,7.7,,,
-40.0,-43.27,3.27,-0.16,7.7,,,
-37.5,-41.96,4.46,-0.16,7.7,,,
-35.0,-41.72,6.72,-0.16,7.7,,,
-32.5,-42.53,10.03,-0.16,7.7,,,
-30.0,-43.93,13.93,-0.16,7.7,,,
-27.5,-44.93,17.43,-0.16,7.7,,,
-25.0,-45.53,20.53,-0.16,7.7,,,
-22.5,-45.84,23.34,-0.16,7.7,,,
-20.0,-45.97,25.97,-0.16,7.7,,,
-17.5,-45.96,28.46,-0.16,7.7,,,
-15.0,-45.86,30.86,-0.16,7.7,,,
-12.5,-45.69,33.19,-0.16,7.7,,,
-10.0,-45.48,35.48,-0.16,7.7,,,
-7.5,-45.23,37.73,-0.16,7.7,,,
-5.0,-44.96,39.96,-0.16,7.7,,,
-2.5,-44.64,42.14,-0.16,7.7,,,
0.0,-44.23,44.23,-0.16,7.7,,,
-60.0,-63.01,3.01,-0.16,8.6,,,
-57.5,-60.51,3.01,-0.16,8.6,,,
-55.0,-58.01,3.01,-0.16,8.6,,,
-52.5,-55.51,3.01,-0.16,8.6,,,
-50.0,-53.01,3.01,-0.16,8.6,,,
-47.5,-50.51,3.01,-0.16,8.6,,,
-45.0,-48.01,3.01,-0.16,8.6,,,
-42.5,-45.51,3.01,-0.16,8.6,,,
-40.0,-43.27,3.27,-0.16,8.6,,,
-37.5,-41.98,4.48,-0.16,8.6,,,
-35.0,-41.78,6.78,-0.16,8.6,,,
-32.5,-42.64,10.14,-0.16,8.6,,,
-30.0,-44.1,14.1,-0.16,8.6,,,
-27.5,-45.16,17.66,-0.16,8.6,,,
-25.0,-45.81,20.81,-0.16,8.6,,,
-22.5,-46.17,23.67,-0.16,8.6,,,
-20.0,-46.33,26.33,-0.16,8.6,,,
-17.5,-46.37,28.87,-0.16,8.6,,,
-15.0,-46.3,31.3,-0.16,8.6,,,
-12.5,-46.17,33.67,-0.16,8.6,,,
-10.0,-46.0,36.0,-0.16,8.6,,,
-7.5,-45.78,38.28,-0.16,8.6,,,
-5.0,-45.54,40.54,-0.16,8.6,,,
-2.5,-45.26,42.76,-0.16,8.6,,,
0.0,-44.88,44.88,-0.16,8.6,,,
-60.0,-63.01,3.01,-0.16,9.6,,,
-57.5,-60.51,3.01,-0.16,9.6,,,
-55.0,-58.01,3.01,-0.16,9.6,,,
-52.5,-55.51,3.01,-0.16,9.6,,,
-50.0,-53.01,3.01,-0.16,9.6,,,
-47.5,-50.51,3.01,-0.16,9.6,,,
-45.0,-48.01,3.01,-0.16,9.6,,,
-42.5,-45.51,3.01,-0.16,9.6,,,
-40.0,-43.27,3.27,-0.16,9.6,,,
-37.5,-42.0,4.5,-0.16,9.6,,,
-35.0,-41.83,6.83,-0.16,9.6,,,
-32.5,-42.74,10.24,-0.16,9.6,,,
-30.0,-44.25,14.25,-0.16,9.6,,,
-27.5,-45.35,17.85,-0.16,9.6,,,
-25.0,-46.04,21.04,-0.16,9.6,,,
-22.5,-46.44,23.94,-0.16,9.6,,,
-20.0,-46.64,26.64,-0.16,9.6,,,
-17.5,-46.71,29.21,-0.16,9.6,,,
-15.0,-46.67,31.67,-0.16,9.6,,,
-12.5,-46.58,34.08,-0.16,9.6,,,
-10.0,-46.43,36.43,-0.16,9.6,,,
-7.5,-46.24,38.74,-0.16,9.6,,,
-5.0,-46.03,41.03,-0.16,9.6,,,
-2.5,-45.78,43.28,-0.16,9.6,,,
0.0,-45.42,45.42,-0.16,9.6,,,
-60.0,-63.01,3.01,-0.16,10.5,,,
-57.5,-60.51,3.01,-0.16,10.5,,,
-55.0,-58.01,3.01,-0.16,10.5,,,
-52.5,-55.51,3.01,-0.16,10.5,,,
-50.0,-53.01,3.01,-0.16,10.5,,,
-47.5,-50.51,3.01,-0.16,10.5,,,
-45.0,-48.01,3.01,-0.16,10.5,,,
-42.5,-45.51,3.01,-0.16,10.5,,,
-40.0,-43.28,3.28,-0.16,10.5,,,
-37.5,-42.02,4.52,-0.16,10.5,,,
-35.0,-41.87,6.87,-0.16,10.5,,,
-32.5,-42.81,10.31,-0.16,10.5,,,
-30.0,-44.36,14.36,-0.16,10.5,,,
-27.5,-45.5,18.0,-0.16,10.5,,,
-25.0,-46.23,21.23,-0.16,10.5,,,
-22.5,-46.65,24.15,-0.16,10.5,,,
-20.0,-46.88,26.88,-0.16,10.5,,,
-17.5,-46.97,29.47,-0.16,10.5,,,
-15.0,-46.96,31.96,-0.16,10.5,,,
-12.5,-46.89,34.39,-0.16,10.5,,,
-10.0,-46.76,36.76,-0.16,10.5,,,
-7.5,-46.6,39.1,-0.16,10.5,,,
-5.0,-46.41,41.41,-0.16,10.5,,,
-2.5,-46.18,43.68,-0.16,10.5,,,
0.0,-45.85,45.85,-0.16,10.5,,,
-60.0,-63.01,3.01,-0.16,11.5,,,
-57.5,-60.51,3.01,-0.16,11.5,,,
-55.0,-58.01,3.01,-0.16,11.5,,,
-52.5,-55.51,3.01,-0.16,11.5,,,
-50.0,-53.01,3.01,-0.16,11.5,,,
-47.5,-50.51,3.01,-0.16,11.5,,,
-45.0,-48.01,3.01,-0.16,11.5,,,
-42.5,-45.51,3.01,-0.16,11.5,,,
-40.0,-43.28,3.28,-0.16,11.5,,,
-37.5,-42.03,4.53,-0.16,11.5,,,
-35.0,-41.91,6.91,-0.16,11.5,,,
-32.5,-42.87,10.37,-0.16,11.5,,,
-30.0,-44.46,14.46,-0.16,11.5,,,
-27.5,-45.63,18.13,-0.16,11.5,,,
-25.0,-46.38,21.38,-0.16,11.5,,,
-22.5,-46.83,24.33,-0.16,11.5,,,
-20.0,-47.08,27.08,-0.16,11.5,,,
-17.5,-47.19,29.69,-0.16,11.5,,,
-15.0,-47.21,32.21,-0.16,11.5,,,
-12.5,-47.15,34.65,-0.16,11.5,,,
-10.0,-47.05,37.05,-0.16,11.5,,,
-7.5,-46.9,39.4,-0.16,11.5,,,
-5.0,-46.73,41.73,-0.16,11.5,,,
-2.5,-46.52,44.02,-0.16,11.5,,,
0.0,-46.21,46.21,-0.16,11.5,,,
-60.0,-63.01,3.01,-0.16,12.4,,,
-57.5,-60.51,3.01,-0.16,12.4,,,
-55.0,-58.01,3.01,-0.16,12.4,,,
-52.5,-55.51,3.01,-0.16,12.4,,,
-50.0,-53.01,3.01,-0.16,12.4,,,
-47.5,-50.51,3.01,-0.16,12.4,,,
-45.0,-48.01,3.01,-0.16,12.4,,,
-42.5,-45.51,3.01,-0.16,12.4,,,
-40.0,-43.28,3.28,-0.16,12.4,,,
-37.5,-42.04,4.54,-0.16,12.4,,,
-35.0,-41.94,6.94,-0.16,12.4,,,
-32.5,-42.93,10.43,-0.16,12.4,,,
-30.0,-44.54,14.54,-0.16,12.4,,,
-27.5,-45.74,18.24,-0.16,12.4,,,
-25.0,-46.51,21.51,-0.16,12.4,,,
-22.5,-46.99,24.49,-0.16,12.4,,,
-20.0,-47.26,27.26,-0.16,12.4,,,
-17.5,-47.39,29.89,-0.16,12.4,,,
-15.0,-47.42,32.42,-0.16,12.4,,,
-12.5,-47.38,34.88,-0.16,12.4,,,
-10.0,-47.29,37.29,-0.16,12.4,,,
-7.5,-47.16,39.66,-0.16,12.4,,,
-5.0,-47.01,42.01,-0.16,12.4,,,
-2.5,-46.82,44.32,-0.16,12.4,,,
0.0,-46.52,46.52,-0.16,12.4,,,
-60.0,-63.01,3.01,-0.16,13.4,,,
-57.5,-60.51,3.01,-0.16,13.4,,,
-55.0,-58.01,3.01,-0.16,13.4,,,
-52.5,-55.51,3.01,-0.16,13.4,,,
-50.0,-53.01,3.01,-0.16,13.4,,,
-47.5,-50.51,3.01,-0.16,13.4,,,
-45.0,-48.01,3.01,-0.16,13.4,,,
-42.5,-45.51,3.01,-0.16,13.4,,,
-40.0,-43.28,3.28,-0.16,13.4,,,
-37.5,-42.05,4.55,-0.16,13.4,,,
-35.0,-41.96,6.96,-0.16,13.4,,,
-32.5,-42.98,10.48,-0.16,13.4,,,
-30.0,-44.62,14.62,-0.16,13.4,,,
-27.5,-45.84,18.34,-0.16,13.4,,,
-25.0,-46.63,21.63,-0.16,13.4,,,
-22.5,-47.13,24.63,-0.16,13.4,,,
-20.0,-47.41,27.41,-0.16,13.4,,,
-17.5,-47.56,30.06,-0.16,13.4,,,
-15.0,-47.6,32.6,-0.16,13.4,,,
-12.5,-47.58,35.08,-0.16,13.4,,,
-10.0,-47.51,37.51,-0.16,13.4,,,
-7.5,-47.39,39.89,-0.16,13.4,,,
-5.0,-47.25,42.25,-0.16,13.4,,,
-2.5,-47.08,44.58,-0.16,13.4,,,
0.0,-46.79,46.79,-0.16,13.4,,,
-60.0,-63.01,3.01,-0.16,14.3,,,
-57.5,-60.51,3.01,-0.16,14.3,,,
-55.0,-58.01,3.01,-0.16,14.3,,,
-52.5,-55.51,3.01,-0.16,14.3,,,
-50.0,-53.01,3.01,-0.16,14.3,,,
-47.5,-50.51,3.01,-0.16,14.3,,,
-45.0,-48.01,3.01,-0.16,14.3,,,
-42.5,-45.51,3.01,-0.16,14.3,,,
-40.0,-43.28,3.28,-0.16,14.3,,,
-37.5,-42.06,4.56,-0.16,14.3,,,
-35.0,-41.98,6.98,-0.16,14.3,,,
-32.5,-43.01,10.51,-0.16,14.3,,,
-30.0,-44.68,14.68,-0.16,14.3,,,
-27.5,-45.92,18.42,-0.16,14.3,,,
-25.0,-46.73,21.73,-0.16,14.3,,,
-22.5,-47.24,24.74,-0.16,14.3,,,
-20.0,-47.53,27.53,-0.16,14.3,,,
-17.5,-47.69,30.19,-0.16,14.3,,,
-15.0,-47.75,32.75,-0.16,14.3,,,
-12.5,-47.74,35.24,-0.16,14.3,,,
-10.0,-47.68,37.68,-0.16,14.3,,,
-7.5,-47.58,40.08,-0.16,14.3,,,
-5.0,-47.45,42.45,-0.16,14.3,,,
-2.5,-47.28,44.78,-0.16,14.3,,,
0.0,-47.01,47.01,-0.16,14.3,,,
-60.0,-63.01,3.01,-0.16,15.3,,,
-57.5,-60.51,3.01,-0.16,15.3,,,
-55.0,-58.01,3.01,-0.16,15.3,,,
-52.5,-55.51,3.01,-0.16,15.3,,,
-50.0,-53.01,3.01,-0.16,15.3,,,
-47.5,-50.51,3.01,-0.16,15.3,,,
-45.0,-48.01,3.01,-0.16,15.3,,,
-42.5,-45.51,3.01,-0.16,15.3,,,
-40.0,-43.29,3.29,-0.16,15.3,,,
-37.5,-42.06,4.56,-0.16,15.3,,,
-35.0,-42.0,7.0,-0.16,15.3,,,
-32.5,-43.05,10.55,-0.16,15.3,,,
-30.0,-44.73,14.73,-0.16,15.3,,,
-27.5,-45.99,18.49,-0.16,15.3,,,
-25.0,-46.81,21.81,-0.16,15.3,,,
-22.5,-47.33,24.83,-0.16,15.3,,,
-20.0,-47.65,27.65,-0.16,15.3,,,
-17.5,-47.82,30.32,-0.16,15.3,,,
-15.0,-47.89,32.89,-0.16,15.3,,,
-12.5,-47.89,35.39,-0.16,15.3,,,
-10.0,-47.84,37.84,-0.16,15.3,,,
-7.5,-47.75,40.25,-0.16,15.3,,,
-5.0,-47.63,42.63,-0.16,15.3,,,
-2.5,-47.47,44.97,-0.16,15.3,,,
0.0,-47.21,47.21,-0.16,15.3,,,
-60.0,-63.01,3.01,-0.16,16.2,,,
-57.5,-60.51,3.01,-0.16,16.2,,,
-55.0,-58.01,3.01,-0.16,16.2,,,
-52.5,-55.51,3.01,-0.16,16.2,,,
-50.0,-53.01,3.01,-0.16,16.2,,,
-47.5,-50.51,3.01,-0.16,16.2,,,
-45.0,-48.01,3.01,-0.16,16.2,,,
-42.5,-45.51,3.01,-0.16,16.2,,,
-40.0,-43.29,3.29,-0.16,16.2,,,
-37.5,-42.07,4.57,-0.16,16.2,,,
-35.0,-42.02,7.02,-0.16,16.2,,,
-32.5,-43.08,10.58,-0.16,16.2,,,
-30.0,-44.78,14.78,-0.16,16.2,,,
-27.5,-46.05,18.55,-0.16,16.2,,,
-25.0,-46.89,21.89,-0.16,16.2,,,
-22.5,-47.42,24.92,-0.16,16.2,,,
-20.0,-47.75,27.75,-0.16,16.2,,,
-17.5,-47.93,30.43,-0.16,16.2,,,
-15.0,-48.01,33.01,-0.16,16.2,,,
-12.5,-48.02,35.52,-0.16,16.2,,,
-10.0,-47.98,37.98,-0.16,16.2,,,
-7.5,-47.9,40.4,-0.16,16.2,,,
-5.0,-47.79,42.79,-0.16,16.2,,,
-2.5,-47.64,45.14,-0.16,16.2,,,
0.0,-47.39,47.39,-0.16,16.2,,,
-60.0,-63.01,3.01,-0.16,17.2,,,
-57.5,-60.51,3.01,-0.16,17.2,,,
-55.0,-58.01,3.01,-0.16,17.2,,,
-52.5,-55.51,3.01,-0.16,17.2,,,
-50.0,-53.01,3.01,-0.16,17.2,,,
-47.5,-50.51,3.01,-0.16,17.2,,,
-45.0,-48.01,3.01,-0.16,17.2,,,
-42.5,-45.51,3.01,-0.16,17.2,,,
-40.0,-43.29,3.29,-0.16,17.2,,,
-37.5,-42.08,4.58,-0.16,17.2,,,
-35.0,-42.03,7.03,-0.16,17.2,,,
-32.5,-43.11,10.61,-0.16,17.2,,,
-30.0,-44.82,14.82,-0.16,17.2,,,
-27.5,-46.11,18.61,-0.16,17.2,,,
-25.0,-46.96,21.96,-0.16,17.2,,,
-22.5,-47.51,25.01,-0.16,17.2,,,
-20.0,-47.84,27.84,-0.16,17.2,,,
-17.5,-48.03,30.53,-0.16,17.2,,,
-15.0,-48.12,33.12,-0.16,17.2,,,
-12.5,-48.14,35.64,-0.16,17.2,,,
-10.0,-48.11,38.11,-0.16,17.2,,,
-7.5,-48.04,40.54,-0.16,17.2,,,
-5.0,-47.94,42.94,-0.16,17.2,,,
-2.5,-47.8,45.3,-0.16,17.2,,,
0.0,-47.55,47.55,-0.16,17.2,,,
-60.0,-63.01,3.01,-0.16,18.1,,,
-57.5,-60.51,3.01,-0.16,18.1,,,
-55.0,-58.01,3.01,-0.16,18.1,,,
-52.5,-55.51,3.01,-0.16,18.1,,,
-50.0,-53.01,3.01,-0.16,18.1,,,
-47.5,-50.51,3.01,-0.16,18.1,,,
-45.0,-48.01,3.01,-0.16,18.1,,,
-42.5,-45.51,3.01,-0.16,18.1,,,
-40.0,-43.29,3.29,-0.16,18.1,,,
-37.5,-42.08,4.58,-0.16,18.1,,,
-35.0,-42.04,7.04,-0.16,18.1,,,
-32.5,-43.13,10.63,-0.16,18.1,,,
-30.0,-44.86,14.86,-0.16,18.1,,,
-27.5,-46.16,18.66,-0.16,18.1,,,
-25.0,-47.02,22.02,-0.16,18.1,,,
-22.5,-47.58,25.08,-0.16,18.1,,,
-20.0,-47.92,27.92,-0.16,18.1,,,
-17.5,-48.12,30.62,-0.16,18.1,,,
-15.0,-48.22,33.22,-0.16,18.1,,,
-12.5,-48.24,35.74,-0.16,18.1,,,
-10.0,-48.22,38.22,-0.16,18.1,,,
-7.5,-48.15,40.65,-0.16,18.1,,,
-5.0,-48.06,43.06,-0.16,18.1,,,
-2.5,-47.93,45.43,-0.16,18.1,,,
0.0,-47.69,47.69,-0.16,18.1,,,
-60.0,-63.01,3.01,-0.16,19.1,,,
-57.5,-60.51,3.01,-0.16,19.1,,,
-55.0,-58.01,3.01,-0.16,19.1,,,
-52.5,-55.51,3.01,-0.16,19.1,,,
-50.0,-53.01,3.01,-0.16,19.1,,,
-47.5,-50.51,3.01,-0.16,19.1,,,
-45.0,-48.01,3.01,-0.16,19.1,,,
-42.5,-45.51,3.01,-0.16,19.1,,,
-40.0,-43.29,3.29,-0.16,19.1,,,
-37.5,-42.09,4.59,-0.16,19.1,,,
-35.0,-42.05,7.05,-0.16,19.1,,,
-32.5,-43.15,10.65,-0.16,19.1,,,
-30.0,-44.89,14.89,-0.16,19.1,,,
-27.5,-46.2,18.7,-0.16,19.1,,,
-25.0,-47.07,22.07,-0.16,19.1,,,
-22.5,-47.64,25.14,-0.16,19.1,,,
-20.0,-47.99,27.99,-0.16,19.1,,,
-17.5,-48.19,30.69,-0.16,19.1,,,
-15.0,-48.3,33.3,-0.16,19.1,,,
-12.5,-48.33,35.83,-0.16,19.1,,,
-10.0,-48.31,38.31,-0.16,19.1,,,
-7.5,-48.26,40.76,-0.16,19.1,,,
-5.0,-48.17,43.17,-0.16,19.1,,,
-2.5,-48.04,45.54,-0.16,19.1,,,
0.0,-47.81,47.81,-0.16,19.1,,,
-60.0,-63.01,3.01,-0.16,20.0,,,
-57.5,-60.51,3.01,-0.16,20.0,,,
-55.0,-58.01,3.01,-0.16,20.0,,,
-52.5,-55.51,3.01,-0.16,20.0,,,
-50.0,-53.01,3.01,-0.16,20.0,,,
-47.5,-50.51,3.01,-0.16,20.0,,,
-45.0,-48.01,3.01,-0.16,20.0,,,
-42.5,-45.51,3.01,-0.16,20.0,,,
-40.0,-43.29,3.29,-0.16,20.0,,,
-37.5,-42.09,4.59,-0.16,20.0,,,
-35.0,-42.07,7.07,-0.16,20.0,,,
-32.5,-43.17,10.67,-0.16,20.0,,,
-30.0,-44.93,14.93,-0.16,20.0,,,
-27.5,-46.25,18.75,-0.16,20.0,,,
-25.0,-47.12,22.12,-0.16,20.0,,,
-22.5,-47.69,25.19,-0.16,20.0,,,
-20.0,-48.05,28.05,-0.16,20.0,,,
-17.5,-48.27,30.77,-0.16,20.0,,,
-15.0,-48.38,33.38,-0.16,20.0,,,
-12.5,-48.42,35.92,-0.16,20.0,,,
-10.0,-48.41,38.41,-0.16,20.0,,,
-7.5,-48.35,40.85,-0.16,20.0,,,
-5.0,-48.27,43.27,-0.16,20.0,,,
-2.5,-48.15,45.65,-0.16,20.0,,,
0.0,-47.93,47.93,-0.16,20.0,,,
-60.0,-63.01,3.01,0.05,2.0,,,
-57.5,-60.51,3.01,0.05,2.0,,,
-55.0,-58.01,3.01,0.05,2.0,,,
-52.5,-55.51,3.01,0.05,2.0,,,
-50.0,-53.01,3.01,0.05,2.0,,,
-47.5,-50.51,3.01,0.05,2.0,,,
-45.0,-48.01,3.01,0.05,2.0,,,
-42.5,-45.51,3.01,0.05,2.0,,,
-40.0,-43.01,3.01,0.05,2.0,,,
-37.5,-40.58,3.08,0.05,2.0,,,
-35.0,-38.72,3.72,0.05,2.0,,,
-32.5,-37.49,4.99,0.05,2.0,,,
-30.0,-36.79,6.79,0.05,2.0,,,
-27.5,-36.29,8.79,0.05,2.0,,,
-25.0,-35.58,10.58,0.05,2.0,,,
-22.5,-34.71,12.21,0.05,2.0,,,
-20.0,-33.73,13.73,0.05,2.0,,,
-17.5,-32.68,15.18,0.05,2.0,,,
-15.0,-31.57,16.57,0.05,2.0,,,
-12.5,-30.43,17.93,0.05,2.0,,,
-10.0,-29.26,19.26,0.05,2.0,,,
-7.5,-28.08,20.58,0.05,2.0,,,
-5.0,-26.87,21.87,0.05,2.0,,,
-2.5,-25.63,23.13,0.05,2.0,,,
0.0,-24.29,24.29,0.05,2.0,,,
-60.0,-63.01,3.01,0.05,3.0,,,
-57.5,-60.51,3.01,0.05,3.0,,,
-55.0,-58.01,3.01,0.05,3.0,,,
-52.5,-55.51,3.01,0.05,3.0,,,
-50.0,-53.01,3.01,0.05,3.0,,,
-47.5,-50.51,3.01,0.05,3.0,,,
-45.0,-48.01,3.01,0.05,3.0,,,
-42.5,-45.51,3.01,0.05,3.0,,,
-40.0,-43.01,3.01,0.05,3.0,,,
-37.5,-40.61,3.11,0.05,3.0,,,
-35.0,-38.94,3.94,0.05,3.0,,,
-32.5,-38.13,5.63,0.05,3.0,,,
-30.0,-38.02,8.02,0.05,3.0,,,
-27.5,-38.15,10.65,0.05,3.0,,,
-25.0,-38.02,13.02,0.05,3.0,,,
-22.5,-37.68,15.18,0.05,3.0,,,
-20.0,-37.19,17.19,0.05,3.0,,,
-17.5,-36.6,19.1,0.05,3.0,,,
-15.0,-35.94,20.94,0.05,3.0,,,
-12.5,-35.24,22.74,0.05,3.0,,,
-10.0,-34.5,24.5,0.05,3.0,,,
-7.5,-33.73,26.23,0.05,3.0,,,
-5.0,-32.94,27.94,0.05,3.0,,,
-2.5,-32.11,29.61,0.05,3.0,,,
0.0,-31.18,31.18,0.05,3.0,,,
-60.0,-63.01,3.01,0.05,3.9,,,
-57.5,-60.51,3.01,0.05,3.9,,,
-55.0,-58.01,3.01,0.05,3.9,,,
-52.5,-55.51,3.01,0.05,3.9,,,
-50.0,-53.01,3.01,0.05,3.9,,,
-47.5,-50.51,3.01,0.05,3.9,,,
-45.0,-48.01,3.01,0.05,3.9,,,
-42.5,-45.51,3.01,0.05,3.9,,,
-40.0,-43.01,3.01,0.05,3.9,,,
-37.5,-40.62,3.12,0.05,3.9,,,
-35.0,-39.06,4.06,0.05,3.9,,,
-32.5,-38.45,5.95,0.05,3.9,,,
-30.0,-38.63,8.63,0.05,3.9,,,
-27.5,-39.09,11.59,0.05,3.9,,,
-25.0,-39.25,14.25,0.05,3.9,,,
-22.5,-39.17,16.67,0.05,3.9,,,
-20.0,-38.92,18.92,0.05,3.9,,,
-17.5,-38.56,21.06,0.05,3.9,,,
-15.0,-38.13,23.13,0.05,3.9,,,
-12.5,-37.63,25.13,0.05,3.9,,,
-10.0,-37.1,27.1,0.05,3.9,,,
-7.5,-36.54,29.04,0.05,3.9,,,
-5.0,-35.95,30.95,0.05,3.9,,,
-2.5,-35.33,32.83,0.05,3.9,,,
0.0,-34.6,34.6,0.05,3.9,,,
-60.0,-63.01,3.01,0.05,4.8,,,
-57.5,-60.51,3.01,0.05,4.8,,,
-55.0,-58.01,3.01,0.05,4.8,,,
-52.5,-55.51,3.01,0.05,4.8,,,
-50.0,-53.01,3.01,0.05,4.8,,,
-47.5,-50.51,3.01,0.05,4.8,,,
-45.0,-48.01,3.01,0.05,4.8,,,
-42.5,-45.51,3.01,0.05,4.8,,,
-40.0,-43.01,3.01,0.05,4.8,,,
-37.5,-40.63,3.13,0.05,4.8,,,
-35.0,-39.13,4.13,0.05,4.8,,,
-32.5,-38.65,6.15,0.05,4.8,,,
-30.0,-39.01,9.01,0.05,4.8,,,
-27.5,-39.67,12.17,0.05,4.8,,,
-25.0,-40.01,15.01,0.05,4.8,,,
-22.5,-40.09,17.59,0.05,4.8,,,
-20.0,-39.99,19.99,0.05,4.8,,,
-17.5,-39.78,22.28,0.05,4.8,,,
-15.0,-39.48,24.48,0.05,4.8,,,
-12.5,-39.12,26.62,0.05,4.8,,,
-10.0,-38.72,28.72,0.05,4.8,,,
-7.5,-38.29,30.79,0.05,4.8,,,
-5.0,-37.83,32.83,0.05,4.8,,,
-2.5,-37.33,34.83,0.05,4.8,,,
0.0,-36.73,36.73,0.05,4.8,,,
-60.0,-63.01,3.01,0.05,5.8,,,
-57.5,-60.51,3.01,0.05,5.8,,,
-55.0,-58.01,3.01,0.05,5.8,,,
-52.5,-55.51,3.01,0.05,5.8,,,
-50.0,-53.01,3.01,0.05,5.8,,,
-47.5,-50.51,3.01,0.05,5.8,,,
-45.0,-48.01,3.01,0.05,5.8,,,
-42.5,-45.51,3.01,0.05,5.8,,,
-40.0,-43.01,3.01,0.05,5.8,,,
-37.5,-40.63,3.13,0.05,5.8,,,
-35.0,-39.18,4.18,0.05,5.8,,,
-32.5,-38.78,6.28,0.05,5.8,,,
-30.0,-39.27,9.27,0.05,5.8,,,
-27.5,-40.06,12.56,0.05,5.8,,,
-25.0,-40.52,15.52,0.05,5.8,,,
-22.5,-40.71,18.21,0.05,5.8,,,
-20.0,-40.72,20.72,0.05,5.8,,,
-17.5,-40.6,23.1,0.05,5.8,,,
-15.0,-40.39,25.39,0.05,5.8,,,
-12.5,-40.12,27.62,0.05,5.8,,,
-10.0,-39.81,29.81,0.05,5.8,,,
-7.5,-39.46,31.96,0.05,5.8,,,
-5.0,-39.08,34.08,0.05,5.8,,,
-2.5,-38.67,36.17,0.05,5.8,,,
0.0,-38.15,38.15,0.05,5.8,,,
-60.0,-63.01,3.01,0.05,6.7,,,
-57.5,-60.51,3.01,0.05,6.7,,,
-55.0,-58.01,3.01,0.05,6.7,,,
-52.5,-55.51,3.01,0.05,6.7,,,
-50.0,-53.01,3.01,0.05,6.7,,,
-47.5,-50.51,3.01,0.05,6.7,,,
-45.0,-48.01,3.01,0.05,6.7,,,
-42.5,-45.51,3.01,0.05,6.7,,,
-40.0,-43.01,3.01,0.05,6.7,,,
-37.5,-40.64,3.14,0.05,6.7,,,
-35.0,-39.21,4.21,0.05,6.7,,,
-32.5,-38.88,6.38,0.05,6.7,,,
-30.0,-39.45,9.45,0.05,6.7,,,
-27.5,-40.34,12.84,0.05,6.7,,,
-25.0,-40.89,15.89,0.05,6.7,,,
-22.5,-41.16,18.66,0.05,6.7,,,
-20.0,-41.23,21.23,0.05,6.7,,,
-17.5,-41.18,23.68,0.05,6.7,,,
-15.0,-41.04,26.04,0.05,6.7,,,
-12.5,-40.84,28.34,0.05,6.7,,,
-10.0,-40.58,30.58,0.05,6.7,,,
-7.5,-40.3,32.8,0.05,6.7,,,
-5.0,-39.98,34.98,0.05,6.7,,,
-2.5,-39.63,37.13,0.05,6.7,,,
0.0,-39.17,39.17,0.05,6.7,,,
-60.0,-63.01,3.01,0.05,7.7,,,
-57.5,-60.51,3.01,0.05,7.7,,,
-55.0,-58.01,3.01,0.05,7.7,,,
-52.5,-55.51,3.01,0.05,7.7,,,
-50.0,-53.01,3.01,0.05,7.7,,,
-47.5,-50.51,3.01,0.05,7.7,,,
-45.0,-48.01,3.01,0.05,7.7,,,
-42.5,-45.51,3.01,0.05,7.7,,,
-40.0,-43.01,3.01,0.05,7.7,,,
-37.5,-40.64,3.14,0.05,7.7,,,
-35.0,-39.24,4.24,0.05,7.7,,,
-32.5,-38.95,6.45,0.05,7.7,,,
-30.0,-39.59,9.59,0.05,7.7,,,
-27.5,-40.56,13.06,0.05,7.7,,,
-25.0,-41.17,16.17,0.05,7.7,,,
-22.5,-41.49,18.99,0.05,7.7,,,
-20.0,-41.63,21.63,0.05,7.7,,,
-17.5,-41.63,24.13,0.05,7.7,,,
-15.0,-41.54,26.54,0.05,7.7,,,
-12.5,-41.38,28.88,0.05,7.7,,,
-10.0,-41.17,31.17,0.05,7.7,,,
-7.5,-40.93,33.43,0.05,7.7,,,
-5.0,-40.66,35.66,0.05,7.7,,,
-2.5,-40.36,37.86,0.05,7.7,,,
0.0,-39.94,39.94,0.05,7.7,,,
-60.0,-63.01,3.01,0.05,8.6,,,
-57.5,-60.51,3.01,0.05,8.6,,,
-55.0,-58.01,3.01,0.05,8.6,,,
-52.5,-55.51,3.01,0.05,8.6,,,
-50.0,-53.01,3.01,0.05,8.6,,,
-47.5,-50.51,3.01,0.05,8.6,,,
-45.0,-48.01,3.01,0.05,8.6,,,
-42.5,-45.51,3.01,0.05,8.6,,,
-40.0,-43.01,3.01,0.05,8.6,,,
-37.5,-40.64,3.14,0.05,8.6,,,
-35.0,-39.26,4.26,0.05,8.6,,,
-32.5,-39.0,6.5,0.05,8.6,,,
-30.0,-39.7,9.7,0.05,8.6,,,
-27.5,-40.72,13.22,0.05,8.6,,,
-25.0,-41.38,16.38,0.05,8.6,,,
-22.5,-41.75,19.25,0.05,8.6,,,
-20.0,-41.92,21.92,0.05,8.6,,,
-17.5,-41.96,24.46,0.05,8.6,,,
-15.0,-41.91,26.91,0.05,8.6,,,
-12.5,-41.79,29.29,0.05,8.6,,,
-10.0,-41.62,31.62,0.05,8.6,,,
-7.5,-41.41,33.91,0.05,8.6,,,
-5.0,-41.18,36.18,0.05,8.6,,,
-2.5,-40.91,38.41,0.05,8.6,,,
0.0,-40.53,40.53,0.05,8.6,,,
-60.0,-63.01,3.01,0.05,9.6,,,
-57.5,-60.51,3.01,0.05,9.6,,,
-55.0,-58.01,3.01,0.05,9.6,,,
-52.5,-55.51,3.01,0.05,9.6,,,
-50.0,-53.01,3.01,0.05,9.6,,,
-47.5,-50.51,3.01,0.05,9.6,,,
-45.0,-48.01,3.01,0.05,9.6,,,
-42.5,-45.51,3.01,0.05,9.6,,,
-40.0,-43.01,3.01,0.05,9.6,,,
-37.5,-40.64,3.14,0.05,9.6,,,
-35.0,-39.27,4.27,0.05,9.6,,,
-32.5,-39.05,6.55,0.05,9.6,,,
-30.0,-39.79,9.79,0.05,9.6,,,
-27.5,-40.85,13.35,0.05,9.6,,,
-25.0,-41.56,16.56,0.05,9.6,,,
-22.5,-41.97,19.47,0.05,9.6,,,
-20.0,-42.17,22.17,0.05,9.6,,,
-17.5,-42.25,24.75,0.05,9.6,,,
-15.0,-42.23,27.23,0.05,9.6,,,
-12.5,-42.14,29.64,0.05,9.6,,,
-10.0,-42.0,32.0,0.05,9.6,,,
-7.5,-41.82,34.32,0.05,9.6,,,
-5.0,-41.61,36.61,0.05,9.6,,,
-2.5,-41.37,38.87,0.05,9.6,,,
0.0,-41.02,41.02,0.05,9.6,,,
-60.0,-63.01,3.01,0.05,10.5,,,
-57.5,-60.51,3.01,0.05,10.5,,,
-55.0,-58.01,3.01,0.05,10.5,,,
-52.5,-55.51,3.01,0.05,10.5,,,
-50.0,-53.01,3.01,0.05,10.5,,,
-47.5,-50.51,3.01,0.05,10.5,,,
-45.0,-48.01,3.01,0.05,10.5,,,
-42.5,-45.51,3.01,0.05,10.5,,,
-40.0,-43.01,3.01,0.05,10.5,,,
-37.5,-40.64,3.14,0.05,10.5,,,
-35.0,-39.29,4.29,0.05,10.5,,,
-32.5,-39.09,6.59,0.05,10.5,,,
-30.0,-39.86,9.86,0.05,10.5,,,
-27.5,-40.96,13.46,0.05,10.5,,,
-25.0,-41.69,16.69,0.05,10.5,,,
-22.5,-42.13,19.63,0.05,10.5,,,
-20.0,-42.37,22.37,0.05,10.5,,,
-17.5,-42.47,24.97,0.05,10.5,,,
-15.0,-42.47,27.47,0.05,10.5,,,
-12.5,-42.4,29.9,0.05,10.5,,,
-10.0,-42.29,32.29,0.05,10.5,,,
-7.5,-42.13,34.63,0.05,10.5,,,
-5.0,-41.95,36.95,0.05,10.5,,,
-2.5,-41.73,39.23,0.05,10.5,,,
0.0,-41.4,41.4,0.05,10.5,,,
-60.0,-63.01,3.01,0.05,11.5,,,
-57.5,-60.51,3.01,0.05,11.5,,,
-55.0,-58.01,3.01,0.05,11.5,,,
-52.5,-55.51,3.01,0.05,11.5,,,
-50.0,-53.01,3.01,0.05,11.5,,,
-47.5,-50.51,3.01,0.05,11.5,,,
-45.0,-48.01,3.01,0.05,11.5,,,
-42.5,-45.51,3.01,0.05,11.5,,,
-40.0,-43.01,3.01,0.05,11.5,,,
-37.5,-40.65,3.15,0.05,11.5,,,
-35.0,-39.3,4.3,0.05,11.5,,,
-32.5,-39.12,6.62,0.05,11.5,,,
-30.0,-39.91,9.91,0.05,11.5,,,
-27.5,-41.05,13.55,0.05,11.5,,,
-25.0,-41.81,16.81,0.05,11.5,,,
-22.5,-42.27,19.77,0.05,11.5,,,
-20.0,-42.53,22.53,0.05,11.5,,,
-17.5,-42.65,25.15,0.05,11.5,,,
-15.0,-42.68,27.68,0.05,11.5,,,
-12.5,-42.63,30.13,0.05,11.5,,,
-10.0,-42.53,32.53,0.05,11.5,,,
-7.5,-42.4,34.9,0.05,11.5,,,
-5.0,-42.24,37.24,0.05,11.5,,,
-2.5,-42.04,39.54,0.05,11.5,,,
0.0,-41.73,41.73,0.05,11.5,,,
-60.0,-63.01,3.01,0.05,12.4,,,
-57.5,-60.51,3.01,0.05,12.4,,,
-55.0,-58.01,3.01,0.05,12.4,,,
-52.5,-55.51,3.01,0.05,12.4,,,
-50.0,-53.01,3.01,0.05,12.4,,,
-47.5,-50.51,3.01,0.05,12.4,,,
-45.0,-48.01,3.01,0.05,12.4,,,
-42.5,-45.51,3.01,0.05,12.4,,,
-40.0,-43.01,3.01,0.05,12.4,,,
-37.5,-40.65,3.15,0.05,12.4,,,
-35.0,-39.31,4.31,0.05,12.4,,,
-32.5,-39.14,6.64,0.05,12.4,,,
-30.0,-39.96,9.96,0.05,12.4,,,
-27.5,-41.13,13.63,0.05,12.4,,,
-25.0,-41.91,16.91,0.05,12.4,,,
-22.5,-42.4,19.9,0.05,12.4,,,
-20.0,-42.67,22.67,0.05,12.4,,,
-17.5,-42.81,25.31,0.05,12.4,,,
-15.0,-42.86,27.86,0.05,12.4,,,
-12.5,-42.83,30.33,0.05,12.4,,,
-10.0,-42.75,32.75,0.05,12.4,,,
-7.5,-42.63,35.13,0.05,12.4,,,
-5.0,-42.48,37.48,0.05,12.4,,,
-2.5,-42.3,39.8,0.05,12.4,,,
0.0,-42.01,42.01,0.05,12.4,,,
-60.0,-63.01,3.01,0.05,13.4,,,
-57.5,-60.51,3.01,0.05,13.4,,,
-55.0,-58.01,3.01,0.05,13.4,,,
-52.5,-55.51,3.01,0.05,13.4,,,
-50.0,-53.01,3.01,0.05,13.4,,,
-47.5,-50.51,3.01,0.05,13.4,,,
-45.0,-48.01,3.01,0.05,13.4,,,
-42.5,-45.51,3.01,0.05,13.4,,,
-40.0,-43.01,3.01,0.05,13.4,,,
-37.5,-40.65,3.15,0.05,13.4,,,
-35.0,-39.32,4.32,0.05,13.4,,,
-32.5,-39.17,6.67,0.05,13.4,,,
-30.0,-40.01,10.01,0.05,13.4,,,
-27.5,-41.19,13.69,0.05,13.4,,,
-25.0,-42.0,17.0,0.05,13.4,,,
-22.5,-42.5,20.0,0.05,13.4,,,
-20.0,-42.8,22.8,0.05,13.4,,,
-17.5,-42.96,25.46,0.05,13.4,,,
-15.0,-43.01,28.01,0.05,13.4,,,
-12.5,-43.0,30.5,0.05,13.4,,,
-10.0,-42.94,32.94,0.05,13.4,,,
-7.5,-42.83,35.33,0.05,13.4,,,
-5.0,-42.7,37.7,0.05,13.4,,,
-2.5,-42.53,40.03,0.05,13.4,,,
0.0,-42.25,42.25,0.05,13.4,,,
-60.0,-63.01,3.01,0.05,14.3,,,
-57.5,-60.51,3.01,0.05,14.3,,,
-55.0,-58.01,3.01,0.05,14.3,,,
-52.5,-55.51,3.01,0.05,14.3,,,
-50.0,-53.01,3.01,0.05,14.3,,,
-47.5,-50.51,3.01,0.05,14.3,,,
-45.0,-48.01,3.01,0.05,14.3,,,
-42.5,-45.51,3.01,0.05,14.3,,,
-40.0,-43.01,3.01,0.05,14.3,,,
-37.5,-40.65,3.15,0.05,14.3,,,
-35.0,-39.32,4.32,0.05,14.3,,,
-32.5,-39.19,6.69,0.05,14.3,,,
-30.0,-40.05,10.05,0.05,14.3,,,
-27.5,-41.25,13.75,0.05,14.3,,,
-25.0,-42.07,17.07,0.05,14.3,,,
-22.5,-42.59,20.09,0.05,14.3,,,
-20.0,-42.9,22.9,0.05,14.3,,,
-17.5,-43.07,25.57,0.05,14.3,,,
-15.0,-43.14,28.14,0.05,14.3,,,
-12.5,-43.14,30.64,0.05,14.3,,,
-10.0,-43.09,33.09,0.05,14.3,,,
-7.5,-43.0,35.5,0.05,14.3,,,
-5.0,-42.88,37.88,0.05,14.3,,,
-2.5,-42.72,40.22,0.05,14.3,,,
0.0,-42.45,42.45,0.05,14.3,,,
-60.0,-63.01,3.01,0.05,15.3,,,
-57.5,-60.51,3.01,0.05,15.3,,,
-55.0,-58.01,3.01,0.05,15.3,,,
-52.5,-55.51,3.01,0.05,15.3,,,
-50.0,-53.01,3.01,0.05,15.3,,,
-47.5,-50.51,3.01,0.05,15.3,,,
-45.0,-48.01,3.01,0.05,15.3,,,
-42.5,-45.51,3.01,0.05,15.3,,,
-40.0,-43.01,3.01,0.05,15.3,,,
-37.5,-40.65,3.15,0.05,15.3,,,
-35.0,-39.33,4.33,0.05,15.3,,,
-32.5,-39.2,6.7,0.05,15.3,,,
-30.0,-40.08,10.08,0.05,15.3,,,
-27.5,-41.3,13.8,0.05,15.3,,,
-25.0,-42.14,17.14,0.05,15.3,,,
-22.5,-42.67,20.17,0.05,15.3,,,
-20.0,-42.99,22.99,0.05,15.3,,,
-17.5,-43.17,25.67,0.05,15.3,,,
-15.0,-43.26,28.26,0.05,15.3,,,
-12.5,-43.27,30.77,0.05,15.3,,,
-10.0,-43.22,33.22,0.05,15.3,,,
-7.5,-43.14,35.64,0.05,15.3,,,
-5.0,-43.03,38.03,0.05,15.3,,,
-2.5,-42.88,40.38,0.05,15.3,,,
0.0,-42.63,42.63,0.05,15.3,,,
-60.0,-63.01,3.01,0.05,16.2,,,
-57.5,-60.51,3.01,0.05,16.2,,,
-55.0,-58.01,3.01,0.05,16.2,,,
-52.5,-55.51,3.01,0.05,16.2,,,
-50.0,-53.01,3.01,0.05,16.2,,,
-47.5,-50.51,3.01,0.05,16.2,,,
-45.0,-48.01,3.01,0.05,16.2,,,
-42.5,-45.51,3.01,0.05,16.2,,,
-40.0,-43.01,3.01,0.05,16.2,,,
-37.5,-40.65,3.15,0.05,16.2,,,
-35.0,-39.33,4.33,0.05,16.2,,,
-32.5,-39.22,6.72,0.05,16.2,,,
-30.0,-40.11,10.11,0.05,16.2,,,
-27.5,-41.34,13.84,0.05,16.2,,,
-25.0,-42.19,17.19,0.05,16.2,,,
-22.5,-42.74,20.24,0.05,16.2,,,
-20.0,-43.07,23.07,0.05,16.2,,,
-17.5,-43.27,25.77,0.05,16.2,,,
-15.0,-43.36,28.36,0.05,16.2,,,
-12.5,-43.38,30.88,0.05,16.2,,,
-10.0,-43.35,33.35,0.05,16.2,,,
-7.5,-43.28,35.78,0.05,16.2,,,
-5.0,-43.17,38.17,0.05,16.2,,,
-2.5,-43.04,40.54,0.05,16.2,,,
0.0,-42.79,42.79,0.05,16.2,,,
-60.0,-63.01,3.01,0.05,17.2,,,
-57.5,-60.51,3.01,0.05,17.2,,,
-55.0,-58.01,3.01,0.05,17.2,,,
-52.5,-55.51,3.01,0.05,17.2,,,
-50.0,-53.01,3.01,0.05,17.2,,,
-47.5,-50.51,3.01,0.05,17.2,,,
-45.0,-48.01,3.01,0.05,17.2,,,
-42.5,-45.51,3.01,0.05,17.2,,,
-40.0,-43.01,3.01,0.05,17.2,,,
-37.5,-40.65,3.15,0.05,17.2,,,
-35.0,-39.34,4.34,0.05,17.2,,,
-32.5,-39.23,6.73,0.05,17.2,,,
-30.0,-40.13,10.13,0.05,17.2,,,
-27.5,-41.38,13.88,0.05,17.2,,,
-25.0,-42.25,17.25,0.05,17.2,,,
-22.5,-42.8,20.3,0.05,17.2,,,
-20.0,-43.15,23.15,0.05,17.2,,,
-17.5,-43.35,25.85,0.05,17.2,,,
-15.0,-43.45,28.45,0.05,17.2,,,
-12.5,-43.48,30.98,0.05,17.2,,,
-10.0,-43.46,33.46,0.05,17.2,,,
-7.5,-43.4,35.9,0.05,17.2,,,
-5.0,-43.3,38.3,0.05,17.2,,,
-2.5,-43.17,40.67,0.05,17.2,,,
0.0,-42.94,42.94,0.05,17.2,,,
-60.0,-63.01,3.01,0.05,18.1,,,
-57.5,-60.51,3.01,0.05,18.1,,,
-55.0,-58.01,3.01,0.05,18.1,,,
-52.5,-55.51,3.01,0.05,18.1,,,
-50.0,-53.01,3.01,0.05,18.1,,,
-47.5,-50.51,3.01,0.05,18.1,,,
-45.0,-48.01,3.01,0.05,18.1,,,
-42.5,-45.51,3.01,0.05,18.1,,,
-40.0,-43.01,3.01,0.05,18.1,,,
-37.5,-40.65,3.15,0.05,18.1,,,
-35.0,-39.34,4.34,0.05,18.1,,,
-32.5,-39.24,6.74,0.05,18.1,,,
-30.0,-40.16,10.16,0.05,18.1,,,
-27.5,-41.42,13.92,0.05,18.1,,,
-25.0,-42.29,17.29,0.05,18.1,,,
-22.5,-42.86,20.36,0.05,18.1,,,
-20.0,-43.21,23.21,0.05,18.1,,,
-17.5,-43.42,25.92,0.05,18.1,,,
-15.0,-43.53,28.53,0.05,18.1,,,
-12.5,-43.57,31.07,0.05,18.1,,,
-10.0,-43.55,33.55,0.05,18.1,,,
-7.5,-43.5,36.0,0.05,18.1,,,
-5.0,-43.41,38.41,0.05,18.1,,,
-2.5,-43.29,40.79,0.05,18.1,,,
0.0,-43.06,43.06,0.05,18.1,,,
-60.0,-63.01,3.01,0.05,19.1,,,
-57.5,-60.51,3.01,0.05,19.1,,,
-55.0,-58.01,3.01,0.05,19.1,,,
-52.5,-55.51,3.01,0.05,19.1,,,
-50.0,-53.01,3.01,0.05,19.1,,,
-47.5,-50.51,3.01,0.05,19.1,,,
-45.0,-48.01,3.01,0.05,19.1,,,
-42.5,-45.51,3.01,0.05,19.1,,,
-40.0,-43.01,3.01,0.05,19.1,,,
-37.5,-40.65,3.15,0.05,19.1,,,
-35.0,-39.35,4.35,0.05,19.1,,,
-32.5,-39.25,6.75,0.05,19.1,,,
-30.0,-40.18,10.18,0.05,19.1,,,
-27.5,-41.45,13.95,0.05,19.1,,,
-25.0,-42.33,17.33,0.05,19.1,,,
-22.5,-42.91,20.41,0.05,19.1,,,
-20.0,-43.27,23.27,0.05,19.1,,,
-17.5,-43.49,25.99,0.05,19.1,,,
-15.0,-43.6,28.6,0.05,19.1,,,
-12.5,-43.65,31.15,0.05,19.1,,,
-10.0,-43.64,33.64,0.05,19.1,,,
-7.5,-43.59,36.09,0.05,19.1,,,
-5.0,-43.51,38.51,0.05,19.1,,,
-2.5,-43.4,40.9,0.05,19.1,,,
0.0,-43.17,43.17,0.05,19.1,,,
-60.0,-63.01,3.01,0.05,20.0,,,
-57.5,-60.51,3.01,0.05,20.0,,,
-55.0,-58.01,3.01,0.05,20.0,,,
-52.5,-55.51,3.01,0.05,20.0,,,
-50.0,-53.01,3.01,0.05,20.0,,,
-47.5,-50.51,3.01,0.05,20.0,,,
-45.0,-48.01,3.01,0.05,20.0,,,
-42.5,-45.51,3.01,0.05,20.0,,,
-40.0,-43.01,3.01,0.05,20.0,,,
-37.5,-40.65,3.15,0.05,20.0,,,
-35.0,-39.35,4.35,0.05,20.0,,,
-32.5,-39.26,6.76,0.05,20.0,,,
-30.0,-40.2,10.2,0.05,20.0,,,
-27.5,-41.48,13.98,0.05,20.0,,,
-25.0,-42.37,17.37,0.05,20.0,,,
-22.5,-42.95,20.45,0.05,20.0,,,
-20.0,-43.32,23.32,0.05,20.0,,,
-17.5,-43.55,26.05,0.05,20.0,,,
-15.0,-43.67,28.67,0.05,20.0,,,
-12.5,-43.72,31.22,0.05,20.0,,,
-10.0,-43.72,33.72,0.05,20.0,,,
-7.5,-43.68,36.18,0.05,20.0,,,
-5.0,-43.61,38.61,0.05,20.0,,,
-2.5,-43.49,40.99,0.05,20.0,,,
0.0,-43.28,43.28,0.05,20.0,,,
-60.0,-63.01,3.01,0.26,2.0,,,
-57.5,-60.51,3.01,0.26,2.0,,,
-55.0,-58.01,3.01,0.26,2.0,,,
-52.5,-55.51,3.01,0.26,2.0,,,
-50.0,-53.01,3.01,0.26,2.0,,,
-47.5,-50.51,3.01,0.26,2.0,,,
-45.0,-48.01,3.01,0.26,2.0,,,
-42.5,-45.51,3.01,0.26,2.0,,,
-40.0,-43.01,3.01,0.26,2.0,,,
-37.5,-40.51,3.01,0.26,2.0,,,
-35.0,-38.04,3.04,0.26,2.0,,,
-32.5,-36.09,3.59,0.26,2.0,,,
-30.0,-34.75,4.75,0.26,2.0,,,
-27.5,-33.81,6.31,0.26,2.0,,,
-25.0,-33.06,8.06,0.26,2.0,,,
-22.5,-32.19,9.69,0.26,2.0,,,
-20.0,-31.21,11.21,0.26,2.0,,,
-17.5,-30.16,12.66,0.26,2.0,,,
-15.0,-29.06,14.06,0.26,2.0,,,
-12.5,-27.92,15.42,0.26,2.0,,,
-10.0,-26.75,16.75,0.26,2.0,,,
-7.5,-25.57,18.07,0.26,2.0,,,
-5.0,-24.36,19.36,0.26,2.0,,,
-2.5,-23.13,20.63,0.26,2.0,,,
0.0,-21.78,21.78,0.26,2.0,,,
-60.0,-63.01,3.01,0.26,3.0,,,
-57.5,-60.51,3.01,0.26,3.0,,,
-55.0,-58.01,3.01,0.26,3.0,,,
-52.5,-55.51,3.01,0.26,3.0,,,
-50.0,-53.01,3.01,0.26,3.0,,,
-47.5,-50.51,3.01,0.26,3.0,,,
-45.0,-48.01,3.01,0.26,3.0,,,
-42.5,-45.51,3.01,0.26,3.0,,,
-40.0,-43.01,3.01,0.26,3.0,,,
-37.5,-40.51,3.01,0.26,3.0,,,
-35.0,-38.05,3.05,0.26,3.0,,,
-32.5,-36.28,3.78,0.26,3.0,,,
-30.0,-35.32,5.32,0.26,3.0,,,
-27.5,-34.88,7.38,0.26,3.0,,,
-25.0,-34.69,9.69,0.26,3.0,,,
-22.5,-34.35,11.85,0.26,3.0,,,
-20.0,-33.86,13.86,0.26,3.0,,,
-17.5,-33.28,15.78,0.26,3.0,,,
-15.0,-32.62,17.62,0.26,3.0,,,
-12.5,-31.92,19.42,0.26,3.0,,,
-10.0,-31.18,21.18,0.26,3.0,,,
-7.5,-30.42,22.92,0.26,3.0,,,
-5.0,-29.63,24.63,0.26,3.0,,,
-2.5,-28.81,26.31,0.26,3.0,,,
0.0,-27.88,27.88,0.26,3.0,,,
-60.0,-63.01,3.01,0.26,3.9,,,
-57.5,-60.51,3.01,0.26,3.9,,,
-55.0,-58.01,3.01,0.26,3.9,,,
-52.5,-55.51,3.01,0.26,3.9,,,
-50.0,-53.01,3.01,0.26,3.9,,,
-47.5,-50.51,3.01,0.26,3.9,,,
-45.0,-48.01,3.01,0.26,3.9,,,
-42.5,-45.51,3.01,0.26,3.9,,,
-40.0,-43.01,3.01,0.26,3.9,,,
-37.5,-40.51,3.01,0.26,3.9,,,
-35.0,-38.06,3.06,0.26,3.9,,,
-32.5,-36.37,3.87,0.26,3.9,,,
-30.0,-35.6,5.6,0.26,3.9,,,
-27.5,-35.41,7.91,0.26,3.9,,,
-25.0,-35.51,10.51,0.26,3.9,,,
-22.5,-35.43,12.93,0.26,3.9,,,
-20.0,-35.19,15.19,0.26,3.9,,,
-17.5,-34.84,17.34,0.26,3.9,,,
-15.0,-34.41,19.41,0.26,3.9,,,
-12.5,-33.92,21.42,0.26,3.9,,,
-10.0,-33.39,23.39,0.26,3.9,,,
-7.5,-32.84,25.34,0.26,3.9,,,
-5.0,-32.26,27.26,0.26,3.9,,,
-2.5,-31.64,29.14,0.26,3.9,,,
0.0,-30.92,30.92,0.26,3.9,,,
-60.0,-63.01,3.01,0.26,4.8,,,
-57.5,-60.51,3.01,0.26,4.8,,,
-55.0,-58.01,3.01,0.26,4.8,,,
-52.5,-55.51,3.01,0.26,4.8,,,
-50.0,-53.01,3.01,0.26,4.8,,,
-47.5,-50.51,3.01,0.26,4.8,,,
-45.0,-48.01,3.01,0.26,4.8,,,
-42.5,-45.51,3.01,0.26,4.8,,,
-40.0,-43.01,3.01,0.26,4.8,,,
-37.5,-40.51,3.01,0.26,4.8,,,
-35.0,-38.06,3.06,0.26,4.8,,,
-32.5,-36.43,3.93,0.26,4.8,,,
-30.0,-35.77,5.77,0.26,4.8,,,
-27.5,-35.75,8.25,0.26,4.8,,,
-25.0,-36.02,11.02,0.26,4.8,,,
-22.5,-36.1,13.6,0.26,4.8,,,
-20.0,-36.01,16.01,0.26,4.8,,,
-17.5,-35.81,18.31,0.26,4.8,,,
-15.0,-35.51,20.51,0.26,4.8,,,
-12.5,-35.16,22.66,0.26,4.8,,,
-10.0,-34.77,24.77,0.26,4.8,,,
-7.5,-34.34,26.84,0.26,4.8,,,
-5.0,-33.89,28.89,0.26,4.8,,,
-2.5,-33.4,30.9,0.26,4.8,,,
0.0,-32.8,32.8,0.26,4.8,,,
-60.0,-63.01,3.01,0.26,5.8,,,
-57.5,-60.51,3.01,0.26,5.8,,,
-55.0,-58.01,3.01,0.26,5.8,,,
-52.5,-55.51,3.01,0.26,5.8,,,
-50.0,-53.01,3.01,0.26,5.8,,,
-47.5,-50.51,3.01,0.26,5.8,,,
-45.0,-48.01,3.01,0.26,5.8,,,
-42.5,-45.51,3.01,0.26,5.8,,,
-40.0,-43.01,3.01,0.26,5.8,,,
-37.5,-40.51,3.01,0.26,5.8,,,
-35.0,-38.06,3.06,0.26,5.8,,,
-32.5,-36.47,3.97,0.26,5.8,,,
-30.0,-35.89,5.89,0.26,5.8,,,
-27.5,-35.97,8.47,0.26,5.8,,,
-25.0,-36.36,11.36,0.26,5.8,,,
-22.5,-36.56,14.06,0.26,5.8,,,
-20.0,-36.57,16.57,0.26,5.8,,,
-17.5,-36.46,18.96,0.26,5.8,,,
-15.0,-36.26,21.26,0.26,5.8,,,
-12.5,-36.0,23.5,0.26,5.8,,,
-10.0,-35.69,25.69,0.26,5.8,,,
-7.5,-35.35,27.85,0.26,5.8,,,
-5.0,-34.98,29.98,0.26,5.8,,,
-2.5,-34.57,32.07,0.26,5.8,,,
0.0,-34.06,34.06,0.26,5.8,,,
-60.0,-63.01,3.01,0.26,6.7,,,
-57.5,-60.51,3.01,0.26,6.7,,,
-55.0,-58.01,3.01,0.26,6.7,,,
-52.5,-55.51,3.01,0.26,6.7,,,
-50.0,-53.01,3.01,0.26,6.7,,,
-47.5,-50.51,3.01,0.26,6.7,,,
-45.0,-48.01,3.01,0.26,6.7,,,
-42.5,-45.51,3.01,0.26,6.7,,,
-40.0,-43.01,3.01,0.26,6.7,,,
-37.5,-40.51,3.01,0.26,6.7,,,
-35.0,-38.06,3.06,0.26,6.7,,,
-32.5,-36.5,4.0,0.26,6.7,,,
-30.0,-35.98,5.98,0.26,6.7,,,
-27.5,-36.13,8.63,0.26,6.7,,,
-25.0,-36.61,11.61,0.26,6.7,,,
-22.5,-36.88,14.38,0.26,6.7,,,
-20.0,-36.97,16.97,0.26,6.7,,,
-17.5,-36.92,19.42,0.26,6.7,,,
-15.0,-36.79,21.79,0.26,6.7,,,
-12.5,-36.59,24.09,0.26,6.7,,,
-10.0,-36.35,26.35,0.26,6.7,,,
-7.5,-36.07,28.57,0.26,6.7,,,
-5.0,-35.76,30.76,0.26,6.7,,,
-2.5,-35.42,32.92,0.26,6.7,,,
0.0,-34.97,34.97,0.26,6.7,,,
-60.0,-63.01,3.01,0.26,7.7,,,
-57.5,-60.51,3.01,0.26,7.7,,,
-55.0,-58.01,3.01,0.26,7.7,,,
-52.5,-55.51,3.01,0.26,7.7,,,
-50.0,-53.01,3.01,0.26,7.7,,,
-47.5,-50.51,3.01,0.26,7.7,,,
-45.0,-48.01,3.01,0.26,7.7,,,
-42.5,-45.51,3.01,0.26,7.7,,,
-40.0,-43.01,3.01,0.26,7.7,,,
-37.5,-40.51,3.01,0.26,7.7,,,
-35.0,-38.06,3.06,0.26,7.7,,,
-32.5,-36.52,4.02,0.26,7.7,,,
-30.0,-36.04,6.04,0.26,7.7,,,
-27.5,-36.25,8.75,0.26,7.7,,,
-25.0,-36.79,11.79,0.26,7.7,,,
-22.5,-37.13,14.63,0.26,7.7,,,
-20.0,-37.27,17.27,0.26,7.7,,,
-17.5,-37.28,19.78,0.26,7.7,,,
-15.0,-37.19,22.19,0.26,7.7,,,
-12.5,-37.05,24.55,0.26,7.7,,,
-10.0,-36.85,26.85,0.26,7.7,,,
-7.5,-36.62,29.12,0.26,7.7,,,
-5.0,-36.36,31.36,0.26,7.7,,,
-2.5,-36.06,33.56,0.26,7.7,,,
0.0,-35.65,35.65,0.26,7.7,,,
-60.0,-63.01,3.01,0.26,8.6,,,
-57.5,-60.51,3.01,0.26,8.6,,,
-55.0,-58.01,3.01,0.26,8.6,,,
-52.5,-55.51,3.01,0.26,8.6,,,
-50.0,-53.01,3.01,0.26,8.6,,,
-47.5,-50.51,3.01,0.26,8.6,,,
-45.0,-48.01,3.01,0.26,8.6,,,
-42.5,-45.51,3.01,0.26,8.6,,,
-40.0,-43.01,3.01,0.26,8.6,,,
-37.5,-40.51,3.01,0.26,8.6,,,
-35.0,-38.06,3.06,0.26,8.6,,,
-32.5,-36.53,4.03,0.26,8.6,,,
-30.0,-36.09,6.09,0.26,8.6,,,
-27.5,-36.35,8.85,0.26,8.6,,,
-25.0,-36.93,11.93,0.26,8.6,,,
-22.5,-37.31,14.81,0.26,8.6,,,
-20.0,-37.5,17.5,0.26,8.6,,,
-17.5,-37.55,20.05,0.26,8.6,,,
-15.0,-37.5,22.5,0.26,8.6,,,
-12.5,-37.39,24.89,0.26,8.6,,,
-10.0,-37.23,27.23,0.26,8.6,,,
-7.5,-37.03,29.53,0.26,8.6,,,
-5.0,-36.81,31.81,0.26,8.6,,,
-2.5,-36.54,34.04,0.26,8.6,,,
0.0,-36.17,36.17,0.26,8.6,,,
-60.0,-63.01,3.01,0.26,9.6,,,
-57.5,-60.51,3.01,0.26,9.6,,,
-55.0,-58.01,3.01,0.26,9.6,,,
-52.5,-55.51,3.01,0.26,9.6,,,
-50.0,-53.01,3.01,0.26,9.6,,,
-47.5,-50.51,3.01,0.26,9.6,,,
-45.0,-48.01,3.01,0.26,9.6,,,
-42.5,-45.51,3.01,0.26,9.6,,,
-40.0,-43.01,3.01,0.26,9.6,,,
-37.5,-40.51,3.01,0.26,9.6,,,
-35.0,-38.06,3.06,0.26,9.6,,,
-32.5,-36.55,4.05,0.26,9.6,,,
-30.0,-36.13,6.13,0.26,9.6,,,
-27.5,-36.42,8.92,0.26,9.6,,,
-25.0,-37.05,12.05,0.26,9.6,,,
-22.5,-37.47,14.97,0.26,9.6,,,
-20.0,-37.69,17.69,0.26,9.6,,,
-17.5,-37.77,20.27,0.26,9.6,,,
-15.0,-37.76,22.76,0.26,9.6,,,
-12.5,-37.68,25.18,0.26,9.6,,,
-10.0,-37.55,27.55,0.26,9.6,,,
-7.5,-37.38,29.88,0.26,9.6,,,
-5.0,-37.18,32.18,0.26,9.6,,,
-2.5,-36.95,34.45,0.26,9.6,,,
0.0,-36.61,36.61,0.26,9.6,,,
-60.0,-63.01,3.01,0.26,10.5,,,
-57.5,-60.51,3.01,0.26,10.5,,,
-55.0,-58.01,3.01,0.26,10.5,,,
-52.5,-55.51,3.01,0.26,10.5,,,
-50.0,-53.01,3.01,0.26,10.5,,,
-47.5,-50.51,3.01,0.26,10.5,,,
-45.0,-48.01,3.01,0.26,10.5,,,
-42.5,-45.51,3.01,0.26,10.5,,,
-40.0,-43.01,3.01,0.26,10.5,,,
-37.5,-40.51,3.01,0.26,10.5,,,
-35.0,-38.07,3.07,0.26,10.5,,,
-32.5,-36.56,4.06,0.26,10.5,,,
-30.0,-36.16,6.16,0.26,10.5,,,
-27.5,-36.48,8.98,0.26,10.5,,,
-25.0,-37.14,12.14,0.26,10.5,,,
-22.5,-37.59,15.09,0.26,10.5,,,
-20.0,-37.84,17.84,0.26,10.5,,,
-17.5,-37.95,20.45,0.26,10.5,,,
-15.0,-37.96,22.96,0.26,10.5,,,
-12.5,-37.9,25.4,0.26,10.5,,,
-10.0,-37.8,27.8,0.26,10.5,,,
-7.5,-37.65,30.15,0.26,10.5,,,
-5.0,-37.48,32.48,0.26,10.5,,,
-2.5,-37.26,34.76,0.26,10.5,,,
0.0,-36.95,36.95,0.26,10.5,,,
-60.0,-63.01,3.01,0.26,11.5,,,
-57.5,-60.51,3.01,0.26,11.5,,,
-55.0,-58.01,3.01,0.26,11.5,,,
-52.5,-55.51,3.01,0.26,11.5,,,
-50.0,-53.01,3.01,0.26,11.5,,,
-47.5,-50.51,3.01,0.26,11.5,,,
-45.0,-48.01,3.01,0.26,11.5,,,
-42.5,-45.51,3.01,0.26,11.5,,,
-40.0,-43.01,3.01,0.26,11.5,,,
-37.5,-40.51,3.01,0.26,11.5,,,
-35.0,-38.07,3.07,0.26,11.5,,,
-32.5,-36.57,4.07,0.26,11.5,,,
-30.0,-36.19,6.19,0.26,11.5,,,
-27.5,-36.54,9.04,0.26,11.5,,,
-25.0,-37.22,12.22,0.26,11.5,,,
-22.5,-37.7,15.2,0.26,11.5,,,
-20.0,-37.96,17.96,0.26,11.5,,,
-17.5,-38.1,20.6,0.26,11.5,,,
-15.0,-38.13,23.13,0.26,11.5,,,
-12.5,-38.09,25.59,0.26,11.5,,,
-10.0,-38.01,28.01,0.26,11.5,,,
-7.5,-37.88,30.38,0.26,11.5,,,
-5.0,-37.73,32.73,0.26,11.5,,,
-2.5,-37.53,35.03,0.26,11.5,,,
0.0,-37.23,37.23,0.26,11.5,,,
-60.0,-63.01,3.01,0.26,12.4,,,
-57.5,-60.51,3.01,0.26,12.4,,,
-55.0,-58.01,3.01,0.26,12.4,,,
-52.5,-55.51,3.01,0.26,12.4,,,
-50.0,-53.01,3.01,0.26,12.4,,,
-47.5,-50.51,3.01,0.26,12.4,,,
-45.0,-48.01,3.01,0.26,12.4,,,
-42.5,-45.51,3.01,0.26,12.4,,,
-40.0,-43.01,3.01,0.26,12.4,,,
-37.5,-40.51,3.01,0.26,12.4,,,
-35.0,-38.07,3.07,0.26,12.4,,,
-32.5,-36.57,4.07,0.26,12.4,,,
-30.0,-36.21,6.21,0.26,12.4,,,
-27.5,-36.58,9.08,0.26,12.4,,,
-25.0,-37.29,12.29,0.26,12.4,,,
-22.5,-37.78,15.28,0.26,12.4,,,
-20.0,-38.07,18.07,0.26,12.4,,,
-17.5,-38.22,20.72,0.26,12.4,,,
-15.0,-38.28,23.28,0.26,12.4,,,
-12.5,-38.26,25.76,0.26,12.4,,,
-10.0,-38.19,28.19,0.26,12.4,,,
-7.5,-38.08,30.58,0.26,12.4,,,
-5.0,-37.94,32.94,0.26,12.4,,,
-2.5,-37.76,35.26,0.26,12.4,,,
0.0,-37.48,37.48,0.26,12.4,,,
-60.0,-63.01,3.01,0.26,13.4,,,
-57.5,-60.51,3.01,0.26,13.4,,,
-55.0,-58.01,3.01,0.26,13.4,,,
-52.5,-55.51,3.01,0.26,13.4,,,
-50.0,-53.01,3.01,0.26,13.4,,,
-47.5,-50.51,3.01,0.26,13.4,,,
-45.0,-48.01,3.01,0.26,13.4,,,
-42.5,-45.51,3.01,0.26,13.4,,,
-40.0,-43.01,3.01,0.26,13.4,,,
-37.5,-40.51,3.01,0.26,13.4,,,
-35.0,-38.07,3.07,0.26,13.4,,,
-32.5,-36.58,4.08,0.26,13.4,,,
-30.0,-36.23,6.23,0.26,13.4,,,
-27.5,-36.62,9.12,0.26,13.4,,,
-25.0,-37.35,12.35,0.26,13.4,,,
-22.5,-37.86,15.36,0.26,13.4,,,
-20.0,-38.17,18.17,0.26,13.4,,,
-17.5,-38.34,20.84,0.26,13.4,,,
-15.0,-38.41,23.41,0.26,13.4,,,
-12.5,-38.4,25.9,0.26,13.4,,,
-10.0,-38.35,28.35,0.26,13.4,,,
-7.5,-38.25,30.75,0.26,13.4,,,
-5.0,-38.13,33.13,0.26,13.4,,,
-2.5,-37.97,35.47,0.26,13.4,,,
0.0,-37.7,37.7,0.26,13.4,,,
-60.0,-63.01,3.01,0.26,14.3,,,
-57.5,-60.51,3.01,0.26,14.3,,,
-55.0,-58.01,3.01,0.26,14.3,,,
-52.5,-55.51,3.01,0.26,14.3,,,
-50.0,-53.01,3.01,0.26,14.3,,,
-47.5,-50.51,3.01,0.26,14.3,,,
-45.0,-48.01,3.01,0.26,14.3,,,
-42.5,-45.51,3.01,0.26,14.3,,,
-40.0,-43.01,3.01,0.26,14.3,,,
-37.5,-40.51,3.01,0.26,14.3,,,
-35.0,-38.07,3.07,0.26,14.3,,,
-32.5,-36.59,4.09,0.26,14.3,,,
-30.0,-36.25,6.25,0.26,14.3,,,
-27.5,-36.65,9.15,0.26,14.3,,,
-25.0,-37.4,12.4,0.26,14.3,,,
-22.5,-37.93,15.43,0.26,14.3,,,
-20.0,-38.25,18.25,0.26,14.3,,,
-17.5,-38.43,20.93,0.26,14.3,,,
-15.0,-38.51,23.51,0.26,14.3,,,
-12.5,-38.52,26.02,0.26,14.3,,,
-10.0,-38.48,28.48,0.26,14.3,,,
-7.5,-38.39,30.89,0.26,14.3,,,
-5.0,-38.28,33.28,0.26,14.3,,,
-2.5,-38.13,35.63,0.26,14.3,,,
0.0,-37.88,37.88,0.26,14.3,,,
-60.0,-63.01,3.01,0.26,15.3,,,
-57.5,-60.51,3.01,0.26,15.3,,,
-55.0,-58.01,3.01,0.26,15.3,,,
-52.5,-55.51,3.01,0.26,15.3,,,
-50.0,-53.01,3.01,0.26,15.3,,,
-47.5,-50.51,3.01,0.26,15.3,,,
-45.0,-48.01,3.01,0.26,15.3,,,
-42.5,-45.51,3.01,0.26,15.3,,,
-40.0,-43.01,3.01,0.26,15.3,,,
-37.5,-40.51,3.01,0.26,15.3,,,
-35.0,-38.07,3.07,0.26,15.3,,,
-32.5,-36.59,4.09,0.26,15.3,,,
-30.0,-36.26,6.26,0.26,15.3,,,
-27.5,-36.68,9.18,0.26,15.3,,,
-25.0,-37.44,12.44,0.26,15.3,,,
-22.5,-37.98,15.48,0.26,15.3,,,
-20.0,-38.32,18.32,0.26,15.3,,,
-17.5,-38.51,21.01,0.26,15.3,,,
-15.0,-38.6,23.6,0.26,15.3,,,
-12.5,-38.62,26.12,0.26,15.3,,,
-10.0,-38.59,28.59,0.26,15.3,,,
-7.5,-38.52,31.02,0.26,15.3,,,
-5.0,-38.42,33.42,0.26,15.3,,,
-2.5,-38.28,35.78,0.26,15.3,,,
0.0,-38.03,38.03,0.26,15.3,,,
-60.0,-63.01,3.01,0.26,16.2,,,
-57.5,-60.51,3.01,0.26,16.2,,,
-55.0,-58.01,3.01,0.26,16.2,,,
-52.5,-55.51,3.01,0.26,16.2,,,
-50.0,-53.01,3.01,0.26,16.2,,,
-47.5,-50.51,3.01,0.26,16.2,,,
-45.0,-48.01,3.01,0.26,16.2,,,
-42.5,-45.51,3.01,0.26,16.2,,,
-40.0,-43.01,3.01,0.26,16.2,,,
-37.5,-40.51,3.01,0.26,16.2,,,
-35.0,-38.07,3.07,0.26,16.2,,,
-32.5,-36.6,4.1,0.26,16.2,,,
-30.0,-36.28,6.28,0.26,16.2,,,
-27.5,-36.7,9.2,0.26,16.2,,,
-25.0,-37.48,12.48,0.26,16.2,,,
-22.5,-38.03,15.53,0.26,16.2,,,
-20.0,-38.38,18.38,0.26,16.2,,,
-17.5,-38.58,21.08,0.26,16.2,,,
-15.0,-38.69,23.69,0.26,16.2,,,
-12.5,-38.72,26.22,0.26,16.2,,,
-10.0,-38.7,28.7,0.26,16.2,,,
-7.5,-38.63,31.13,0.26,16.2,,,
-5.0,-38.54,33.54,0.26,16.2,,,
-2.5,-38.41,35.91,0.26,16.2,,,
0.0,-38.18,38.18,0.26,16.2,,,
-60.0,-63.01,3.01,0.26,17.2,,,
-57.5,-60.51,3.01,0.26,17.2,,,
-55.0,-58.01,3.01,0.26,17.2,,,
-52.5,-55.51,3.01,0.26,17.2,,,
-50.0,-53.01,3.01,0.26,17.2,,,
-47.5,-50.51,3.01,0.26,17.2,,,
-45.0,-48.01,3.01,0.26,17.2,,,
-42.5,-45.51,3.01,0.26,17.2,,,
-40.0,-43.01,3.01,0.26,17.2,,,
-37.5,-40.51,3.01,0.26,17.2,,,
-35.0,-38.07,3.07,0.26,17.2,,,
-32.5,-36.6,4.1,0.26,17.2,,,
-30.0,-36.29,6.29,0.26,17.2,,,
-27.5,-36.73,9.23,0.26,17.2,,,
-25.0,-37.51,12.51,0.26,17.2,,,
-22.5,-38.08,15.58,0.26,17.2,,,
-20.0,-38.44,18.44,0.26,17.2,,,
-17.5,-38.65,21.15,0.26,17.2,,,
-15.0,-38.76,23.76,0.26,17.2,,,
-12.5,-38.8,26.3,0.26,17.2,,,
-10.0,-38.79,28.79,0.26,17.2,,,
-7.5,-38.74,31.24,0.26,17.2,,,
-5.0,-38.66,33.66,0.26,17.2,,,
-2.5,-38.54,36.04,0.26,17.2,,,
0.0,-38.31,38.31,0.26,17.2,,,
-60.0,-63.01,3.01,0.26,18.1,,,
-57.5,-60.51,3.01,0.26,18.1,,,
-55.0,-58.01,3.01,0.26,18.1,,,
-52.5,-55.51,3.01,0.26,18.1,,,
-50.0,-53.01,3.01,0.26,18.1,,,
-47.5,-50.51,3.01,0.26,18.1,,,
-45.0,-48.01,3.01,0.26,18.1,,,
-42.5,-45.51,3.01,0.26,18.1,,,
-40.0,-43.01,3.01,0.26,18.1,,,
-37.5,-40.51,3.01,0.26,18.1,,,
-35.0,-38.07,3.07,0.26,18.1,,,
-32.5,-36.6,4.1,0.26,18.1,,,
-30.0,-36.3,6.3,0.26,18.1,,,
-27.5,-36.75,9.25,0.26,18.1,,,
-25.0,-37.54,12.54,0.26,18.1,,,
-22.5,-38.12,15.62,0.26,18.1,,,
-20.0,-38.49,18.49,0.26,18.1,,,
-17.5,-38.71,21.21,0.26,18.1,,,
-15.0,-38.83,23.83,0.26,18.1,,,
-12.5,-38.88,26.38,0.26,18.1,,,
-10.0,-38.87,28.87,0.26,18.1,,,
-7.5,-38.83,31.33,0.26,18.1,,,
-5.0,-38.75,33.75,0.26,18.1,,,
-2.5,-38.64,36.14,0.26,18.1,,,
0.0,-38.42,38.42,0.26,18.1,,,
-60.0,-63.01,3.01,0.26,19.1,,,
-57.5,-60.51,3.01,0.26,19.1,,,
-55.0,-58.01,3.01,0.26,19.1,,,
-52.5,-55.51,3.01,0.26,19.1,,,
-50.0,-53.01,3.01,0.26,19.1,,,
-47.5,-50.51,3.01,0.26,19.1,,,
-45.0,-48.01,3.01,0.26,19.1,,,
-42.5,-45.51,3.01,0.26,19.1,,,
-40.0,-43.01,3.01,0.26,19.1,,,
-37.5,-40.51,3.01,0.26,19.1,,,
-35.0,-38.07,3.07,0.26,19.1,,,
-32.5,-36.61,4.11,0.26,19.1,,,
-30.0,-36.31,6.31,0.26,19.1,,,
-27.5,-36.76,9.26,0.26,19.1,,,
-25.0,-37.57,12.57,0.26,19.1,,,
-22.5,-38.16,15.66,0.26,19.1,,,
-20.0,-38.53,18.53,0.26,19.1,,,
-17.5,-38.76,21.26,0.26,19.1,,,
-15.0,-38.89,23.89,0.26,19.1,,,
-12.5,-38.94,26.44,0.26,19.1,,,
-10.0,-38.94,28.94,0.26,19.1,,,
-7.5,-38.91,31.41,0.26,19.1,,,
-5.0,-38.84,33.84,0.26,19.1,,,
-2.5,-38.73,36.23,0.26,19.1,,,
0.0,-38.52,38.52,0.26,19.1,,,
-60.0,-63.01,3.01,0.26,20.0,,,
-57.5,-60.51,3.01,0.26,20.0,,,
-55.0,-58.01,3.01,0.26,20.0,,,
-52.5,-55.51,3.01,0.26,20.0,,,
-50.0,-53.01,3.01,0.26,20.0,,,
-47.5,-50.51,3.01,0.26,20.0,,,
-45.0,-48.01,3.01,0.26,20.0,,,
-42.5,-45.51,3.01,0.26,20.0,,,
-40.0,-43.01,3.01,0.26,20.0,,,
-37.5,-40.51,3.01,0.26,20.0,,,
-35.0,-38.07,3.07,0.26,20.0,,,
-32.5,-36.61,4.11,0.26,20.0,,,
-30.0,-36.32,6.32,0.26,20.0,,,
-27.5,-36.78,9.28,0.26,20.0,,,
-25.0,-37.6,12.6,0.26,20.0,,,
-22.5,-38.19,15.69,0.26,20.0,,,
-20.0,-38.57,18.57,0.26,20.0,,,
-17.5,-38.81,21.31,0.26,20.0,,,
-15.0,-38.94,23.94,0.26,20.0,,,
-12.5,-39.0,26.5,0.26,20.0,,,
-10.0,-39.01,29.01,0.26,20.0,,,
-7.5,-38.98,31.48,0.26,20.0,,,
-5.0,-38.92,33.92,0.26,20.0,,,
-2.5,-38.82,36.32,0.26,20.0,,,
0.0,-38.61,38.61,0.26,20.0,,,
-60.0,-63.01,3.01,0.47,2.0,,,
-57.5,-60.51,3.01,0.47,2.0,,,
-55.0,-58.01,3.01,0.47,2.0,,,
-52.5,-55.51,3.01,0.47,2.0,,,
-50.0,-53.01,3.01,0.47,2.0,,,
-47.5,-50.51,3.01,0.47,2.0,,,
-45.0,-48.01,3.01,0.47,2.0,,,
-42.5,-45.51,3.01,0.47,2.0,,,
-40.0,-43.01,3.01,0.47,2.0,,,
-37.5,-40.51,3.01,0.47,2.0,,,
-35.0,-38.01,3.01,0.47,2.0,,,
-32.5,-35.52,3.02,0.47,2.0,,,
-30.0,-33.43,3.43,0.47,2.0,,,
-27.5,-31.87,4.37,0.47,2.0,,,
-25.0,-30.65,5.65,0.47,2.0,,,
-22.5,-29.67,7.17,0.47,2.0,,,
-20.0,-28.69,8.69,0.47,2.0,,,
-17.5,-27.64,10.14,0.47,2.0,,,
-15.0,-26.54,11.54,0.47,2.0,,,
-12.5,-25.4,12.9,0.47,2.0,,,
-10.0,-24.24,14.24,0.47,2.0,,,
-7.5,-23.05,15.55,0.47,2.0,,,
-5.0,-21.85,16.85,0.47,2.0,,,
-2.5,-20.62,18.12,0.47,2.0,,,
0.0,-19.28,19.28,0.47,2.0,,,
-60.0,-63.01,3.01,0.47,3.0,,,
-57.5,-60.51,3.01,0.47,3.0,,,
-55.0,-58.01,3.01,0.47,3.0,,,
-52.5,-55.51,3.01,0.47,3.0,,,
-50.0,-53.01,3.01,0.47,3.0,,,
-47.5,-50.51,3.01,0.47,3.0,,,
-45.0,-48.01,3.01,0.47,3.0,,,
-42.5,-45.51,3.01,0.47,3.0,,,
-40.0,-43.01,3.01,0.47,3.0,,,
-37.5,-40.51,3.01,0.47,3.0,,,
-35.0,-38.01,3.01,0.47,3.0,,,
-32.5,-35.52,3.02,0.47,3.0,,,
-30.0,-33.57,3.57,0.47,3.0,,,
-27.5,-32.3,4.8,0.47,3.0,,,
-25.0,-31.5,6.5,0.47,3.0,,,
-22.5,-31.02,8.52,0.47,3.0,,,
-20.0,-30.53,10.53,0.47,3.0,,,
-17.5,-29.95,12.45,0.47,3.0,,,
-15.0,-29.3,14.3,0.47,3.0,,,
-12.5,-28.6,16.1,0.47,3.0,,,
-10.0,-27.86,17.86,0.47,3.0,,,
-7.5,-27.1,19.6,0.47,3.0,,,
-5.0,-26.32,21.32,0.47,3.0,,,
-2.5,-25.5,23.0,0.47,3.0,,,
0.0,-24.58,24.58,0.47,3.0,,,
-60.0,-63.01,3.01,0.47,3.9,,,
-57.5,-60.51,3.01,0.47,3.9,,,
-55.0,-58.01,3.01,0.47,3.9,,,
-52.5,-55.51,3.01,0.47,3.9,,,
-50.0,-53.01,3.01,0.47,3.9,,,
-47.5,-50.51,3.01,0.47,3.9,,,
-45.0,-48.01,3.01,0.47,3.9,,,
-42.5,-45.51,3.01,0.47,3.9,,,
-40.0,-43.01,3.01,0.47,3.9,,,
-37.5,-40.51,3.01,0.47,3.9,,,
-35.0,-38.01,3.01,0.47,3.9,,,
-32.5,-35.52,3.02,0.47,3.9,,,
-30.0,-33.63,3.63,0.47,3.9,,,
-27.5,-32.52,5.02,0.47,3.9,,,
-25.0,-31.92,6.92,0.47,3.9,,,
-22.5,-31.69,9.19,0.47,3.9,,,
-20.0,-31.45,11.45,0.47,3.9,,,
-17.5,-31.1,13.6,0.47,3.9,,,
-15.0,-30.68,15.68,0.47,3.9,,,
-12.5,-30.2,17.7,0.47,3.9,,,
-10.0,-29.67,19.67,0.47,3.9,,,
-7.5,-29.12,21.62,0.47,3.9,,,
-5.0,-28.55,23.55,0.47,3.9,,,
-2.5,-27.94,25.44,0.47,3.9,,,
0.0,-27.22,27.22,0.47,3.9,,,
-60.0,-63.01,3.01,0.47,4.8,,,
-57.5,-60.51,3.01,0.47,4.8,,,
-55.0,-58.01,3.01,0.47,4.8,,,
-52.5,-55.51,3.01,0.47,4.8,,,
-50.0,-53.01,3.01,0.47,4.8,,,
-47.5,-50.51,3.01,0.47,4.8,,,
-45.0,-48.01,3.01,0.47,4.8,,,
-42.5,-45.51,3.01,0.47,4.8,,,
-40.0,-43.01,3.01,0.47,4.8,,,
-37.5,-40.51,3.01,0.47,4.8,,,
-35.0,-38.01,3.01,0.47,4.8,,,
-32.5,-35.52,3.02,0.47,4.8,,,
-30.0,-33.68,3.68,0.47,4.8,,,
-27.5,-32.66,5.16,0.47,4.8,,,
-25.0,-32.19,7.19,0.47,4.8,,,
-22.5,-32.11,9.61,0.47,4.8,,,
-20.0,-32.02,12.02,0.47,4.8,,,
-17.5,-31.82,14.32,0.47,4.8,,,
-15.0,-31.53,16.53,0.47,4.8,,,
-12.5,-31.19,18.69,0.47,4.8,,,
-10.0,-30.8,20.8,0.47,4.8,,,
-7.5,-30.38,22.88,0.47,4.8,,,
-5.0,-29.93,24.93,0.47,4.8,,,
-2.5,-29.45,26.95,0.47,4.8,,,
0.0,-28.86,28.86,0.47,4.8,,,
-60.0,-63.01,3.01,0.47,5.8,,,
-57.5,-60.51,3.01,0.47,5.8,,,
-55.0,-58.01,3.01,0.47,5.8,,,
-52.5,-55.51,3.01,0.47,5.8,,,
-50.0,-53.01,3.01,0.47,5.8,,,
-47.5,-50.51,3.01,0.47,5.8,,,
-45.0,-48.01,3.01,0.47,5.8,,,
-42.5,-45.51,3.01,0.47,5.8,,,
-40.0,-43.01,3.01,0.47,5.8,,,
-37.5,-40.51,3.01,0.47,5.8,,,
-35.0,-38.01,3.01,0.47,5.8,,,
-32.5,-35.52,3.02,0.47,5.8,,,
-30.0,-33.7,3.7,0.47,5.8,,,
-27.5,-32.75,5.25,0.47,5.8,,,
-25.0,-32.37,7.37,0.47,5.8,,,
-22.5,-32.39,9.89,0.47,5.8,,,
-20.0,-32.41,12.41,0.47,5.8,,,
-17.5,-32.3,14.8,0.47,5.8,,,
-15.0,-32.11,17.11,0.47,5.8,,,
-12.5,-31.86,19.36,0.47,5.8,,,
-10.0,-31.56,21.56,0.47,5.8,,,
-7.5,-31.22,23.72,0.47,5.8,,,
-5.0,-30.86,25.86,0.47,5.8,,,
-2.5,-30.46,27.96,0.47,5.8,,,
0.0,-29.96,29.96,0.47,5.8,,,
-60.0,-63.01,3.01,0.47,6.7,,,
-57.5,-60.51,3.01,0.47,6.7,,,
-55.0,-58.01,3.01,0.47,6.7,,,
-52.5,-55.51,3.01,0.47,6.7,,,
-50.0,-53.01,3.01,0.47,6.7,,,
-47.5,-50.51,3.01,0.47,6.7,,,
-45.0,-48.01,3.01,0.47,6.7,,,
-42.5,-45.51,3.01,0.47,6.7,,,
-40.0,-43.01,3.01,0.47,6.7,,,
-37.5,-40.51,3.01,0.47,6.7,,,
-35.0,-38.01,3.01,0.47,6.7,,,
-32.5,-35.52,3.02,0.47,6.7,,,
-30.0,-33.72,3.72,0.47,6.7,,,
-27.5,-32.82,5.32,0.47,6.7,,,
-25.0,-32.5,7.5,0.47,6.7,,,
-22.5,-32.59,10.09,0.47,6.7,,,
-20.0,-32.69,12.69,0.47,6.7,,,
-17.5,-32.65,15.15,0.47,6.7,,,
-15.0,-32.52,17.52,0.47,6.7,,,
-12.5,-32.33,19.83,0.47,6.7,,,
-10.0,-32.1,22.1,0.47,6.7,,,
-7.5,-31.83,24.33,0.47,6.7,,,
-5.0,-31.53,26.53,0.47,6.7,,,
-2.5,-31.19,28.69,0.47,6.7,,,
0.0,-30.75,30.75,0.47,6.7,,,
-60.0,-63.01,3.01,0.47,7.7,,,
-57.5,-60.51,3.01,0.47,7.7,,,
-55.0,-58.01,3.01,0.47,7.7,,,
-52.5,-55.51,3.01,0.47,7.7,,,
-50.0,-53.01,3.01,0.47,7.7,,,
-47.5,-50.51,3.01,0.47,7.7,,,
-45.0,-48.01,3.01,0.47,7.7,,,
-42.5,-45.51,3.01,0.47,7.7,,,
-40.0,-43.01,3.01,0.47,7.7,,,
-37.5,-40.51,3.01,0.47,7.7,,,
-35.0,-38.01,3.01,0.47,7.7,,,
-32.5,-35.52,3.02,0.47,7.7,,,
-30.0,-33.74,3.74,0.47,7.7,,,
-27.5,-32.87,5.37,0.47,7.7,,,
-25.0,-32.59,7.59,0.47,7.7,,,
-22.5,-32.75,10.25,0.47,7.7,,,
-20.0,-32.89,12.89,0.47,7.7,,,
-17.5,-32.91,15.41,0.47,7.7,,,
-15.0,-32.84,17.84,0.47,7.7,,,
-12.5,-32.7,20.2,0.47,7.7,,,
-10.0,-32.51,22.51,0.47,7.7,,,
-7.5,-32.28,24.78,0.47,7.7,,,
-5.0,-32.03,27.03,0.47,7.7,,,
-2.5,-31.74,29.24,0.47,7.7,,,
0.0,-31.34,31.34,0.47,7.7,,,
-60.0,-63.01,3.01,0.47,8.6,,,
-57.5,-60.51,3.01,0.47,8.6,,,
-55.0,-58.01,3.01,0.47,8.6,,,
-52.5,-55.51,3.01,0.47,8.6,,,
-50.0,-53.01,3.01,0.47,8.6,,,
-47.5,-50.51,3.01,0.47,8.6,,,
-45.0,-48.01,3.01,0.47,8.6,,,
-42.5,-45.51,3.01,0.47,8.6,,,
-40.0,-43.01,3.01,0.47,8.6,,,
-37.5,-40.51,3.01,0.47,8.6,,,
-35.0,-38.01,3.01,0.47,8.6,,,
-32.5,-35.52,3.02,0.47,8.6,,,
-30.0,-33.75,3.75,0.47,8.6,,,
-27.5,-32.9,5.4,0.47,8.6,,,
-25.0,-32.67,7.67,0.47,8.6,,,
-22.5,-32.86,10.36,0.47,8.6,,,
-20.0,-33.05,13.05,0.47,8.6,,,
-17.5,-33.11,15.61,0.47,8.6,,,
-15.0,-33.08,18.08,0.47,8.6,,,
-12.5,-32.97,20.47,0.47,8.6,,,
-10.0,-32.82,22.82,0.47,8.6,,,
-7.5,-32.63,25.13,0.47,8.6,,,
-5.0,-32.42,27.42,0.47,8.6,,,
-2.5,-32.16,29.66,0.47,8.6,,,
0.0,-31.8,31.8,0.47,8.6,,,
-60.0,-63.01,3.01,0.47,9.6,,,
-57.5,-60.51,3.01,0.47,9.6,,,
-55.0,-58.01,3.01,0.47,9.6,,,
-52.5,-55.51,3.01,0.47,9.6,,,
-50.0,-53.01,3.01,0.47,9.6,,,
-47.5,-50.51,3.01,0.47,9.6,,,
-45.0,-48.01,3.01,0.47,9.6,,,
-42.5,-45.51,3.01,0.47,9.6,,,
-40.0,-43.01,3.01,0.47,9.6,,,
-37.5,-40.51,3.01,0.47,9.6,,,
-35.0,-38.01,3.01,0.47,9.6,,,
-32.5,-35.52,3.02,0.47,9.6,,,
-30.0,-33.76,3.76,0.47,9.6,,,
-27.5,-32.94,5.44,0.47,9.6,,,
-25.0,-32.73,7.73,0.47,9.6,,,
-22.5,-32.96,10.46,0.47,9.6,,,
-20.0,-33.19,13.19,0.47,9.6,,,
-17.5,-33.28,15.78,0.47,9.6,,,
-15.0,-33.28,18.28,0.47,9.6,,,
-12.5,-33.2,20.7,0.47,9.6,,,
-10.0,-33.08,23.08,0.47,9.6,,,
-7.5,-32.92,25.42,0.47,9.6,,,
-5.0,-32.74,27.74,0.47,9.6,,,
-2.5,-32.51,30.01,0.47,9.6,,,
0.0,-32.18,32.18,0.47,9.6,,,
-60.0,-63.01,3.01,0.47,10.5,,,
-57.5,-60.51,3.01,0.47,10.5,,,
-55.0,-58.01,3.01,0.47,10.5,,,
-52.5,-55.51,3.01,0.47,10.5,,,
-50.0,-53.01,3.01,0.47,10.5,,,
-47.5,-50.51,3.01,0.47,10.5,,,
-45.0,-48.01,3.01,0.47,10.5,,,
-42.5,-45.51,3.01,0.47,10.5,,,
-40.0,-43.01,3.01,0.47,10.5,,,
-37.5,-40.51,3.01,0.47,10.5,,,
-35.0,-38.01,3.01,0.47,10.5,,,
-32.5,-35.52,3.02,0.47,10.5,,,
-30.0,-33.77,3.77,0.47,10.5,,,
-27.5,-32.96,5.46,0.47,10.5,,,
-25.0,-32.78,7.78,0.47,10.5,,,
-22.5,-33.04,10.54,0.47,10.5,,,
-20.0,-33.29,13.29,0.47,10.5,,,
-17.5,-33.41,15.91,0.47,10.5,,,
-15.0,-33.43,18.43,0.47,10.5,,,
-12.5,-33.38,20.88,0.47,10.5,,,
-10.0,-33.29,23.29,0.47,10.5,,,
-7.5,-33.15,25.65,0.47,10.5,,,
-5.0,-32.99,27.99,0.47,10.5,,,
-2.5,-32.78,30.28,0.47,10.5,,,
0.0,-32.47,32.47,0.47,10.5,,,
-60.0,-63.01,3.01,0.47,11.5,,,
-57.5,-60.51,3.01,0.47,11.5,,,
-55.0,-58.01,3.01,0.47,11.5,,,
-52.5,-55.51,3.01,0.47,11.5,,,
-50.0,-53.01,3.01,0.47,11.5,,,
-47.5,-50.51,3.01,0.47,11.5,,,
-45.0,-48.01,3.01,0.47,11.5,,,
-42.5,-45.51,3.01,0.47,11.5,,,
-40.0,-43.01,3.01,0.47,11.5,,,
-37.5,-40.51,3.01,0.47,11.5,,,
-35.0,-38.01,3.01,0.47,11.5,,,
-32.5,-35.52,3.02,0.47,11.5,,,
-30.0,-33.78,3.78,0.47,11.5,,,
-27.5,-32.98,5.48,0.47,11.5,,,
-25.0,-32.82,7.82,0.47,11.5,,,
-22.5,-33.1,10.6,0.47,11.5,,,
-20.0,-33.38,13.38,0.47,11.5,,,
-17.5,-33.52,16.02,0.47,11.5,,,
-15.0,-33.56,18.56,0.47,11.5,,,
-12.5,-33.54,21.04,0.47,11.5,,,
-10.0,-33.46,23.46,0.47,11.5,,,
-7.5,-33.34,25.84,0.47,11.5,,,
-5.0,-33.2,28.2,0.47,11.5,,,
-2.5,-33.01,30.51,0.47,11.5,,,
0.0,-32.72,32.72,0.47,11.5,,,
-60.0,-63.01,3.01,0.47,12.4,,,
-57.5,-60.51,3.01,0.47,12.4,,,
-55.0,-58.01,3.01,0.47,12.4,,,
-52.5,-55.51,3.01,0.47,12.4,,,
-50.0,-53.01,3.01,0.47,12.4,,,
-47.5,-50.51,3.01,0.47,12.4,,,
-45.0,-48.01,3.01,0.47,12.4,,,
-42.5,-45.51,3.01,0.47,12.4,,,
-40.0,-43.01,3.01,0.47,12.4,,,
-37.5,-40.51,3.01,0.47,12.4,,,
-35.0,-38.01,3.01,0.47,12.4,,,
-32.5,-35.52,3.02,0.47,12.4,,,
-30.0,-33.78,3.78,0.47,12.4,,,
-27.5,-33.0,5.5,0.47,12.4,,,
-25.0,-32.85,7.85,0.47,12.4,,,
-22.5,-33.16,10.66,0.47,12.4,,,
-20.0,-33.46,13.46,0.47,12.4,,,
-17.5,-33.61,16.11,0.47,12.4,,,
-15.0,-33.68,18.68,0.47,12.4,,,
-12.5,-33.67,21.17,0.47,12.4,,,
-10.0,-33.61,23.61,0.47,12.4,,,
-7.5,-33.51,26.01,0.47,12.4,,,
-5.0,-33.38,28.38,0.47,12.4,,,
-2.5,-33.21,30.71,0.47,12.4,,,
0.0,-32.94,32.94,0.47,12.4,,,
-60.0,-63.01,3.01,0.47,13.4,,,
-57.5,-60.51,3.01,0.47,13.4,,,
-55.0,-58.01,3.01,0.47,13.4,,,
-52.5,-55.51,3.01,0.47,13.4,,,
-50.0,-53.01,3.01,0.47,13.4,,,
-47.5,-50.51,3.01,0.47,13.4,,,
-45.0,-48.01,3.01,0.47,13.4,,,
-42.5,-45.51,3.01,0.47,13.4,,,
-40.0,-43.01,3.01,0.47,13.4,,,
-37.5,-40.51,3.01,0.47,13.4,,,
-35.0,-38.01,3.01,0.47,13.4,,,
-32.5,-35.52,3.02,0.47,13.4,,,
-30.0,-33.79,3.79,0.47,13.4,,,
-27.5,-33.02,5.52,0.47,13.4,,,
-25.0,-32.89,7.89,0.47,13.4,,,
-22.5,-33.21,10.71,0.47,13.4,,,
-20.0,-33.52,13.52,0.47,13.4,,,
-17.5,-33.7,16.2,0.47,13.4,,,
-15.0,-33.78,18.78,0.47,13.4,,,
-12.5,-33.78,21.28,0.47,13.4,,,
-10.0,-33.74,23.74,0.47,13.4,,,
-7.5,-33.66,26.16,0.47,13.4,,,
-5.0,-33.54,28.54,0.47,13.4,,,
-2.5,-33.39,30.89,0.47,13.4,,,
0.0,-33.13,33.13,0.47,13.4,,,
-60.0,-63.01,3.01,0.47,14.3,,,
-57.5,-60.51,3.01,0.47,14.3,,,
-55.0,-58.01,3.01,0.47,14.3,,,
-52.5,-55.51,3.01,0.47,14.3,,,
-50.0,-53.01,3.01,0.47,14.3,,,
-47.5,-50.51,3.01,0.47,14.3,,,
-45.0,-48.01,3.01,0.47,14.3,,,
-42.5,-45.51,3.01,0.47,14.3,,,
-40.0,-43.01,3.01,0.47,14.3,,,
-37.5,-40.51,3.01,0.47,14.3,,,
-35.0,-38.01,3.01,0.47,14.3,,,
-32.5,-35.52,3.02,0.47,14.3,,,
-30.0,-33.79,3.79,0.47,14.3,,,
-27.5,-33.03,5.53,0.47,14.3,,,
-25.0,-32.91,7.91,0.47,14.3,,,
-22.5,-33.25,10.75,0.47,14.3,,,
-20.0,-33.58,13.58,0.47,14.3,,,
-17.5,-33.76,16.26,0.47,14.3,,,
-15.0,-33.86,18.86,0.47,14.3,,,
-12.5,-33.88,21.38,0.47,14.3,,,
-10.0,-33.84,23.84,0.47,14.3,,,
-7.5,-33.77,26.27,0.47,14.3,,,
-5.0,-33.67,28.67,0.47,14.3,,,
-2.5,-33.53,31.03,0.47,14.3,,,
0.0,-33.28,33.28,0.47,14.3,,,
-60.0,-63.01,3.01,0.47,15.3,,,
-57.5,-60.51,3.01,0.47,15.3,,,
-55.0,-58.01,3.01,0.47,15.3,,,
-52.5,-55.51,3.01,0.47,15.3,,,
-50.0,-53.01,3.01,0.47,15.3,,,
-47.5,-50.51,3.01,0.47,15.3,,,
-45.0,-48.01,3.01,0.47,15.3,,,
-42.5,-45.51,3.01,0.47,15.3,,,
-40.0,-43.01,3.01,0.47,15.3,,,
-37.5,-40.51,3.01,0.47,15.3,,,
-35.0,-38.01,3.01,0.47,15.3,,,
-32.5,-35.52,3.02,0.47,15.3,,,
-30.0,-33.79,3.79,0.47,15.3,,,
-27.5,-33.04,5.54,0.47,15.3,,,
-25.0,-32.93,7.93,0.47,15.3,,,
-22.5,-33.28,10.78,0.47,15.3,,,
-20.0,-33.62,13.62,0.47,15.3,,,
-17.5,-33.83,16.33,0.47,15.3,,,
-15.0,-33.93,18.93,0.47,15.3,,,
-12.5,-33.96,21.46,0.47,15.3,,,
-10.0,-33.94,23.94,0.47,15.3,,,
-7.5,-33.88,26.38,0.47,15.3,,,
-5.0,-33.79,28.79,0.47,15.3,,,
-2.5,-33.66,31.16,0.47,15.3,,,
0.0,-33.42,33.42,0.47,15.3,,,
-60.0,-63.01,3.01,0.47,16.2,,,
-57.5,-60.51,3.01,0.47,16.2,,,
-55.0,-58.01,3.01,0.47,16.2,,,
-52.5,-55.51,3.01,0.47,16.2,,,
-50.0,-53.01,3.01,0.47,16.2,,,
-47.5,-50.51,3.01,0.47,16.2,,,
-45.0,-48.01,3.01,0.47,16.2,,,
-42.5,-45.51,3.01,0.47,16.2,,,
-40.0,-43.01,3.01,0.47,16.2,,,
-37.5,-40.51,3.01,0.47,16.2,,,
-35.0,-38.01,3.01,0.47,16.2,,,
-32.5,-35.52,3.02,0.47,16.2,,,
-30.0,-33.8,3.8,0.47,16.2,,,
-27.5,-33.05,5.55,0.47,16.2,,,
-25.0,-32.95,7.95,0.47,16.2,,,
-22.5,-33.32,10.82,0.47,16.2,,,
-20.0,-33.67,13.67,0.47,16.2,,,
-17.5,-33.88,16.38,0.47,16.2,,,
-15.0,-33.99,18.99,0.47,16.2,,,
-12.5,-34.04,21.54,0.47,16.2,,,
-10.0,-34.02,24.02,0.47,16.2,,,
-7.5,-33.97,26.47,0.47,16.2,,,
-5.0,-33.89,28.89,0.47,16.2,,,
-2.5,-33.77,31.27,0.47,16.2,,,
0.0,-33.55,33.55,0.47,16.2,,,
-60.0,-63.01,3.01,0.47,17.2,,,
-57.5,-60.51,3.01,0.47,17.2,,,
-55.0,-58.01,3.01,0.47,17.2,,,
-52.5,-55.51,3.01,0.47,17.2,,,
-50.0,-53.01,3.01,0.47,17.2,,,
-47.5,-50.51,3.01,0.47,17.2,,,
-45.0,-48.01,3.01,0.47,17.2,,,
-42.5,-45.51,3.01,0.47,17.2,,,
-40.0,-43.01,3.01,0.47,17.2,,,
-37.5,-40.51,3.01,0.47,17.2,,,
-35.0,-38.01,3.01,0.47,17.2,,,
-32.5,-35.52,3.02,0.47,17.2,,,
-30.0,-33.8,3.8,0.47,17.2,,,
-27.5,-33.06,5.56,0.47,17.2,,,
-25.0,-32.97,7.97,0.47,17.2,,,
-22.5,-33.34,10.84,0.47,17.2,,,
-20.0,-33.71,13.71,0.47,17.2,,,
-17.5,-33.93,16.43,0.47,17.2,,,
-15.0,-34.05,19.05,0.47,17.2,,,
-12.5,-34.11,21.61,0.47,17.2,,,
-10.0,-34.1,24.1,0.47,17.2,,,
-7.5,-34.06,26.56,0.47,17.2,,,
-5.0,-33.99,28.99,0.47,17.2,,,
-2.5,-33.88,31.38,0.47,17.2,,,
0.0,-33.66,33.66,0.47,17.2,,,
-60.0,-63.01,3.01,0.47,18.1,,,
-57.5,-60.51,3.01,0.47,18.1,,,
-55.0,-58.01,3.01,0.47,18.1,,,
-52.5,-55.51,3.01,0.47,18.1,,,
-50.0,-53.01,3.01,0.47,18.1,,,
-47.5,-50.51,3.01,0.47,18.1,,,
-45.0,-48.01,3.01,0.47,18.1,,,
-42.5,-45.51,3.01,0.47,18.1,,,
-40.0,-43.01,3.01,0.47,18.1,,,
-37.5,-40.51,3.01,0.47,18.1,,,
-35.0,-38.01,3.01,0.47,18.1,,,
-32.5,-35.52,3.02,0.47,18.1,,,
-30.0,-33.8,3.8,0.47,18.1,,,
-27.5,-33.07,5.57,0.47,18.1,,,
-25.0,-32.99,7.99,0.47,18.1,,,
-22.5,-33.37,10.87,0.47,18.1,,,
-20.0,-33.74,13.74,0.47,18.1,,,
-17.5,-33.97,16.47,0.47,18.1,,,
-15.0,-34.11,19.11,0.47,18.1,,,
-12.5,-34.16,21.66,0.47,18.1,,,
-10.0,-34.17,24.17,0.47,18.1,,,
-7.5,-34.14,26.64,0.47,18.1,,,
-5.0,-34.07,29.07,0.47,18.1,,,
-2.5,-33.97,31.47,0.47,18.1,,,
0.0,-33.76,33.76,0.47,18.1,,,
-60.0,-63.01,3.01,0.47,19.1,,,
-57.5,-60.51,3.01,0.47,19.1,,,
-55.0,-58.01,3.01,0.47,19.1,,,
-52.5,-55.51,3.01,0.47,19.1,,,
-50.0,-53.01,3.01,0.47,19.1,,,
-47.5,-50.51,3.01,0.47,19.1,,,
-45.0,-48.01,3.01,0.47,19.1,,,
-42.5,-45.51,3.01,0.47,19.1,,,
-40.0,-43.01,3.01,0.47,19.1,,,
-37.5,-40.51,3.01,0.47,19.1,,,
-35.0,-38.01,3.01,0.47,19.1,,,
-32.5,-35.52,3.02,0.47,19.1,,,
-30.0,-33.8,3.8,0.47,19.1,,,
-27.5,-33.08,5.58,0.47,19.1,,,
-25.0,-33.0,8.0,0.47,19.1,,,
-22.5,-33.39,10.89,0.47,19.1,,,
-20.0,-33.77,13.77,0.47,19.1,,,
-17.5,-34.01,16.51,0.47,19.1,,,
-15.0,-34.15,19.15,0.47,19.1,,,
-12.5,-34.22,21.72,0.47,19.1,,,
-10.0,-34.23,24.23,0.47,19.1,,,
-7.5,-34.2,26.7,0.47,19.1,,,
-5.0,-34.14,29.14,0.47,19.1,,,
-2.5,-34.05,31.55,0.47,19.1,,,
0.0,-33.84,33.84,0.47,19.1,,,
-60.0,-63.01,3.01,0.47,20.0,,,
-57.5,-60.51,3.01,0.47,20.0,,,
-55.0,-58.01,3.01,0.47,20.0,,,
-52.5,-55.51,3.01,0.47,20.0,,,
-50.0,-53.01,3.01,0.47,20.0,,,
-47.5,-50.51,3.01,0.47,20.0,,,
-45.0,-48.01,3.01,0.47,20.0,,,
-42.5,-45.51,3.01,0.47,20.0,,,
-40.0,-43.01,3.01,0.47,20.0,,,
-37.5,-40.51,3.01,0.47,20.0,,,
-35.0,-38.01,3.01,0.47,20.0,,,
-32.5,-35.52,3.02,0.47,20.0,,,
-30.0,-33.81,3.81,0.47,20.0,,,
-27.5,-33.08,5.58,0.47,20.0,,,
-25.0,-33.01,8.01,0.47,20.0,,,
-22.5,-33.41,10.91,0.47,20.0,,,
-20.0,-33.8,13.8,0.47,20.0,,,
-17.5,-34.05,16.55,0.47,20.0,,,
-15.0,-34.19,19.19,0.47,20.0,,,
-12.5,-34.27,21.77,0.47,20.0,,,
-10.0,-34.29,24.29,0.47,20.0,,,
-7.5,-34.26,26.76,0.47,20.0,,,
-5.0,-34.21,29.21,0.47,20.0,,,
-2.5,-34.12,31.62,0.47,20.0,,,
0.0,-33.92,33.92,0.47,20.0,,,
-60.0,-63.01,3.01,0.68,2.0,,,
-57.5,-60.51,3.01,0.68,2.0,,,
-55.0,-58.01,3.01,0.68,2.0,,,
-52.5,-55.51,3.01,0.68,2.0,,,
-50.0,-53.01,3.01,0.68,2.0,,,
-47.5,-50.51,3.01,0.68,2.0,,,
-45.0,-48.01,3.01,0.68,2.0,,,
-42.5,-45.51,3.01,0.68,2.0,,,
-40.0,-43.01,3.01,0.68,2.0,,,
-37.5,-40.51,3.01,0.68,2.0,,,
-35.0,-38.01,3.01,0.68,2.0,,,
-32.5,-35.51,3.01,0.68,2.0,,,
-30.0,-33.01,3.01,0.68,2.0,,,
-27.5,-30.72,3.22,0.68,2.0,,,
-25.0,-28.89,3.89,0.68,2.0,,,
-22.5,-27.4,4.9,0.68,2.0,,,
-20.0,-26.18,6.18,0.68,2.0,,,
-17.5,-25.12,7.62,0.68,2.0,,,
-15.0,-24.02,9.02,0.68,2.0,,,
-12.5,-22.88,10.38,0.68,2.0,,,
-10.0,-21.72,11.72,0.68,2.0,,,
-7.5,-20.54,13.04,0.68,2.0,,,
-5.0,-19.34,14.34,0.68,2.0,,,
-2.5,-18.1,15.6,0.68,2.0,,,
0.0,-16.76,16.76,0.68,2.0,,,
-60.0,-63.01,3.01,0.68,3.0,,,
-57.5,-60.51,3.01,0.68,3.0,,,
-55.0,-58.01,3.01,0.68,3.0,,,
-52.5,-55.51,3.01,0.68,3.0,,,
-50.0,-53.01,3.01,0.68,3.0,,,
-47.5,-50.51,3.01,0.68,3.0,,,
-45.0,-48.01,3.01,0.68,3.0,,,
-42.5,-45.51,3.01,0.68,3.0,,,
-40.0,-43.01,3.01,0.68,3.0,,,
-37.5,-40.51,3.01,0.68,3.0,,,
-35.0,-38.01,3.01,0.68,3.0,,,
-32.5,-35.51,3.01,0.68,3.0,,,
-30.0,-33.01,3.01,0.68,3.0,,,
-27.5,-30.79,3.29,0.68,3.0,,,
-25.0,-29.17,4.17,0.68,3.0,,,
-22.5,-28.01,5.51,0.68,3.0,,,
-20.0,-27.21,7.21,0.68,3.0,,,
-17.5,-26.62,9.12,0.68,3.0,,,
-15.0,-25.97,10.97,0.68,3.0,,,
-12.5,-25.27,12.77,0.68,3.0,,,
-10.0,-24.54,14.54,0.68,3.0,,,
-7.5,-23.78,16.28,0.68,3.0,,,
-5.0,-23.0,18.0,0.68,3.0,,,
-2.5,-22.19,19.69,0.68,3.0,,,
0.0,-21.27,21.27,0.68,3.0,,,
-60.0,-63.01,3.01,0.68,3.9,,,
-57.5,-60.51,3.01,0.68,3.9,,,
-55.0,-58.01,3.01,0.68,3.9,,,
-52.5,-55.51,3.01,0.68,3.9,,,
-50.0,-53.01,3.01,0.68,3.9,,,
-47.5,-50.51,3.01,0.68,3.9,,,
-45.0,-48.01,3.01,0.68,3.9,,,
-42.5,-45.51,3.01,0.68,3.9,,,
-40.0,-43.01,3.01,0.68,3.9,,,
-37.5,-40.51,3.01,0.68,3.9,,,
-35.0,-38.01,3.01,0.68,3.9,,,
-32.5,-35.51,3.01,0.68,3.9,,,
-30.0,-33.01,3.01,0.68,3.9,,,
-27.5,-30.82,3.32,0.68,3.9,,,
-25.0,-29.31,4.31,0.68,3.9,,,
-22.5,-28.31,5.81,0.68,3.9,,,
-20.0,-27.72,7.72,0.68,3.9,,,
-17.5,-27.36,9.86,0.68,3.9,,,
-15.0,-26.94,11.94,0.68,3.9,,,
-12.5,-26.46,13.96,0.68,3.9,,,
-10.0,-25.95,15.95,0.68,3.9,,,
-7.5,-25.4,17.9,0.68,3.9,,,
-5.0,-24.83,19.83,0.68,3.9,,,
-2.5,-24.22,21.72,0.68,3.9,,,
0.0,-23.51,23.51,0.68,3.9,,,
-60.0,-63.01,3.01,0.68,4.8,,,
-57.5,-60.51,3.01,0.68,4.8,,,
-55.0,-58.01,3.01,0.68,4.8,,,
-52.5,-55.51,3.01,0.68,4.8,,,
-50.0,-53.01,3.01,0.68,4.8,,,
-47.5,-50.51,3.01,0.68,4.8,,,
-45.0,-48.01,3.01,0.68,4.8,,,
-42.5,-45.51,3.01,0.68,4.8,,,
-40.0,-43.01,3.01,0.68,4.8,,,
-37.5,-40.51,3.01,0.68,4.8,,,
-35.0,-38.01,3.01,0.68,4.8,,,
-32.5,-35.51,3.01,0.68,4.8,,,
-30.0,-33.01,3.01,0.68,4.8,,,
-27.5,-30.84,3.34,0.68,4.8,,,
-25.0,-29.4,4.4,0.68,4.8,,,
-22.5,-28.5,6.0,0.68,4.8,,,
-20.0,-28.04,8.04,0.68,4.8,,,
-17.5,-27.83,10.33,0.68,4.8,,,
-15.0,-27.55,12.55,0.68,4.8,,,
-12.5,-27.2,14.7,0.68,4.8,,,
-10.0,-26.82,16.82,0.68,4.8,,,
-7.5,-26.41,18.91,0.68,4.8,,,
-5.0,-25.97,20.97,0.68,4.8,,,
-2.5,-25.49,22.99,0.68,4.8,,,
0.0,-24.91,24.91,0.68,4.8,,,
-60.0,-63.01,3.01,0.68,5.8,,,
-57.5,-60.51,3.01,0.68,5.8,,,
-55.0,-58.01,3.01,0.68,5.8,,,
-52.5,-55.51,3.01,0.68,5.8,,,
-50.0,-53.01,3.01,0.68,5.8,,,
-47.5,-50.51,3.01,0.68,5.8,,,
-45.0,-48.01,3.01,0.68,5.8,,,
-42.5,-45.51,3.01,0.68,5.8,,,
-40.0,-43.01,3.01,0.68,5.8,,,
-37.5,-40.51,3.01,0.68,5.8,,,
-35.0,-38.01,3.01,0.68,5.8,,,
-32.5,-35.51,3.01,0.68,5.8,,,
-30.0,-33.01,3.01,0.68,5.8,,,
-27.5,-30.86,3.36,0.68,5.8,,,
-25.0,-29.46,4.46,0.68,5.8,,,
-22.5,-28.63,6.13,0.68,5.8,,,
-20.0,-28.26,8.26,0.68,5.8,,,
-17.5,-28.14,10.64,0.68,5.8,,,
-15.0,-27.95,12.95,0.68,5.8,,,
-12.5,-27.7,15.2,0.68,5.8,,,
-10.0,-27.41,17.41,0.68,5.8,,,
-7.5,-27.08,19.58,0.68,5.8,,,
-5.0,-26.73,21.73,0.68,5.8,,,
-2.5,-26.34,23.84,0.68,5.8,,,
0.0,-25.84,25.84,0.68,5.8,,,
-60.0,-63.01,3.01,0.68,6.7,,,
-57.5,-60.51,3.01,0.68,6.7,,,
-55.0,-58.01,3.01,0.68,6.7,,,
-52.5,-55.51,3.01,0.68,6.7,,,
-50.0,-53.01,3.01,0.68,6.7,,,
-47.5,-50.51,3.01,0.68,6.7,,,
-45.0,-48.01,3.01,0.68,6.7,,,
-42.5,-45.51,3.01,0.68,6.7,,,
-40.0,-43.01,3.01,0.68,6.7,,,
-37.5,-40.51,3.01,0.68,6.7,,,
-35.0,-38.01,3.01,0.68,6.7,,,
-32.5,-35.51,3.01,0.68,6.7,,,
-30.0,-33.01,3.01,0.68,6.7,,,
-27.5,-30.87,3.37,0.68,6.7,,,
-25.0,-29.5,4.5,0.68,6.7,,,
-22.5,-28.72,6.22,0.68,6.7,,,
-20.0,-28.41,8.41,0.68,6.7,,,
-17.5,-28.36,10.86,0.68,6.7,,,
-15.0,-28.24,13.24,0.68,6.7,,,
-12.5,-28.06,15.56,0.68,6.7,,,
-10.0,-27.83,17.83,0.68,6.7,,,
-7.5,-27.57,20.07,0.68,6.7,,,
-5.0,-27.28,22.28,0.68,6.7,,,
-2.5,-26.95,24.45,0.68,6.7,,,
0.0,-26.51,26.51,0.68,6.7,,,
-60.0,-63.01,3.01,0.68,7.7,,,
-57.5,-60.51,3.01,0.68,7.7,,,
-55.0,-58.01,3.01,0.68,7.7,,,
-52.5,-55.51,3.01,0.68,7.7,,,
-50.0,-53.01,3.01,0.68,7.7,,,
-47.5,-50.51,3.01,0.68,7.7,,,
-45.0,-48.01,3.01,0.68,7.7,,,
-42.5,-45.51,3.01,0.68,7.7,,,
-40.0,-43.01,3.01,0.68,7.7,,,
-37.5,-40.51,3.01,0.68,7.7,,,
-35.0,-38.01,3.01,0.68,7.7,,,
-32.5,-35.51,3.01,0.68,7.7,,,
-30.0,-33.01,3.01,0.68,7.7,,,
-27.5,-30.87,3.37,0.68,7.7,,,
-25.0,-29.54,4.54,0.68,7.7,,,
-22.5,-28.79,6.29,0.68,7.7,,,
-20.0,-28.53,8.53,0.68,7.7,,,
-17.5,-28.53,11.03,0.68,7.7,,,
-15.0,-28.47,13.47,0.68,7.7,,,
-12.5,-28.33,15.83,0.68,7.7,,,
-10.0,-28.15,18.15,0.68,7.7,,,
-7.5,-27.94,20.44,0.68,7.7,,,
-5.0,-27.69,22.69,0.68,7.7,,,
-2.5,-27.41,24.91,0.68,7.7,,,
0.0,-27.02,27.02,0.68,7.7,,,
-60.0,-63.01,3.01,0.68,8.6,,,
-57.5,-60.51,3.01,0.68,8.6,,,
-55.0,-58.01,3.01,0.68,8.6,,,
-52.5,-55.51,3.01,0.68,8.6,,,
-50.0,-53.01,3.01,0.68,8.6,,,
-47.5,-50.51,3.01,0.68,8.6,,,
-45.0,-48.01,3.01,0.68,8.6,,,
-42.5,-45.51,3.01,0.68,8.6,,,
-40.0,-43.01,3.01,0.68,8.6,,,
-37.5,-40.51,3.01,0.68,8.6,,,
-35.0,-38.01,3.01,0.68,8.6,,,
-32.5,-35.51,3.01,0.68,8.6,,,
-30.0,-33.01,3.01,0.68,8.6,,,
-27.5,-30.88,3.38,0.68,8.6,,,
-25.0,-29.56,4.56,0.68,8.6,,,
-22.5,-28.84,6.34,0.68,8.6,,,
-20.0,-28.62,8.62,0.68,8.6,,,
-17.5,-28.66,11.16,0.68,8.6,,,
-15.0,-28.63,13.63,0.68,8.6,,,
-12.5,-28.54,16.04,0.68,8.6,,,
-10.0,-28.4,18.4,0.68,8.6,,,
-7.5,-28.22,20.72,0.68,8.6,,,
-5.0,-28.01,23.01,0.68,8.6,,,
-2.5,-27.76,25.26,0.68,8.6,,,
0.0,-27.41,27.41,0.68,8.6,,,
-60.0,-63.01,3.01,0.68,9.6,,,
-57.5,-60.51,3.01,0.68,9.6,,,
-55.0,-58.01,3.01,0.68,9.6,,,
-52.5,-55.51,3.01,0.68,9.6,,,
-50.0,-53.01,3.01,0.68,9.6,,,
-47.5,-50.51,3.01,0.68,9.6,,,
-45.0,-48.01,3.01,0.68,9.6,,,
-42.5,-45.51,3.01,0.68,9.6,,,
-40.0,-43.01,3.01,0.68,9.6,,,
-37.5,-40.51,3.01,0.68,9.6,,,
-35.0,-38.01,3.01,0.68,9.6,,,
-32.5,-35.51,3.01,0.68,9.6,,,
-30.0,-33.01,3.01,0.68,9.6,,,
-27.5,-30.89,3.39,0.68,9.6,,,
-25.0,-29.58,4.58,0.68,9.6,,,
-22.5,-28.89,6.39,0.68,9.6,,,
-20.0,-28.69,8.69,0.68,9.6,,,
-17.5,-28.77,11.27,0.68,9.6,,,
-15.0,-28.78,13.78,0.68,9.6,,,
-12.5,-28.71,16.21,0.68,9.6,,,
-10.0,-28.6,18.6,0.68,9.6,,,
-7.5,-28.45,20.95,0.68,9.6,,,
-5.0,-28.27,23.27,0.68,9.6,,,
-2.5,-28.05,25.55,0.68,9.6,,,
0.0,-27.73,27.73,0.68,9.6,,,
-60.0,-63.01,3.01,0.68,10.5,,,
-57.5,-60.51,3.01,0.68,10.5,,,
-55.0,-58.01,3.01,0.68,10.5,,,
-52.5,-55.51,3.01,0.68,10.5,,,
-50.0,-53.01,3.01,0.68,10.5,,,
-47.5,-50.51,3.01,0.68,10.5,,,
-45.0,-48.01,3.01,0.68,10.5,,,
-42.5,-45.51,3.01,0.68,10.5,,,
-40.0,-43.01,3.01,0.68,10.5,,,
-37.5,-40.51,3.01,0.68,10.5,,,
-35.0,-38.01,3.01,0.68,10.5,,,
-32.5,-35.51,3.01,0.68,10.5,,,
-30.0,-33.01,3.01,0.68,10.5,,,
-27.5,-30.89,3.39,0.68,10.5,,,
-25.0,-29.6,4.6,0.68,10.5,,,
-22.5,-28.92,6.42,0.68,10.5,,,
-20.0,-28.75,8.75,0.68,10.5,,,
-17.5,-28.86,11.36,0.68,10.5,,,
-15.0,-28.89,13.89,0.68,10.5,,,
-12.5,-28.85,16.35,0.68,10.5,,,
-10.0,-28.76,18.76,0.68,10.5,,,
-7.5,-28.63,21.13,0.68,10.5,,,
-5.0,-28.48,23.48,0.68,10.5,,,
-2.5,-28.28,25.78,0.68,10.5,,,
0.0,-27.98,27.98,0.68,10.5,,,
-60.0,-63.01,3.01,0.68,11.5,,,
-57.5,-60.51,3.01,0.68,11.5,,,
-55.0,-58.01,3.01,0.68,11.5,,,
-52.5,-55.51,3.01,0.68,11.5,,,
-50.0,-53.01,3.01,0.68,11.5,,,
-47.5,-50.51,3.01,0.68,11.5,,,
-45.0,-48.01,3.01,0.68,11.5,,,
-42.5,-45.51,3.01,0.68,11.5,,,
-40.0,-43.01,3.01,0.68,11.5,,,
-37.5,-40.51,3.01,0.68,11.5,,,
-35.0,-38.01,3.01,0.68,11.5,,,
-32.5,-35.51,3.01,0.68,11.5,,,
-30.0,-33.01,3.01,0.68,11.5,,,
-27.5,-30.89,3.39,0.68,11.5,,,
-25.0,-29.61,4.61,0.68,11.5,,,
-22.5,-28.95,6.45,0.68,11.5,,,
-20.0,-28.8,8.8,0.68,11.5,,,
-17.5,-28.93,11.43,0.68,11.5,,,
-15.0,-28.98,13.98,0.68,11.5,,,
-12.5,-28.96,16.46,0.68,11.5,,,
-10.0,-28.89,18.89,0.68,11.5,,,
-7.5,-28.79,21.29,0.68,11.5,,,
-5.0,-28.65,23.65,0.68,11.5,,,
-2.5,-28.48,25.98,0.68,11.5,,,
0.0,-28.2,28.2,0.68,11.5,,,
-60.0,-63.01,3.01,0.68,12.4,,,
-57.5,-60.51,3.01,0.68,12.4,,,
-55.0,-58.01,3.01,0.68,12.4,,,
-52.5,-55.51,3.01,0.68,12.4,,,
-50.0,-53.01,3.01,0.68,12.4,,,
-47.5,-50.51,3.01,0.68,12.4,,,
-45.0,-48.01,3.01,0.68,12.4,,,
-42.5,-45.51,3.01,0.68,12.4,,,
-40.0,-43.01,3.01,0.68,12.4,,,
-37.5,-40.51,3.01,0.68,12.4,,,
-35.0,-38.01,3.01,0.68,12.4,,,
-32.5,-35.51,3.01,0.68,12.4,,,
-30.0,-33.01,3.01,0.68,12.4,,,
-27.5,-30.9,3.4,0.68,12.4,,,
-25.0,-29.62,4.62,0.68,12.4,,,
-22.5,-28.98,6.48,0.68,12.4,,,
-20.0,-28.84,8.84,0.68,12.4,,,
-17.5,-28.99,11.49,0.68,12.4,,,
-15.0,-29.06,14.06,0.68,12.4,,,
-12.5,-29.06,16.56,0.68,12.4,,,
-10.0,-29.01,19.01,0.68,12.4,,,
-7.5,-28.92,21.42,0.68,12.4,,,
-5.0,-28.8,23.8,0.68,12.4,,,
-2.5,-28.64,26.14,0.68,12.4,,,
0.0,-28.38,28.38,0.68,12.4,,,
-60.0,-63.01,3.01,0.68,13.4,,,
-57.5,-60.51,3.01,0.68,13.4,,,
-55.0,-58.01,3.01,0.68,13.4,,,
-52.5,-55.51,3.01,0.68,13.4,,,
-50.0,-53.01,3.01,0.68,13.4,,,
-47.5,-50.51,3.01,0.68,13.4,,,
-45.0,-48.01,3.01,0.68,13.4,,,
-42.5,-45.51,3.01,0.68,13.4,,,
-40.0,-43.01,3.01,0.68,13.4,,,
-37.5,-40.51,3.01,0.68,13.4,,,
-35.0,-38.01,3.01,0.68,13.4,,,
-32.5,-35.51,3.01,0.68,13.4,,,
-30.0,-33.01,3.01,0.68,13.4,,,
-27.5,-30.9,3.4,0.68,13.4,,,
-25.0,-29.63,4.63,0.68,13.4,,,
-22.5,-29.0,6.5,0.68,13.4,,,
-20.0,-28.88,8.88,0.68,13.4,,,
-17.5,-29.04,11.54,0.68,13.4,,,
-15.0,-29.13,14.13,0.68,13.4,,,
-12.5,-29.15,16.65,0.68,13.4,,,
-10.0,-29.11,19.11,0.68,13.4,,,
-7.5,-29.04,21.54,0.68,13.4,,,
-5.0,-28.93,23.93,0.68,13.4,,,
-2.5,-28.79,26.29,0.68,13.4,,,
0.0,-28.54,28.54,0.68,13.4,,,
-60.0,-63.01,3.01,0.68,14.3,,,
-57.5,-60.51,3.01,0.68,14.3,,,
-55.0,-58.01,3.01,0.68,14.3,,,
-52.5,-55.51,3.01,0.68,14.3,,,
-50.0,-53.01,3.01,0.68,14.3,,,
-47.5,-50.51,3.01,0.68,14.3,,,
-45.0,-48.01,3.01,0.68,14.3,,,
-42.5,-45.51,3.01,0.68,14.3,,,
-40.0,-43.01,3.01,0.68,14.3,,,
-37.5,-40.51,3.01,0.68,14.3,,,
-35.0,-38.01,3.01,0.68,14.3,,,
-32.5,-35.51,3.01,0.68,14.3,,,
-30.0,-33.01,3.01,0.68,14.3,,,
-27.5,-30.9,3.4,0.68,14.3,,,
-25.0,-29.64,4.64,0.68,14.3,,,
-22.5,-29.02,6.52,0.68,14.3,,,
-20.0,-28.91,8.91,0.68,14.3,,,
-17.5,-29.09,11.59,0.68,14.3,,,
-15.0,-29.19,14.19,0.68,14.3,,,
-12.5,-29.22,16.72,0.68,14.3,,,
-10.0,-29.19,19.19,0.68,14.3,,,
-7.5,-29.13,21.63,0.68,14.3,,,
-5.0,-29.04,24.04,0.68,14.3,,,
-2.5,-28.91,26.41,0.68,14.3,,,
0.0,-28.67,28.67,0.68,14.3,,,
-60.0,-63.01,3.01,0.68,15.3,,,
-57.5,-60.51,3.01,0.68,15.3,,,
-55.0,-58.01,3.01,0.68,15.3,,,
-52.5,-55.51,3.01,0.68,15.3,,,
-50.0,-53.01,3.01,0.68,15.3,,,
-47.5,-50.51,3.01,0.68,15.3,,,
-45.0,-48.01,3.01,0.68,15.3,,,
-42.5,-45.51,3.01,0.68,15.3,,,
-40.0,-43.01,3.01,0.68,15.3,,,
-37.5,-40.51,3.01,0.68,15.3,,,
-35.0,-38.01,3.01,0.68,15.3,,,
-32.5,-35.51,3.01,0.68,15.3,,,
-30.0,-33.01,3.01,0.68,15.3,,,
-27.5,-30.9,3.4,0.68,15.3,,,
-25.0,-29.65,4.65,0.68,15.3,,,
-22.5,-29.03,6.53,0.68,15.3,,,
-20.0,-28.93,8.93,0.68,15.3,,,
-17.5,-29.13,11.63,0.68,15.3,,,
-15.0,-29.24,14.24,0.68,15.3,,,
-12.5,-29.28,16.78,0.68,15.3,,,
-10.0,-29.27,19.27,0.68,15.3,,,
-7.5,-29.22,21.72,0.68,15.3,,,
-5.0,-29.14,24.14,0.68,15.3,,,
-2.5,-29.02,26.52,0.68,15.3,,,
0.0,-28.79,28.79,0.68,15.3,,,
-60.0,-63.01,3.01,0.68,16.2,,,
-57.5,-60.51,3.01,0.68,16.2,,,
-55.0,-58.01,3.01,0.68,16.2,,,
-52.5,-55.51,3.01,0.68,16.2,,,
-50.0,-53.01,3.01,0.68,16.2,,,
-47.5,-50.51,3.01,0.68,16.2,,,
-45.0,-48.01,3.01,0.68,16.2,,,
-42.5,-45.51,3.01,0.68,16.2,,,
-40.0,-43.01,3.01,0.68,16.2,,,
-37.5,-40.51,3.01,0.68,16.2,,,
-35.0,-38.01,3.01,0.68,16.2,,,
-32.5,-35.51,3.01,0.68,16.2,,,
-30.0,-33.01,3.01,0.68,16.2,,,
-27.5,-30.9,3.4,0.68,16.2,,,
-25.0,-29.65,4.65,0.68,16.2,,,
-22.5,-29.05,6.55,0.68,16.2,,,
-20.0,-28.96,8.96,0.68,16.2,,,
-17.5,-29.16,11.66,0.68,16.2,,,
-15.0,-29.28,14.28,0.68,16.2,,,
-12.5,-29.33,16.83,0.68,16.2,,,
-10.0,-29.33,19.33,0.68,16.2,,,
-7.5,-29.29,21.79,0.68,16.2,,,
-5.0,-29.22,24.22,0.68,16.2,,,
-2.5,-29.11,26.61,0.68,16.2,,,
0.0,-28.9,28.9,0.68,16.2,,,
-60.0,-63.01,3.01,0.68,17.2,,,
-57.5,-60.51,3.01,0.68,17.2,,,
-55.0,-58.01,3.01,0.68,17.2,,,
-52.5,-55.51,3.01,0.68,17.2,,,
-50.0,-53.01,3.01,0.68,17.2,,,
-47.5,-50.51,3.01,0.68,17.2,,,
-45.0,-48.01,3.01,0.68,17.2,,,
-42.5,-45.51,3.01,0.68,17.2,,,
-40.0,-43.01,3.01,0.68,17.2,,,
-37.5,-40.51,3.01,0.68,17.2,,,
-35.0,-38.01,3.01,0.68,17.2,,,
-32.5,-35.51,3.01,0.68,17.2,,,
-30.0,-33.01,3.01,0.68,17.2,,,
-27.5,-30.9,3.4,0.68,17.2,,,
-25.0,-29.66,4.66,0.68,17.2,,,
-22.5,-29.06,6.56,0.68,17.2,,,
-20.0,-28.98,8.98,0.68,17.2,,,
-17.5,-29.19,11.69,0.68,17.2,,,
-15.0,-29.33,14.33,0.68,17.2,,,
-12.5,-29.39,16.89,0.68,17.2,,,
-10.0,-29.39,19.39,0.68,17.2,,,
-7.5,-29.36,21.86,0.68,17.2,,,
-5.0,-29.3,24.3,0.68,17.2,,,
-2.5,-29.2,26.7,0.68,17.2,,,
0.0,-28.99,28.99,0.68,17.2,,,
-60.0,-63.01,3.01,0.68,18.1,,,
-57.5,-60.51,3.01,0.68,18.1,,,
-55.0,-58.01,3.01,0.68,18.1,,,
-52.5,-55.51,3.01,0.68,18.1,,,
-50.0,-53.01,3.01,0.68,18.1,,,
-47.5,-50.51,3.01,0.68,18.1,,,
-45.0,-48.01,3.01,0.68,18.1,,,
-42.5,-45.51,3.01,0.68,18.1,,,
-40.0,-43.01,3.01,0.68,18.1,,,
-37.5,-40.51,3.01,0.68,18.1,,,
-35.0,-38.01,3.01,0.68,18.1,,,
-32.5,-35.51,3.01,0.68,18.1,,,
-30.0,-33.01,3.01,0.68,18.1,,,
-27.5,-30.91,3.41,0.68,18.1,,,
-25.0,-29.67,4.67,0.68,18.1,,,
-22.5,-29.07,6.57,0.68,18.1,,,
-20.0,-29.0,9.0,0.68,18.1,,,
-17.5,-29.22,11.72,0.68,18.1,,,
-15.0,-29.36,14.36,0.68,18.1,,,
-12.5,-29.43,16.93,0.68,18.1,,,
-10.0,-29.45,19.45,0.68,18.1,,,
-7.5,-29.42,21.92,0.68,18.1,,,
-5.0,-29.37,24.37,0.68,18.1,,,
-2.5,-29.28,26.78,0.68,18.1,,,
0.0,-29.08,29.08,0.68,18.1,,,
-60.0,-63.01,3.01,0.68,19.1,,,
-57.5,-60.51,3.01,0.68,19.1,,,
-55.0,-58.01,3.01,0.68,19.1,,,
-52.5,-55.51,3.01,0.68,19.1,,,
-50.0,-53.01,3.01,0.68,19.1,,,
-47.5,-50.51,3.01,0.68,19.1,,,
-45.0,-48.01,3.01,0.68,19.1,,,
-42.5,-45.51,3.01,0.68,19.1,,,
-40.0,-43.01,3.01,0.68,19.1,,,
-37.5,-40.51,3.01,0.68,19.1,,,
-35.0,-38.01,3.01,0.68,19.1,,,
-32.5,-35.51,3.01,0.68,19.1,,,
-30.0,-33.01,3.01,0.68,19.1,,,
-27.5,-30.91,3.41,0.68,19.1,,,
-25.0,-29.67,4.67,0.68,19.1,,,
-22.5,-29.08,6.58,0.68,19.1,,,
-20.0,-29.02,9.02,0.68,19.1,,,
-17.5,-29.25,11.75,0.68,19.1,,,
-15.0,-29.39,14.39,0.68,19.1,,,
-12.5,-29.47,16.97,0.68,19.1,,,
-10.0,-29.49,19.49,0.68,19.1,,,
-7.5,-29.48,21.98,0.68,19.1,,,
-5.0,-29.43,24.43,0.68,19.1,,,
-2.5,-29.34,26.84,0.68,19.1,,,
0.0,-29.15,29.15,0.68,19.1,,,
-60.0,-63.01,3.01,0.68,20.0,,,
-57.5,-60.51,3.01,0.68,20.0,,,
-55.0,-58.01,3.01,0.68,20.0,,,
-52.5,-55.51,3.01,0.68,20.0,,,
-50.0,-53.01,3.01,0.68,20.0,,,
-47.5,-50.51,3.01,0.68,20.0,,,
-45.0,-48.01,3.01,0.68,20.0,,,
-42.5,-45.51,3.01,0.68,20.0,,,
-40.0,-43.01,3.01,0.68,20.0,,,
-37.5,-40.51,3.01,0.68,20.0,,,
-35.0,-38.01,3.01,0.68,20.0,,,
-32.5,-35.51,3.01,0.68,20.0,,,
-30.0,-33.01,3.01,0.68,20.0,,,
-27.5,-30.91,3.41,0.68,20.0,,,
-25.0,-29.68,4.68,0.68,20.0,,,
-22.5,-29.09,6.59,0.68,20.0,,,
-20.0,-29.03,9.03,0.68,20.0,,,
-17.5,-29.27,11.77,0.68,20.0,,,
-15.0,-29.42,14.42,0.68,20.0,,,
-12.5,-29.51,17.01,0.68,20.0,,,
-10.0,-29.54,19.54,0.68,20.0,,,
-7.5,-29.53,22.03,0.68,20.0,,,
-5.0,-29.49,24.49,0.68,20.0,,,
-2.5,-29.41,26.91,0.68,20.0,,,
0.0,-29.22,29.22,0.68,20.0,,,
-60.0,-63.01,3.01,0.89,2.0,,,
-57.5,-60.51,3.01,0.89,2.0,,,
-55.0,-58.01,3.01,0.89,2.0,,,
-52.5,-55.51,3.01,0.89,2.0,,,
-50.0,-53.01,3.01,0.89,2.0,,,
-47.5,-50.51,3.01,0.89,2.0,,,
-45.0,-48.01,3.01,0.89,2.0,,,
-42.5,-45.51,3.01,0.89,2.0,,,
-40.0,-43.01,3.01,0.89,2.0,,,
-37.5,-40.51,3.01,0.89,2.0,,,
-35.0,-38.01,3.01,0.89,2.0,,,
-32.5,-35.51,3.01,0.89,2.0,,,
-30.0,-33.01,3.01,0.89,2.0,,,
-27.5,-30.51,3.01,0.89,2.0,,,
-25.0,-28.05,3.05,0.89,2.0,,,
-22.5,-25.93,3.43,0.89,2.0,,,
-20.0,-24.16,4.16,0.89,2.0,,,
-17.5,-22.7,5.2,0.89,2.0,,,
-15.0,-21.5,6.5,0.89,2.0,,,
-12.5,-20.37,7.87,0.89,2.0,,,
-10.0,-19.2,9.2,0.89,2.0,,,
-7.5,-18.02,10.52,0.89,2.0,,,
-5.0,-16.82,11.82,0.89,2.0,,,
-2.5,-15.59,13.09,0.89,2.0,,,
0.0,-14.25,14.25,0.89,2.0,,,
-60.0,-63.01,3.01,0.89,3.0,,,
-57.5,-60.51,3.01,0.89,3.0,,,
-55.0,-58.01,3.01,0.89,3.0,,,
-52.5,-55.51,3.01,0.89,3.0,,,
-50.0,-53.01,3.01,0.89,3.0,,,
-47.5,-50.51,3.01,0.89,3.0,,,
-45.0,-48.01,3.01,0.89,3.0,,,
-42.5,-45.51,3.01,0.89,3.0,,,
-40.0,-43.01,3.01,0.89,3.0,,,
-37.5,-40.51,3.01,0.89,3.0,,,
-35.0,-38.01,3.01,0.89,3.0,,,
-32.5,-35.51,3.01,0.89,3.0,,,
-30.0,-33.01,3.01,0.89,3.0,,,
-27.5,-30.51,3.01,0.89,3.0,,,
-25.0,-28.06,3.06,0.89,3.0,,,
-22.5,-26.06,3.56,0.89,3.0,,,
-20.0,-24.53,4.53,0.89,3.0,,,
-17.5,-23.4,5.9,0.89,3.0,,,
-15.0,-22.63,7.63,0.89,3.0,,,
-12.5,-21.94,9.44,0.89,3.0,,,
-10.0,-21.21,11.21,0.89,3.0,,,
-7.5,-20.45,12.95,0.89,3.0,,,
-5.0,-19.67,14.67,0.89,3.0,,,
-2.5,-18.86,16.36,0.89,3.0,,,
0.0,-17.95,17.95,0.89,3.0,,,
-60.0,-63.01,3.01,0.89,3.9,,,
-57.5,-60.51,3.01,0.89,3.9,,,
-55.0,-58.01,3.01,0.89,3.9,,,
-52.5,-55.51,3.01,0.89,3.9,,,
-50.0,-53.01,3.01,0.89,3.9,,,
-47.5,-50.51,3.01,0.89,3.9,,,
-45.0,-48.01,3.01,0.89,3.9,,,
-42.5,-45.51,3.01,0.89,3.9,,,
-40.0,-43.01,3.01,0.89,3.9,,,
-37.5,-40.51,3.01,0.89,3.9,,,
-35.0,-38.01,3.01,0.89,3.9,,,
-32.5,-35.51,3.01,0.89,3.9,,,
-30.0,-33.01,3.01,0.89,3.9,,,
-27.5,-30.51,3.01,0.89,3.9,,,
-25.0,-28.06,3.06,0.89,3.9,,,
-22.5,-26.13,3.63,0.89,3.9,,,
-20.0,-24.72,4.72,0.89,3.9,,,
-17.5,-23.76,6.26,0.89,3.9,,,
-15.0,-23.2,8.2,0.89,3.9,,,
-12.5,-22.72,10.22,0.89,3.9,,,
-10.0,-22.21,12.21,0.89,3.9,,,
-7.5,-21.67,14.17,0.89,3.9,,,
-5.0,-21.1,16.1,0.89,3.9,,,
-2.5,-20.5,18.0,0.89,3.9,,,
0.0,-19.79,19.79,0.89,3.9,,,
-60.0,-63.01,3.01,0.89,4.8,,,
-57.5,-60.51,3.01,0.89,4.8,,,
-55.0,-58.01,3.01,0.89,4.8,,,
-52.5,-55.51,3.01,0.89,4.8,,,
-50.0,-53.01,3.01,0.89,4.8,,,
-47.5,-50.51,3.01,0.89,4.8,,,
-45.0,-48.01,3.01,0.89,4.8,,,
-42.5,-45.51,3.01,0.89,4.8,,,
-40.0,-43.01,3.01,0.89,4.8,,,
-37.5,-40.51,3.01,0.89,4.8,,,
-35.0,-38.01,3.01,0.89,4.8,,,
-32.5,-35.51,3.01,0.89,4.8,,,
-30.0,-33.01,3.01,0.89,4.8,,,
-27.5,-30.51,3.01,0.89,4.8,,,
-25.0,-28.07,3.07,0.89,4.8,,,
-22.5,-26.17,3.67,0.89,4.8,,,
-20.0,-24.83,4.83,0.89,4.8,,,
-17.5,-23.98,6.48,0.89,4.8,,,
-15.0,-23.55,8.55,0.89,4.8,,,
-12.5,-23.21,10.71,0.89,4.8,,,
-10.0,-22.83,12.83,0.89,4.8,,,
-7.5,-22.42,14.92,0.89,4.8,,,
-5.0,-21.99,16.99,0.89,4.8,,,
-2.5,-21.52,19.02,0.89,4.8,,,
0.0,-20.94,20.94,0.89,4.8,,,
-60.0,-63.01,3.01,0.89,5.8,,,
-57.5,-60.51,3.01,0.89,5.8,,,
-55.0,-58.01,3.01,0.89,5.8,,,
-52.5,-55.51,3.01,0.89,5.8,,,
-50.0,-53.01,3.01,0.89,5.8,,,
-47.5,-50.51,3.01,0.89,5.8,,,
-45.0,-48.01,3.01,0.89,5.8,,,
-42.5,-45.51,3.01,0.89,5.8,,,
-40.0,-43.01,3.01,0.89,5.8,,,
-37.5,-40.51,3.01,0.89,5.8,,,
-35.0,-38.01,3.01,0.89,5.8,,,
-32.5,-35.51,3.01,0.89,5.8,,,
-30.0,-33.01,3.01,0.89,5.8,,,
-27.5,-30.51,3.01,0.89,5.8,,,
-25.0,-28.07,3.07,0.89,5.8,,,
-22.5,-26.2,3.7,0.89,5.8,,,
-20.0,-24.91,4.91,0.89,5.8,,,
-17.5,-24.12,6.62,0.89,5.8,,,
-15.0,-23.79,8.79,0.89,5.8,,,
-12.5,-23.54,11.04,0.89,5.8,,,
-10.0,-23.25,13.25,0.89,5.8,,,
-7.5,-22.93,15.43,0.89,5.8,,,
-5.0,-22.58,17.58,0.89,5.8,,,
-2.5,-22.2,19.7,0.89,5.8,,,
0.0,-21.71,21.71,0.89,5.8,,,
-60.0,-63.01,3.01,0.89,6.7,,,
-57.5,-60.51,3.01,0.89,6.7,,,
-55.0,-58.01,3.01,0.89,6.7,,,
-52.5,-55.51,3.01,0.89,6.7,,,
-50.0,-53.01,3.01,0.89,6.7,,,
-47.5,-50.51,3.01,0.89,6.7,,,
-45.0,-48.01,3.01,0.89,6.7,,,
-42.5,-45.51,3.01,0.89,6.7,,,
-40.0,-43.01,3.01,0.89,6.7,,,
-37.5,-40.51,3.01,0.89,6.7,,,
-35.0,-38.01,3.01,0.89,6.7,,,
-32.5,-35.51,3.01,0.89,6.7,,,
-30.0,-33.01,3.01,0.89,6.7,,,
-27.5,-30.51,3.01,0.89,6.7,,,
-25.0,-28.07,3.07,0.89,6.7,,,
-22.5,-26.22,3.72,0.89,6.7,,,
-20.0,-24.96,4.96,0.89,6.7,,,
-17.5,-24.23,6.73,0.89,6.7,,,
-15.0,-23.96,8.96,0.89,6.7,,,
-12.5,-23.78,11.28,0.89,6.7,,,
-10.0,-23.55,13.55,0.89,6.7,,,
-7.5,-23.3,15.8,0.89,6.7,,,
-5.0,-23.01,18.01,0.89,6.7,,,
-2.5,-22.69,20.19,0.89,6.7,,,
0.0,-22.26,22.26,0.89,6.7,,,
-60.0,-63.01,3.01,0.89,7.7,,,
-57.5,-60.51,3.01,0.89,7.7,,,
-55.0,-58.01,3.01,0.89,7.7,,,
-52.5,-55.51,3.01,0.89,7.7,,,
-50.0,-53.01,3.01,0.89,7.7,,,
-47.5,-50.51,3.01,0.89,7.7,,,
-45.0,-48.01,3.01,0.89,7.7,,,
-42.5,-45.51,3.01,0.89,7.7,,,
-40.0,-43.01,3.01,0.89,7.7,,,
-37.5,-40.51,3.01,0.89,7.7,,,
-35.0,-38.01,3.01,0.89,7.7,,,
-32.5,-35.51,3.01,0.89,7.7,,,
-30.0,-33.01,3.01,0.89,7.7,,,
-27.5,-30.51,3.01,0.89,7.7,,,
-25.0,-28.07,3.07,0.89,7.7,,,
-22.5,-26.23,3.73,0.89,7.7,,,
-20.0,-25.01,5.01,0.89,7.7,,,
-17.5,-24.31,6.81,0.89,7.7,,,
-15.0,-24.09,9.09,0.89,7.7,,,
-12.5,-23.96,11.46,0.89,7.7,,,
-10.0,-23.78,13.78,0.89,7.7,,,
-7.5,-23.57,16.07,0.89,7.7,,,
-5.0,-23.34,18.34,0.89,7.7,,,
-2.5,-23.06,20.56,0.89,7.7,,,
0.0,-22.68,22.68,0.89,7.7,,,
-60.0,-63.01,3.01,0.89,8.6,,,
-57.5,-60.51,3.01,0.89,8.6,,,
-55.0,-58.01,3.01,0.89,8.6,,,
-52.5,-55.51,3.01,0.89,8.6,,,
-50.0,-53.01,3.01,0.89,8.6,,,
-47.5,-50.51,3.01,0.89,8.6,,,
-45.0,-48.01,3.01,0.89,8.6,,,
-42.5,-45.51,3.01,0.89,8.6,,,
-40.0,-43.01,3.01,0.89,8.6,,,
-37.5,-40.51,3.01,0.89,8.6,,,
-35.0,-38.01,3.01,0.89,8.6,,,
-32.5,-35.51,3.01,0.89,8.6,,,
-30.0,-33.01,3.01,0.89,8.6,,,
-27.5,-30.51,3.01,0.89,8.6,,,
-25.0,-28.07,3.07,0.89,8.6,,,
-22.5,-26.24,3.74,0.89,8.6,,,
-20.0,-25.04,5.04,0.89,8.6,,,
-17.5,-24.37,6.87,0.89,8.6,,,
-15.0,-24.18,9.18,0.89,8.6,,,
-12.5,-24.09,11.59,0.89,8.6,,,
-10.0,-23.95,13.95,0.89,8.6,,,
-7.5,-23.78,16.28,0.89,8.6,,,
-5.0,-23.58,18.58,0.89,8.6,,,
-2.5,-23.34,20.84,0.89,8.6,,,
0.0,-23.0,23.0,0.89,8.6,,,
-60.0,-63.01,3.01,0.89,9.6,,,
-57.5,-60.51,3.01,0.89,9.6,,,
-55.0,-58.01,3.01,0.89,9.6,,,
-52.5,-55.51,3.01,0.89,9.6,,,
-50.0,-53.01,3.01,0.89,9.6,,,
-47.5,-50.51,3.01,0.89,9.6,,,
-45.0,-48.01,3.01,0.89,9.6,,,
-42.5,-45.51,3.01,0.89,9.6,,,
-40.0,-43.01,3.01,0.89,9.6,,,
-37.5,-40.51,3.01,0.89,9.6,,,
-35.0,-38.01,3.01,0.89,9.6,,,
-32.5,-35.51,3.01,0.89,9.6,,,
-30.0,-33.01,3.01,0.89,9.6,,,
-27.5,-30.51,3.01,0.89,9.6,,,
-25.0,-28.07,3.07,0.89,9.6,,,
-22.5,-26.25,3.75,0.89,9.6,,,
-20.0,-25.07,5.07,0.89,9.6,,,
-17.5,-24.42,6.92,0.89,9.6,,,
-15.0,-24.27,9.27,0.89,9.6,,,
-12.5,-24.21,11.71,0.89,9.6,,,
-10.0,-24.1,14.1,0.89,9.6,,,
-7.5,-23.96,16.46,0.89,9.6,,,
-5.0,-23.79,18.79,0.89,9.6,,,
-2.5,-23.58,21.08,0.89,9.6,,,
0.0,-23.27,23.27,0.89,9.6,,,
-60.0,-63.01,3.01,0.89,10.5,,,
-57.5,-60.51,3.01,0.89,10.5,,,
-55.0,-58.01,3.01,0.89,10.5,,,
-52.5,-55.51,3.01,0.89,10.5,,,
-50.0,-53.01,3.01,0.89,10.5,,,
-47.5,-50.51,3.01,0.89,10.5,,,
-45.0,-48.01,3.01,0.89,10.5,,,
-42.5,-45.51,3.01,0.89,10.5,,,
-40.0,-43.01,3.01,0.89,10.5,,,
-37.5,-40.51,3.01,0.89,10.5,,,
-35.0,-38.01,3.01,0.89,10.5,,,
-32.5,-35.51,3.01,0.89,10.5,,,
-30.0,-33.01,3.01,0.89,10.5,,,
-27.5,-30.51,3.01,0.89,10.5,,,
-25.0,-28.07,3.07,0.89,10.5,,,
-22.5,-26.26,3.76,0.89,10.5,,,
-20.0,-25.09,5.09,0.89,10.5,,,
-17.5,-24.46,6.96,0.89,10.5,,,
-15.0,-24.33,9.33,0.89,10.5,,,
-12.5,-24.3,11.8,0.89,10.5,,,
-10.0,-24.21,14.21,0.89,10.5,,,
-7.5,-24.1,16.6,0.89,10.5,,,
-5.0,-23.95,18.95,0.89,10.5,,,
-2.5,-23.76,21.26,0.89,10.5,,,
0.0,-23.47,23.47,0.89,10.5,,,
-60.0,-63.01,3.01,0.89,11.5,,,
-57.5,-60.51,3.01,0.89,11.5,,,
-55.0,-58.01,3.01,0.89,11.5,,,
-52.5,-55.51,3.01,0.89,11.5,,,
-50.0,-53.01,3.01,0.89,11.5,,,
-47.5,-50.51,3.01,0.89,11.5,,,
-45.0,-48.01,3.01,0.89,11.5,,,
-42.5,-45.51,3.01,0.89,11.5,,,
-40.0,-43.01,3.01,0.89,11.5,,,
-37.5,-40.51,3.01,0.89,11.5,,,
-35.0,-38.01,3.01,0.89,11.5,,,
-32.5,-35.51,3.01,0.89,11.5,,,
-30.0,-33.01,3.01,0.89,11.5,,,
-27.5,-30.51,3.01,0.89,11.5,,,
-25.0,-28.07,3.07,0.89,11.5,,,
-22.5,-26.27,3.77,0.89,11.5,,,
-20.0,-25.1,5.1,0.89,11.5,,,
-17.5,-24.5,7.0,0.89,11.5,,,
-15.0,-24.38,9.38,0.89,11.5,,,
-12.5,-24.37,11.87,0.89,11.5,,,
-10.0,-24.31,14.31,0.89,11.5,,,
-7.5,-24.21,16.71,0.89,11.5,,,
-5.0,-24.09,19.09,0.89,11.5,,,
-2.5,-23.92,21.42,0.89,11.5,,,
0.0,-23.65,23.65,0.89,11.5,,,
-60.0,-63.01,3.01,0.89,12.4,,,
-57.5,-60.51,3.01,0.89,12.4,,,
-55.0,-58.01,3.01,0.89,12.4,,,
-52.5,-55.51,3.01,0.89,12.4,,,
-50.0,-53.01,3.01,0.89,12.4,,,
-47.5,-50.51,3.01,0.89,12.4,,,
-45.0,-48.01,3.01,0.89,12.4,,,
-42.5,-45.51,3.01,0.89,12.4,,,
-40.0,-43.01,3.01,0.89,12.4,,,
-37.5,-40.51,3.01,0.89,12.4,,,
-35.0,-38.01,3.01,0.89,12.4,,,
-32.5,-35.51,3.01,0.89,12.4,,,
-30.0,-33.01,3.01,0.89,12.4,,,
-27.5,-30.51,3.01,0.89,12.4,,,
-25.0,-28.07,3.07,0.89,12.4,,,
-22.5,-26.27,3.77,0.89,12.4,,,
-20.0,-25.12,5.12,0.89,12.4,,,
-17.5,-24.53,7.03,0.89,12.4,,,
-15.0,-24.43,9.43,0.89,12.4,,,
-12.5,-24.44,11.94,0.89,12.4,,,
-10.0,-24.39,14.39,0.89,12.4,,,
-7.5,-24.31,16.81,0.89,12.4,,,
-5.0,-24.2,19.2,0.89,12.4,,,
-2.5,-24.06,21.56,0.89,12.4,,,
0.0,-23.8,23.8,0.89,12.4,,,
-60.0,-63.01,3.01,0.89,13.4,,,
-57.5,-60.51,3.01,0.89,13.4,,,
-55.0,-58.01,3.01,0.89,13.4,,,
-52.5,-55.51,3.01,0.89,13.4,,,
-50.0,-53.01,3.01,0.89,13.4,,,
-47.5,-50.51,3.01,0.89,13.4,,,
-45.0,-48.01,3.01,0.89,13.4,,,
-42.5,-45.51,3.01,0.89,13.4,,,
-40.0,-43.01,3.01,0.89,13.4,,,
-37.5,-40.51,3.01,0.89,13.4,,,
-35.0,-38.01,3.01,0.89,13.4,,,
-32.5,-35.51,3.01,0.89,13.4,,,
-30.0,-33.01,3.01,0.89,13.4,,,
-27.5,-30.51,3.01,0.89,13.4,,,
-25.0,-28.07,3.07,0.89,13.4,,,
-22.5,-26.28,3.78,0.89,13.4,,,
-20.0,-25.13,5.13,0.89,13.4,,,
-17.5,-24.55,7.05,0.89,13.4,,,
-15.0,-24.47,9.47,0.89,13.4,,,
-12.5,-24.49,11.99,0.89,13.4,,,
-10.0,-24.46,14.46,0.89,13.4,,,
-7.5,-24.4,16.9,0.89,13.4,,,
-5.0,-24.31,19.31,0.89,13.4,,,
-2.5,-24.17,21.67,0.89,13.4,,,
0.0,-23.93,23.93,0.89,13.4,,,
-60.0,-63.01,3.01,0.89,14.3,,,
-57.5,-60.51,3.01,0.89,14.3,,,
-55.0,-58.01,3.01,0.89,14.3,,,
-52.5,-55.51,3.01,0.89,14.3,,,
-50.0,-53.01,3.01,0.89,14.3,,,
-47.5,-50.51,3.01,0.89,14.3,,,
-45.0,-48.01,3.01,0.89,14.3,,,
-42.5,-45.51,3.01,0.89,14.3,,,
-40.0,-43.01,3.01,0.89,14.3,,,
-37.5,-40.51,3.01,0.89,14.3,,,
-35.0,-38.01,3.01,0.89,14.3,,,
-32.5,-35.51,3.01,0.89,14.3,,,
-30.0,-33.01,3.01,0.89,14.3,,,
-27.5,-30.51,3.01,0.89,14.3,,,
-25.0,-28.08,3.08,0.89,14.3,,,
-22.5,-26.28,3.78,0.89,14.3,,,
-20.0,-25.14,5.14,0.89,14.3,,,
-17.5,-24.57,7.07,0.89,14.3,,,
-15.0,-24.51,9.51,0.89,14.3,,,
-12.5,-24.54,12.04,0.89,14.3,,,
-10.0,-24.52,14.52,0.89,14.3,,,
-7.5,-24.47,16.97,0.89,14.3,,,
-5.0,-24.39,19.39,0.89,14.3,,,
-2.5,-24.27,21.77,0.89,14.3,,,
0.0,-24.04,24.04,0.89,14.3,,,
-60.0,-63.01,3.01,0.89,15.3,,,
-57.5,-60.51,3.01,0.89,15.3,,,
-55.0,-58.01,3.01,0.89,15.3,,,
-52.5,-55.51,3.01,0.89,15.3,,,
-50.0,-53.01,3.01,0.89,15.3,,,
-47.5,-50.51,3.01,0.89,15.3,,,
-45.0,-48.01,3.01,0.89,15.3,,,
-42.5,-45.51,3.01,0.89,15.3,,,
-40.0,-43.01,3.01,0.89,15.3,,,
-37.5,-40.51,3.01,0.89,15.3,,,
-35.0,-38.01,3.01,0.89,15.3,,,
-32.5,-35.51,3.01,0.89,15.3,,,
-30.0,-33.01,3.01,0.89,15.3,,,
-27.5,-30.51,3.01,0.89,15.3,,,
-25.0,-28.08,3.08,0.89,15.3,,,
-22.5,-26.29,3.79,0.89,15.3,,,
-20.0,-25.15,5.15,0.89,15.3,,,
-17.5,-24.59,7.09,0.89,15.3,,,
-15.0,-24.54,9.54,0.89,15.3,,,
-12.5,-24.58,12.08,0.89,15.3,,,
-10.0,-24.58,14.58,0.89,15.3,,,
-7.5,-24.54,17.04,0.89,15.3,,,
-5.0,-24.47,19.47,0.89,15.3,,,
-2.5,-24.36,21.86,0.89,15.3,,,
0.0,-24.14,24.14,0.89,15.3,,,
-60.0,-63.01,3.01,0.89,16.2,,,
-57.5,-60.51,3.01,0.89,16.2,,,
-55.0,-58.01,3.01,0.89,16.2,,,
-52.5,-55.51,3.01,0.89,16.2,,,
-50.0,-53.01,3.01,0.89,16.2,,,
-47.5,-50.51,3.01,0.89,16.2,,,
-45.0,-48.01,3.01,0.89,16.2,,,
-42.5,-45.51,3.01,0.89,16.2,,,
-40.0,-43.01,3.01,0.89,16.2,,,
-37.5,-40.51,3.01,0.89,16.2,,,
-35.0,-38.01,3.01,0.89,16.2,,,
-32.5,-35.51,3.01,0.89,16.2,,,
-30.0,-33.01,3.01,0.89,16.2,,,
-27.5,-30.51,3.01,0.89,16.2,,,
-25.0,-28.08,3.08,0.89,16.2,,,
-22.5,-26.29,3.79,0.89,16.2,,,
-20.0,-25.16,5.16,0.89,16.2,,,
-17.5,-24.61,7.11,0.89,16.2,,,
-15.0,-24.56,9.56,0.89,16.2,,,
-12.5,-24.62,12.12,0.89,16.2,,,
-10.0,-24.62,14.62,0.89,16.2,,,
-7.5,-24.59,17.09,0.89,16.2,,,
-5.0,-24.53,19.53,0.89,16.2,,,
-2.5,-24.43,21.93,0.89,16.2,,,
0.0,-24.23,24.23,0.89,16.2,,,
-60.0,-63.01,3.01,0.89,17.2,,,
-57.5,-60.51,3.01,0.89,17.2,,,
-55.0,-58.01,3.01,0.89,17.2,,,
-52.5,-55.51,3.01,0.89,17.2,,,
-50.0,-53.01,3.01,0.89,17.2,,,
-47.5,-50.51,3.01,0.89,17.2,,,
-45.0,-48.01,3.01,0.89,17.2,,,
-42.5,-45.51,3.01,0.89,17.2,,,
-40.0,-43.01,3.01,0.89,17.2,,,
-37.5,-40.51,3.01,0.89,17.2,,,
-35.0,-38.01,3.01,0.89,17.2,,,
-32.5,-35.51,3.01,0.89,17.2,,,
-30.0,-33.01,3.01,0.89,17.2,,,
-27.5,-30.51,3.01,0.89,17.2,,,
-25.0,-28.08,3.08,0.89,17.2,,,
-22.5,-26.29,3.79,0.89,17.2,,,
-20.0,-25.17,5.17,0.89,17.2,,,
-17.5,-24.62,7.12,0.89,17.2,,,
-15.0,-24.59,9.59,0.89,17.2,,,
-12.5,-24.65,12.15,0.89,17.2,,,
-10.0,-24.67,14.67,0.89,17.2,,,
-7.5,-24.65,17.15,0.89,17.2,,,
-5.0,-24.6,19.6,0.89,17.2,,,
-2.5,-24.5,22.0,0.89,17.2,,,
0.0,-24.31,24.31,0.89,17.2,,,
-60.0,-63.01,3.01,0.89,18.1,,,
-57.5,-60.51,3.01,0.89,18.1,,,
-55.0,-58.01,3.01,0.89,18.1,,,
-52.5,-55.51,3.01,0.89,18.1,,,
-50.0,-53.01,3.01,0.89,18.1,,,
-47.5,-50.51,3.01,0.89,18.1,,,
-45.0,-48.01,3.01,0.89,18.1,,,
-42.5,-45.51,3.01,0.89,18.1,,,
-40.0,-43.01,3.01,0.89,18.1,,,
-37.5,-40.51,3.01,0.89,18.1,,,
-35.0,-38.01,3.01,0.89,18.1,,,
-32.5,-35.51,3.01,0.89,18.1,,,
-30.0,-33.01,3.01,0.89,18.1,,,
-27.5,-30.51,3.01,0.89,18.1,,,
-25.0,-28.08,3.08,0.89,18.1,,,
-22.5,-26.29,3.79,0.89,18.1,,,
-20.0,-25.18,5.18,0.89,18.1,,,
-17.5,-24.64,7.14,0.89,18.1,,,
-15.0,-24.61,9.61,0.89,18.1,,,
-12.5,-24.68,12.18,0.89,18.1,,,
-10.0,-24.7,14.7,0.89,18.1,,,
-7.5,-24.69,17.19,0.89,18.1,,,
-5.0,-24.65,19.65,0.89,18.1,,,
-2.5,-24.56,22.06,0.89,18.1,,,
0.0,-24.37,24.37,0.89,18.1,,,
-60.0,-63.01,3.01,0.89,19.1,,,
-57.5,-60.51,3.01,0.89,19.1,,,
-55.0,-58.01,3.01,0.89,19.1,,,
-52.5,-55.51,3.01,0.89,19.1,,,
-50.0,-53.01,3.01,0.89,19.1,,,
-47.5,-50.51,3.01,0.89,19.1,,,
-45.0,-48.01,3.01,0.89,19.1,,,
-42.5,-45.51,3.01,0.89,19.1,,,
-40.0,-43.01,3.01,0.89,19.1,,,
-37.5,-40.51,3.01,0.89,19.1,,,
-35.0,-38.01,3.01,0.89,19.1,,,
-32.5,-35.51,3.01,0.89,19.1,,,
-30.0,-33.01,3.01,0.89,19.1,,,
-27.5,-30.51,3.01,0.89,19.1,,,
-25.0,-28.08,3.08,0.89,19.1,,,
-22.5,-26.3,3.8,0.89,19.1,,,
-20.0,-25.18,5.18,0.89,19.1,,,
-17.5,-24.65,7.15,0.89,19.1,,,
-15.0,-24.63,9.63,0.89,19.1,,,
-12.5,-24.71,12.21,0.89,19.1,,,
-10.0,-24.74,14.74,0.89,19.1,,,
-7.5,-24.73,17.23,0.89,19.1,,,
-5.0,-24.69,19.69,0.89,19.1,,,
-2.5,-24.62,22.12,0.89,19.1,,,
0.0,-24.43,24.43,0.89,19.1,,,
-60.0,-63.01,3.01,0.89,20.0,,,
-57.5,-60.51,3.01,0.89,20.0,,,
-55.0,-58.01,3.01,0.89,20.0,,,
-52.5,-55.51,3.01,0.89,20.0,,,
-50.0,-53.01,3.01,0.89,20.0,,,
-47.5,-50.51,3.01,0.89,20.0,,,
-45.0,-48.01,3.01,0.89,20.0,,,
-42.5,-45.51,3.01,0.89,20.0,,,
-40.0,-43.01,3.01,0.89,20.0,,,
-37.5,-40.51,3.01,0.89,20.0,,,
-35.0,-38.01,3.01,0.89,20.0,,,
-32.5,-35.51,3.01,0.89,20.0,,,
-30.0,-33.01,3.01,0.89,20.0,,,
-27.5,-30.51,3.01,0.89,20.0,,,
-25.0,-28.08,3.08,0.89,20.0,,,
-22.5,-26.3,3.8,0.89,20.0,,,
-20.0,-25.19,5.19,0.89,20.0,,,
-17.5,-24.66,7.16,0.89,20.0,,,
-15.0,-24.64,9.64,0.89,20.0,,,
-12.5,-24.73,12.23,0.89,20.0,,,
-10.0,-24.77,14.77,0.89,20.0,,,
-7.5,-24.77,17.27,0.89,20.0,,,
-5.0,-24.74,19.74,0.89,20.0,,,
-2.5,-24.67,22.17,0.89,20.0,,,
0.0,-24.49,24.49,0.89,20.0,,,
-60.0,-63.01,3.01,1.11,2.0,,,
-57.5,-60.51,3.01,1.11,2.0,,,
-55.0,-58.01,3.01,1.11,2.0,,,
-52.5,-55.51,3.01,1.11,2.0,,,
-50.0,-53.01,3.01,1.11,2.0,,,
-47.5,-50.51,3.01,1.11,2.0,,,
-45.0,-48.01,3.01,1.11,2.0,,,
-42.5,-45.51,3.01,1.11,2.0,,,
-40.0,-43.01,3.01,1.11,2.0,,,
-37.5,-40.51,3.01,1.11,2.0,,,
-35.0,-38.01,3.01,1.11,2.0,,,
-32.5,-35.51,3.01,1.11,2.0,,,
-30.0,-33.01,3.01,1.11,2.0,,,
-27.5,-30.51,3.01,1.11,2.0,,,
-25.0,-28.01,3.01,1.11,2.0,,,
-22.5,-25.51,3.01,1.11,2.0,,,
-20.0,-23.07,3.07,1.11,2.0,,,
-17.5,-20.97,3.47,1.11,2.0,,,
-15.0,-19.21,4.21,1.11,2.0,,,
-12.5,-17.76,5.26,1.11,2.0,,,
-10.0,-16.56,6.56,1.11,2.0,,,
-7.5,-15.38,7.88,1.11,2.0,,,
-5.0,-14.18,9.18,1.11,2.0,,,
-2.5,-12.95,10.45,1.11,2.0,,,
0.0,-11.61,11.61,1.11,2.0,,,
-60.0,-63.01,3.01,1.11,3.0,,,
-57.5,-60.51,3.01,1.11,3.0,,,
-55.0,-58.01,3.01,1.11,3.0,,,
-52.5,-55.51,3.01,1.11,3.0,,,
-50.0,-53.01,3.01,1.11,3.0,,,
-47.5,-50.51,3.01,1.11,3.0,,,
-45.0,-48.01,3.01,1.11,3.0,,,
-42.5,-45.51,3.01,1.11,3.0,,,
-40.0,-43.01,3.01,1.11,3.0,,,
-37.5,-40.51,3.01,1.11,3.0,,,
-35.0,-38.01,3.01,1.11,3.0,,,
-32.5,-35.51,3.01,1.11,3.0,,,
-30.0,-33.01,3.01,1.11,3.0,,,
-27.5,-30.51,3.01,1.11,3.0,,,
-25.0,-28.01,3.01,1.11,3.0,,,
-22.5,-25.51,3.01,1.11,3.0,,,
-20.0,-23.09,3.09,1.11,3.0,,,
-17.5,-21.13,3.63,1.11,3.0,,,
-15.0,-19.6,4.6,1.11,3.0,,,
-12.5,-18.49,5.99,1.11,3.0,,,
-10.0,-17.71,7.71,1.11,3.0,,,
-7.5,-16.96,9.46,1.11,3.0,,,
-5.0,-16.18,11.18,1.11,3.0,,,
-2.5,-15.37,12.87,1.11,3.0,,,
0.0,-14.46,14.46,1.11,3.0,,,
-60.0,-63.01,3.01,1.11,3.9,,,
-57.5,-60.51,3.01,1.11,3.9,,,
-55.0,-58.01,3.01,1.11,3.9,,,
-52.5,-55.51,3.01,1.11,3.9,,,
-50.0,-53.01,3.01,1.11,3.9,,,
-47.5,-50.51,3.01,1.11,3.9,,,
-45.0,-48.01,3.01,1.11,3.9,,,
-42.5,-45.51,3.01,1.11,3.9,,,
-40.0,-43.01,3.01,1.11,3.9,,,
-37.5,-40.51,3.01,1.11,3.9,,,
-35.0,-38.01,3.01,1.11,3.9,,,
-32.5,-35.51,3.01,1.11,3.9,,,
-30.0,-33.01,3.01,1.11,3.9,,,
-27.5,-30.51,3.01,1.11,3.9,,,
-25.0,-28.01,3.01,1.11,3.9,,,
-22.5,-25.51,3.01,1.11,3.9,,,
-20.0,-23.1,3.1,1.11,3.9,,,
-17.5,-21.2,3.7,1.11,3.9,,,
-15.0,-19.8,4.8,1.11,3.9,,,
-12.5,-18.85,6.35,1.11,3.9,,,
-10.0,-18.29,8.29,1.11,3.9,,,
-7.5,-17.75,10.25,1.11,3.9,,,
-5.0,-17.19,12.19,1.11,3.9,,,
-2.5,-16.59,14.09,1.11,3.9,,,
0.0,-15.89,15.89,1.11,3.9,,,
-60.0,-63.01,3.01,1.11,4.8,,,
-57.5,-60.51,3.01,1.11,4.8,,,
-55.0,-58.01,3.01,1.11,4.8,,,
-52.5,-55.51,3.01,1.11,4.8,,,
-50.0,-53.01,3.01,1.11,4.8,,,
-47.5,-50.51,3.01,1.11,4.8,,,
-45.0,-48.01,3.01,1.11,4.8,,,
-42.5,-45.51,3.01,1.11,4.8,,,
-40.0,-43.01,3.01,1.11,4.8,,,
-37.5,-40.51,3.01,1.11,4.8,,,
-35.0,-38.01,3.01,1.11,4.8,,,
-32.5,-35.51,3.01,1.11,4.8,,,
-30.0,-33.01,3.01,1.11,4.8,,,
-27.5,-30.51,3.01,1.11,4.8,,,
-25.0,-28.01,3.01,1.11,4.8,,,
-22.5,-25.51,3.01,1.11,4.8,,,
-20.0,-23.11,3.11,1.11,4.8,,,
-17.5,-21.25,3.75,1.11,4.8,,,
-15.0,-19.92,4.92,1.11,4.8,,,
-12.5,-19.08,6.58,1.11,4.8,,,
-10.0,-18.65,8.65,1.11,4.8,,,
-7.5,-18.24,10.74,1.11,4.8,,,
-5.0,-17.81,12.81,1.11,4.8,,,
-2.5,-17.34,14.84,1.11,4.8,,,
0.0,-16.77,16.77,1.11,4.8,,,
-60.0,-63.01,3.01,1.11,5.8,,,
-57.5,-60.51,3.01,1.11,5.8,,,
-55.0,-58.01,3.01,1.11,5.8,,,
-52.5,-55.51,3.01,1.11,5.8,,,
-50.0,-53.01,3.01,1.11,5.8,,,
-47.5,-50.51,3.01,1.11,5.8,,,
-45.0,-48.01,3.01,1.11,5.8,,,
-42.5,-45.51,3.01,1.11,5.8,,,
-40.0,-43.01,3.01,1.11,5.8,,,
-37.5,-40.51,3.01,1.11,5.8,,,
-35.0,-38.01,3.01,1.11,5.8,,,
-32.5,-35.51,3.01,1.11,5.8,,,
-30.0,-33.01,3.01,1.11,5.8,,,
-27.5,-30.51,3.01,1.11,5.8,,,
-25.0,-28.01,3.01,1.11,5.8,,,
-22.5,-25.51,3.01,1.11,5.8,,,
-20.0,-23.12,3.12,1.11,5.8,,,
-17.5,-21.28,3.78,1.11,5.8,,,
-15.0,-20.0,5.0,1.11,5.8,,,
-12.5,-19.23,6.73,1.11,5.8,,,
-10.0,-18.89,8.89,1.11,5.8,,,
-7.5,-18.57,11.07,1.11,5.8,,,
-5.0,-18.23,13.23,1.11,5.8,,,
-2.5,-17.85,15.35,1.11,5.8,,,
0.0,-17.37,17.37,1.11,5.8,,,
-60.0,-63.01,3.01,1.11,6.7,,,
-57.5,-60.51,3.01,1.11,6.7,,,
-55.0,-58.01,3.01,1.11,6.7,,,
-52.5,-55.51,3.01,1.11,6.7,,,
-50.0,-53.01,3.01,1.11,6.7,,,
-47.5,-50.51,3.01,1.11,6.7,,,
-45.0,-48.01,3.01,1.11,6.7,,,
-42.5,-45.51,3.01,1.11,6.7,,,
-40.0,-43.01,3.01,1.11,6.7,,,
-37.5,-40.51,3.01,1.11,6.7,,,
-35.0,-38.01,3.01,1.11,6.7,,,
-32.5,-35.51,3.01,1.11,6.7,,,
-30.0,-33.01,3.01,1.11,6.7,,,
-27.5,-30.51,3.01,1.11,6.7,,,
-25.0,-28.01,3.01,1.11,6.7,,,
-22.5,-25.51,3.01,1.11,6.7,,,
-20.0,-23.12,3.12,1.11,6.7,,,
-17.5,-21.3,3.8,1.11,6.7,,,
-15.0,-20.06,5.06,1.11,6.7,,,
-12.5,-19.34,6.84,1.11,6.7,,,
-10.0,-19.06,9.06,1.11,6.7,,,
-7.5,-18.81,11.31,1.11,6.7,,,
-5.0,-18.53,13.53,1.11,6.7,,,
-2.5,-18.21,15.71,1.11,6.7,,,
0.0,-17.79,17.79,1.11,6.7,,,
-60.0,-63.01,3.01,1.11,7.7,,,
-57.5,-60.51,3.01,1.11,7.7,,,
-55.0,-58.01,3.01,1.11,7.7,,,
-52.5,-55.51,3.01,1.11,7.7,,,
-50.0,-53.01,3.01,1.11,7.7,,,
-47.5,-50.51,3.01,1.11,7.7,,,
-45.0,-48.01,3.01,1.11,7.7,,,
-42.5,-45.51,3.01,1.11,7.7,,,
-40.0,-43.01,3.01,1.11,7.7,,,
-37.5,-40.51,3.01,1.11,7.7,,,
-35.0,-38.01,3.01,1.11,7.7,,,
-32.5,-35.51,3.01,1.11,7.7,,,
-30.0,-33.01,3.01,1.11,7.7,,,
-27.5,-30.51,3.01,1.11,7.7,,,
-25.0,-28.01,3.01,1.11,7.7,,,
-22.5,-25.51,3.01,1.11,7.7,,,
-20.0,-23.12,3.12,1.11,7.7,,,
-17.5,-21.32,3.82,1.11,7.7,,,
-15.0,-20.1,5.1,1.11,7.7,,,
-12.5,-19.43,6.93,1.11,7.7,,,
-10.0,-19.19,9.19,1.11,7.7,,,
-7.5,-18.99,11.49,1.11,7.7,,,
-5.0,-18.76,13.76,1.11,7.7,,,
-2.5,-18.49,15.99,1.11,7.7,,,
0.0,-18.12,18.12,1.11,7.7,,,
-60.0,-63.01,3.01,1.11,8.6,,,
-57.5,-60.51,3.01,1.11,8.6,,,
-55.0,-58.01,3.01,1.11,8.6,,,
-52.5,-55.51,3.01,1.11,8.6,,,
-50.0,-53.01,3.01,1.11,8.6,,,
-47.5,-50.51,3.01,1.11,8.6,,,
-45.0,-48.01,3.01,1.11,8.6,,,
-42.5,-45.51,3.01,1.11,8.6,,,
-40.0,-43.01,3.01,1.11,8.6,,,
-37.5,-40.51,3.01,1.11,8.6,,,
-35.0,-38.01,3.01,1.11,8.6,,,
-32.5,-35.51,3.01,1.11,8.6,,,
-30.0,-33.01,3.01,1.11,8.6,,,
-27.5,-30.51,3.01,1.11,8.6,,,
-25.0,-28.01,3.01,1.11,8.6,,,
-22.5,-25.51,3.01,1.11,8.6,,,
-20.0,-23.12,3.12,1.11,8.6,,,
-17.5,-21.33,3.83,1.11,8.6,,,
-15.0,-20.13,5.13,1.11,8.6,,,
-12.5,-19.49,6.99,1.11,8.6,,,
-10.0,-19.29,9.29,1.11,8.6,,,
-7.5,-19.12,11.62,1.11,8.6,,,
-5.0,-18.93,13.93,1.11,8.6,,,
-2.5,-18.7,16.2,1.11,8.6,,,
0.0,-18.36,18.36,1.11,8.6,,,
-60.0,-63.01,3.01,1.11,9.6,,,
-57.5,-60.51,3.01,1.11,9.6,,,
-55.0,-58.01,3.01,1.11,9.6,,,
-52.5,-55.51,3.01,1.11,9.6,,,
-50.0,-53.01,3.01,1.11,9.6,,,
-47.5,-50.51,3.01,1.11,9.6,,,
-45.0,-48.01,3.01,1.11,9.6,,,
-42.5,-45.51,3.01,1.11,9.6,,,
-40.0,-43.01,3.01,1.11,9.6,,,
-37.5,-40.51,3.01,1.11,9.6,,,
-35.0,-38.01,3.01,1.11,9.6,,,
-32.5,-35.51,3.01,1.11,9.6,,,
-30.0,-33.01,3.01,1.11,9.6,,,
-27.5,-30.51,3.01,1.11,9.6,,,
-25.0,-28.01,3.01,1.11,9.6,,,
-22.5,-25.51,3.01,1.11,9.6,,,
-20.0,-23.12,3.12,1.11,9.6,,,
-17.5,-21.34,3.84,1.11,9.6,,,
-15.0,-20.16,5.16,1.11,9.6,,,
-12.5,-19.54,7.04,1.11,9.6,,,
-10.0,-19.38,9.38,1.11,9.6,,,
-7.5,-19.24,11.74,1.11,9.6,,,
-5.0,-19.08,14.08,1.11,9.6,,,
-2.5,-18.88,16.38,1.11,9.6,,,
0.0,-18.57,18.57,1.11,9.6,,,
-60.0,-63.01,3.01,1.11,10.5,,,
-57.5,-60.51,3.01,1.11,10.5,,,
-55.0,-58.01,3.01,1.11,10.5,,,
-52.5,-55.51,3.01,1.11,10.5,,,
-50.0,-53.01,3.01,1.11,10.5,,,
-47.5,-50.51,3.01,1.11,10.5,,,
-45.0,-48.01,3.01,1.11,10.5,,,
-42.5,-45.51,3.01,1.11,10.5,,,
-40.0,-43.01,3.01,1.11,10.5,,,
-37.5,-40.51,3.01,1.11,10.5,,,
-35.0,-38.01,3.01,1.11,10.5,,,
-32.5,-35.51,3.01,1.11,10.5,,,
-30.0,-33.01,3.01,1.11,10.5,,,
-27.5,-30.51,3.01,1.11,10.5,,,
-25.0,-28.01,3.01,1.11,10.5,,,
-22.5,-25.51,3.01,1.11,10.5,,,
-20.0,-23.13,3.13,1.11,10.5,,,
-17.5,-21.35,3.85,1.11,10.5,,,
-15.0,-20.18,5.18,1.11,10.5,,,
-12.5,-19.58,7.08,1.11,10.5,,,
-10.0,-19.44,9.44,1.11,10.5,,,
-7.5,-19.33,11.83,1.11,10.5,,,
-5.0,-19.19,14.19,1.11,10.5,,,
-2.5,-19.01,16.51,1.11,10.5,,,
0.0,-18.73,18.73,1.11,10.5,,,
-60.0,-63.01,3.01,1.11,11.5,,,
-57.5,-60.51,3.01,1.11,11.5,,,
-55.0,-58.01,3.01,1.11,11.5,,,
-52.5,-55.51,3.01,1.11,11.5,,,
-50.0,-53.01,3.01,1.11,11.5,,,
-47.5,-50.51,3.01,1.11,11.5,,,
-45.0,-48.01,3.01,1.11,11.5,,,
-42.5,-45.51,3.01,1.11,11.5,,,
-40.0,-43.01,3.01,1.11,11.5,,,
-37.5,-40.51,3.01,1.11,11.5,,,
-35.0,-38.01,3.01,1.11,11.5,,,
-32.5,-35.51,3.01,1.11,11.5,,,
-30.0,-33.01,3.01,1.11,11.5,,,
-27.5,-30.51,3.01,1.11,11.5,,,
-25.0,-28.01,3.01,1.11,11.5,,,
-22.5,-25.51,3.01,1.11,11.5,,,
-20.0,-23.13,3.13,1.11,11.5,,,
-17.5,-21.36,3.86,1.11,11.5,,,
-15.0,-20.2,5.2,1.11,11.5,,,
-12.5,-19.62,7.12,1.11,11.5,,,
-10.0,-19.5,9.5,1.11,11.5,,,
-7.5,-19.4,11.9,1.11,11.5,,,
-5.0,-19.28,14.28,1.11,11.5,,,
-2.5,-19.13,16.63,1.11,11.5,,,
0.0,-18.87,18.87,1.11,11.5,,,
-60.0,-63.01,3.01,1.11,12.4,,,
-57.5,-60.51,3.01,1.11,12.4,,,
-55.0,-58.01,3.01,1.11,12.4,,,
-52.5,-55.51,3.01,1.11,12.4,,,
-50.0,-53.01,3.01,1.11,12.4,,,
-47.5,-50.51,3.01,1.11,12.4,,,
-45.0,-48.01,3.01,1.11,12.4,,,
-42.5,-45.51,3.01,1.11,12.4,,,
-40.0,-43.01,3.01,1.11,12.4,,,
-37.5,-40.51,3.01,1.11,12.4,,,
-35.0,-38.01,3.01,1.11,12.4,,,
-32.5,-35.51,3.01,1.11,12.4,,,
-30.0,-33.01,3.01,1.11,12.4,,,
-27.5,-30.51,3.01,1.11,12.4,,,
-25.0,-28.01,3.01,1.11,12.4,,,
-22.5,-25.51,3.01,1.11,12.4,,,
-20.0,-23.13,3.13,1.11,12.4,,,
-17.5,-21.36,3.86,1.11,12.4,,,
-15.0,-20.22,5.22,1.11,12.4,,,
-12.5,-19.65,7.15,1.11,12.4,,,
-10.0,-19.54,9.54,1.11,12.4,,,
-7.5,-19.47,11.97,1.11,12.4,,,
-5.0,-19.37,14.37,1.11,12.4,,,
-2.5,-19.23,16.73,1.11,12.4,,,
0.0,-18.98,18.98,1.11,12.4,,,
-60.0,-63.01,3.01,1.11,13.4,,,
-57.5,-60.51,3.01,1.11,13.4,,,
-55.0,-58.01,3.01,1.11,13.4,,,
-52.5,-55.51,3.01,1.11,13.4,,,
-50.0,-53.01,3.01,1.11,13.4,,,
-47.5,-50.51,3.01,1.11,13.4,,,
-45.0,-48.01,3.01,1.11,13.4,,,
-42.5,-45.51,3.01,1.11,13.4,,,
-40.0,-43.01,3.01,1.11,13.4,,,
-37.5,-40.51,3.01,1.11,13.4,,,
-35.0,-38.01,3.01,1.11,13.4,,,
-32.5,-35.51,3.01,1.11,13.4,,,
-30.0,-33.01,3.01,1.11,13.4,,,
-27.5,-30.51,3.01,1.11,13.4,,,
-25.0,-28.01,3.01,1.11,13.4,,,
-22.5,-25.51,3.01,1.11,13.4,,,
-20.0,-23.13,3.13,1.11,13.4,,,
-17.5,-21.37,3.87,1.11,13.4,,,
-15.0,-20.23,5.23,1.11,13.4,,,
-12.5,-19.67,7.17,1.11,13.4,,,
-10.0,-19.59,9.59,1.11,13.4,,,
-7.5,-19.53,12.03,1.11,13.4,,,
-5.0,-19.44,14.44,1.11,13.4,,,
-2.5,-19.32,16.82,1.11,13.4,,,
0.0,-19.09,19.09,1.11,13.4,,,
-60.0,-63.01,3.01,1.11,14.3,,,
-57.5,-60.51,3.01,1.11,14.3,,,
-55.0,-58.01,3.01,1.11,14.3,,,
-52.5,-55.51,3.01,1.11,14.3,,,
-50.0,-53.01,3.01,1.11,14.3,,,
-47.5,-50.51,3.01,1.11,14.3,,,
-45.0,-48.01,3.01,1.11,14.3,,,
-42.5,-45.51,3.01,1.11,14.3,,,
-40.0,-43.01,3.01,1.11,14.3,,,
-37.5,-40.51,3.01,1.11,14.3,,,
-35.0,-38.01,3.01,1.11,14.3,,,
-32.5,-35.51,3.01,1.11,14.3,,,
-30.0,-33.01,3.01,1.11,14.3,,,
-27.5,-30.51,3.01,1.11,14.3,,,
-25.0,-28.01,3.01,1.11,14.3,,,
-22.5,-25.51,3.01,1.11,14.3,,,
-20.0,-23.13,3.13,1.11,14.3,,,
-17.5,-21.37,3.87,1.11,14.3,,,
-15.0,-20.24,5.24,1.11,14.3,,,
-12.5,-19.7,7.2,1.11,14.3,,,
-10.0,-19.62,9.62,1.11,14.3,,,
-7.5,-19.57,12.07,1.11,14.3,,,
-5.0,-19.5,14.5,1.11,14.3,,,
-2.5,-19.39,16.89,1.11,14.3,,,
0.0,-19.17,19.17,1.11,14.3,,,
-60.0,-63.01,3.01,1.11,15.3,,,
-57.5,-60.51,3.01,1.11,15.3,,,
-55.0,-58.01,3.01,1.11,15.3,,,
-52.5,-55.51,3.01,1.11,15.3,,,
-50.0,-53.01,3.01,1.11,15.3,,,
-47.5,-50.51,3.01,1.11,15.3,,,
-45.0,-48.01,3.01,1.11,15.3,,,
-42.5,-45.51,3.01,1.11,15.3,,,
-40.0,-43.01,3.01,1.11,15.3,,,
-37.5,-40.51,3.01,1.11,15.3,,,
-35.0,-38.01,3.01,1.11,15.3,,,
-32.5,-35.51,3.01,1.11,15.3,,,
-30.0,-33.01,3.01,1.11,15.3,,,
-27.5,-30.51,3.01,1.11,15.3,,,
-25.0,-28.01,3.01,1.11,15.3,,,
-22.5,-25.51,3.01,1.11,15.3,,,
-20.0,-23.13,3.13,1.11,15.3,,,
-17.5,-21.38,3.88,1.11,15.3,,,
-15.0,-20.25,5.25,1.11,15.3,,,
-12.5,-19.72,7.22,1.11,15.3,,,
-10.0,-19.65,9.65,1.11,15.3,,,
-7.5,-19.61,12.11,1.11,15.3,,,
-5.0,-19.55,14.55,1.11,15.3,,,
-2.5,-19.45,16.95,1.11,15.3,,,
0.0,-19.25,19.25,1.11,15.3,,,
-60.0,-63.01,3.01,1.11,16.2,,,
-57.5,-60.51,3.01,1.11,16.2,,,
-55.0,-58.01,3.01,1.11,16.2,,,
-52.5,-55.51,3.01,1.11,16.2,,,
-50.0,-53.01,3.01,1.11,16.2,,,
-47.5,-50.51,3.01,1.11,16.2,,,
-45.0,-48.01,3.01,1.11,16.2,,,
-42.5,-45.51,3.01,1.11,16.2,,,
-40.0,-43.01,3.01,1.11,16.2,,,
-37.5,-40.51,3.01,1.11,16.2,,,
-35.0,-38.01,3.01,1.11,16.2,,,
-32.5,-35.51,3.01,1.11,16.2,,,
-30.0,-33.01,3.01,1.11,16.2,,,
-27.5,-30.51,3.01,1.11,16.2,,,
-25.0,-28.01,3.01,1.11,16.2,,,
-22.5,-25.51,3.01,1.11,16.2,,,
-20.0,-23.13,3.13,1.11,16.2,,,
-17.5,-21.38,3.88,1.11,16.2,,,
-15.0,-20.26,5.26,1.11,16.2,,,
-12.5,-19.73,7.23,1.11,16.2,,,
-10.0,-19.68,9.68,1.11,16.2,,,
-7.5,-19.65,12.15,1.11,16.2,,,
-5.0,-19.6,14.6,1.11,16.2,,,
-2.5,-19.51,17.01,1.11,16.2,,,
0.0,-19.31,19.31,1.11,16.2,,,
-60.0,-63.01,3.01,1.11,17.2,,,
-57.5,-60.51,3.01,1.11,17.2,,,
-55.0,-58.01,3.01,1.11,17.2,,,
-52.5,-55.51,3.01,1.11,17.2,,,
-50.0,-53.01,3.01,1.11,17.2,,,
-47.5,-50.51,3.01,1.11,17.2,,,
-45.0,-48.01,3.01,1.11,17.2,,,
-42.5,-45.51,3.01,1.11,17.2,,,
-40.0,-43.01,3.01,1.11,17.2,,,
-37.5,-40.51,3.01,1.11,17.2,,,
-35.0,-38.01,3.01,1.11,17.2,,,
-32.5,-35.51,3.01,1.11,17.2,,,
-30.0,-33.01,3.01,1.11,17.2,,,
-27.5,-30.51,3.01,1.11,17.2,,,
-25.0,-28.01,3.01,1.11,17.2,,,
-22.5,-25.51,3.01,1.11,17.2,,,
-20.0,-23.13,3.13,1.11,17.2,,,
-17.5,-21.39,3.89,1.11,17.2,,,
-15.0,-20.27,5.27,1.11,17.2,,,
-12.5,-19.75,7.25,1.11,17.2,,,
-10.0,-19.7,9.7,1.11,17.2,,,
-7.5,-19.69,12.19,1.11,17.2,,,
-5.0,-19.64,14.64,1.11,17.2,,,
-2.5,-19.56,17.06,1.11,17.2,,,
0.0,-19.37,19.37,1.11,17.2,,,
-60.0,-63.01,3.01,1.11,18.1,,,
-57.5,-60.51,3.01,1.11,18.1,,,
-55.0,-58.01,3.01,1.11,18.1,,,
-52.5,-55.51,3.01,1.11,18.1,,,
-50.0,-53.01,3.01,1.11,18.1,,,
-47.5,-50.51,3.01,1.11,18.1,,,
-45.0,-48.01,3.01,1.11,18.1,,,
-42.5,-45.51,3.01,1.11,18.1,,,
-40.0,-43.01,3.01,1.11,18.1,,,
-37.5,-40.51,3.01,1.11,18.1,,,
-35.0,-38.01,3.01,1.11,18.1,,,
-32.5,-35.51,3.01,1.11,18.1,,,
-30.0,-33.01,3.01,1.11,18.1,,,
-27.5,-30.51,3.01,1.11,18.1,,,
-25.0,-28.01,3.01,1.11,18.1,,,
-22.5,-25.51,3.01,1.11,18.1,,,
-20.0,-23.13,3.13,1.11,18.1,,,
-17.5,-21.39,3.89,1.11,18.1,,,
-15.0,-20.28,5.28,1.11,18.1,,,
-12.5,-19.76,7.26,1.11,18.1,,,
-10.0,-19.72,9.72,1.11,18.1,,,
-7.5,-19.72,12.22,1.11,18.1,,,
-5.0,-19.68,14.68,1.11,18.1,,,
-2.5,-19.61,17.11,1.11,18.1,,,
0.0,-19.43,19.43,1.11,18.1,,,
-60.0,-63.01,3.01,1.11,19.1,,,
-57.5,-60.51,3.01,1.11,19.1,,,
-55.0,-58.01,3.01,1.11,19.1,,,
-52.5,-55.51,3.01,1.11,19.1,,,
-50.0,-53.01,3.01,1.11,19.1,,,
-47.5,-50.51,3.01,1.11,19.1,,,
-45.0,-48.01,3.01,1.11,19.1,,,
-42.5,-45.51,3.01,1.11,19.1,,,
-40.0,-43.01,3.01,1.11,19.1,,,
-37.5,-40.51,3.01,1.11,19.1,,,
-35.0,-38.01,3.01,1.11,19.1,,,
-32.5,-35.51,3.01,1.11,19.1,,,
-30.0,-33.01,3.01,1.11,19.1,,,
-27.5,-30.51,3.01,1.11,19.1,,,
-25.0,-28.01,3.01,1.11,19.1,,,
-22.5,-25.51,3.01,1.11,19.1,,,
-20.0,-23.13,3.13,1.11,19.1,,,
-17.5,-21.39,3.89,1.11,19.1,,,
-15.0,-20.29,5.29,1.11,19.1,,,
-12.5,-19.77,7.27,1.11,19.1,,,
-10.0,-19.74,9.74,1.11,19.1,,,
-7.5,-19.74,12.24,1.11,19.1,,,
-5.0,-19.71,14.71,1.11,19.1,,,
-2.5,-19.65,17.15,1.11,19.1,,,
0.0,-19.47,19.47,1.11,19.1,,,
-60.0,-63.01,3.01,1.11,20.0,,,
-57.5,-60.51,3.01,1.11,20.0,,,
-55.0,-58.01,3.01,1.11,20.0,,,
-52.5,-55.51,3.01,1.11,20.0,,,
-50.0,-53.01,3.01,1.11,20.0,,,
-47.5,-50.51,3.01,1.11,20.0,,,
-45.0,-48.01,3.01,1.11,20.0,,,
-42.5,-45.51,3.01,1.11,20.0,,,
-40.0,-43.01,3.01,1.11,20.0,,,
-37.5,-40.51,3.01,1.11,20.0,,,
-35.0,-38.01,3.01,1.11,20.0,,,
-32.5,-35.51,3.01,1.11,20.0,,,
-30.0,-33.01,3.01,1.11,20.0,,,
-27.5,-30.51,3.01,1.11,20.0,,,
-25.0,-28.01,3.01,1.11,20.0,,,
-22.5,-25.51,3.01,1.11,20.0,,,
-20.0,-23.13,3.13,1.11,20.0,,,
-17.5,-21.39,3.89,1.11,20.0,,,
-15.0,-20.29,5.29,1.11,20.0,,,
-12.5,-19.79,7.29,1.11,20.0,,,
-10.0,-19.76,9.76,1.11,20.0,,,
-7.5,-19.77,12.27,1.11,20.0,,,
-5.0,-19.74,14.74,1.11,20.0,,,
-2.5,-19.68,17.18,1.11,20.0,,,
0.0,-19.52,19.52,1.11,20.0,,,
-60.0,-63.01,3.01,1.32,2.0,,,
-57.5,-60.51,3.01,1.32,2.0,,,
-55.0,-58.01,3.01,1.32,2.0,,,
-52.5,-55.51,3.01,1.32,2.0,,,
-50.0,-53.01,3.01,1.32,2.0,,,
-47.5,-50.51,3.01,1.32,2.0,,,
-45.0,-48.01,3.01,1.32,2.0,,,
-42.5,-45.51,3.01,1.32,2.0,,,
-40.0,-43.01,3.01,1.32,2.0,,,
-37.5,-40.51,3.01,1.32,2.0,,,
-35.0,-38.01,3.01,1.32,2.0,,,
-32.5,-35.51,3.01,1.32,2.0,,,
-30.0,-33.01,3.01,1.32,2.0,,,
-27.5,-30.51,3.01,1.32,2.0,,,
-25.0,-28.01,3.01,1.32,2.0,,,
-22.5,-25.51,3.01,1.32,2.0,,,
-20.0,-23.01,3.01,1.32,2.0,,,
-17.5,-20.51,3.01,1.32,2.0,,,
-15.0,-18.08,3.08,1.32,2.0,,,
-12.5,-16.0,3.5,1.32,2.0,,,
-10.0,-14.27,4.27,1.32,2.0,,,
-7.5,-12.87,5.37,1.32,2.0,,,
-5.0,-11.66,6.66,1.32,2.0,,,
-2.5,-10.43,7.93,1.32,2.0,,,
0.0,-9.09,9.09,1.32,2.0,,,
-60.0,-63.01,3.01,1.32,3.0,,,
-57.5,-60.51,3.01,1.32,3.0,,,
-55.0,-58.01,3.01,1.32,3.0,,,
-52.5,-55.51,3.01,1.32,3.0,,,
-50.0,-53.01,3.01,1.32,3.0,,,
-47.5,-50.51,3.01,1.32,3.0,,,
-45.0,-48.01,3.01,1.32,3.0,,,
-42.5,-45.51,3.01,1.32,3.0,,,
-40.0,-43.01,3.01,1.32,3.0,,,
-37.5,-40.51,3.01,1.32,3.0,,,
-35.0,-38.01,3.01,1.32,3.0,,,
-32.5,-35.51,3.01,1.32,3.0,,,
-30.0,-33.01,3.01,1.32,3.0,,,
-27.5,-30.51,3.01,1.32,3.0,,,
-25.0,-28.01,3.01,1.32,3.0,,,
-22.5,-25.51,3.01,1.32,3.0,,,
-20.0,-23.01,3.01,1.32,3.0,,,
-17.5,-20.51,3.01,1.32,3.0,,,
-15.0,-18.11,3.11,1.32,3.0,,,
-12.5,-16.16,3.66,1.32,3.0,,,
-10.0,-14.67,4.67,1.32,3.0,,,
-7.5,-13.63,6.13,1.32,3.0,,,
-5.0,-12.85,7.85,1.32,3.0,,,
-2.5,-12.04,9.54,1.32,3.0,,,
0.0,-11.13,11.13,1.32,3.0,,,
-60.0,-63.01,3.01,1.32,3.9,,,
-57.5,-60.51,3.01,1.32,3.9,,,
-55.0,-58.01,3.01,1.32,3.9,,,
-52.5,-55.51,3.01,1.32,3.9,,,
-50.0,-53.01,3.01,1.32,3.9,,,
-47.5,-50.51,3.01,1.32,3.9,,,
-45.0,-48.01,3.01,1.32,3.9,,,
-42.5,-45.51,3.01,1.32,3.9,,,
-40.0,-43.01,3.01,1.32,3.9,,,
-37.5,-40.51,3.01,1.32,3.9,,,
-35.0,-38.01,3.01,1.32,3.9,,,
-32.5,-35.51,3.01,1.32,3.9,,,
-30.0,-33.01,3.01,1.32,3.9,,,
-27.5,-30.51,3.01,1.32,3.9,,,
-25.0,-28.01,3.01,1.32,3.9,,,
-22.5,-25.51,3.01,1.32,3.9,,,
-20.0,-23.01,3.01,1.32,3.9,,,
-17.5,-20.51,3.01,1.32,3.9,,,
-15.0,-18.12,3.12,1.32,3.9,,,
-12.5,-16.24,3.74,1.32,3.9,,,
-10.0,-14.87,4.87,1.32,3.9,,,
-7.5,-14.01,6.51,1.32,3.9,,,
-5.0,-13.44,8.44,1.32,3.9,,,
-2.5,-12.85,10.35,1.32,3.9,,,
0.0,-12.15,12.15,1.32,3.9,,,
-60.0,-63.01,3.01,1.32,4.8,,,
-57.5,-60.51,3.01,1.32,4.8,,,
-55.0,-58.01,3.01,1.32,4.8,,,
-52.5,-55.51,3.01,1.32,4.8,,,
-50.0,-53.01,3.01,1.32,4.8,,,
-47.5,-50.51,3.01,1.32,4.8,,,
-45.0,-48.01,3.01,1.32,4.8,,,
-42.5,-45.51,3.01,1.32,4.8,,,
-40.0,-43.01,3.01,1.32,4.8,,,
-37.5,-40.51,3.01,1.32,4.8,,,
-35.0,-38.01,3.01,1.32,4.8,,,
-32.5,-35.51,3.01,1.32,4.8,,,
-30.0,-33.01,3.01,1.32,4.8,,,
-27.5,-30.51,3.01,1.32,4.8,,,
-25.0,-28.01,3.01,1.32,4.8,,,
-22.5,-25.51,3.01,1.32,4.8,,,
-20.0,-23.01,3.01,1.32,4.8,,,
-17.5,-20.51,3.01,1.32,4.8,,,
-15.0,-18.13,3.13,1.32,4.8,,,
-12.5,-16.29,3.79,1.32,4.8,,,
-10.0,-15.0,5.0,1.32,4.8,,,
-7.5,-14.25,6.75,1.32,4.8,,,
-5.0,-13.81,8.81,1.32,4.8,,,
-2.5,-13.35,10.85,1.32,4.8,,,
0.0,-12.78,12.78,1.32,4.8,,,
-60.0,-63.01,3.01,1.32,5.8,,,
-57.5,-60.51,3.01,1.32,5.8,,,
-55.0,-58.01,3.01,1.32,5.8,,,
-52.5,-55.51,3.01,1.32,5.8,,,
-50.0,-53.01,3.01,1.32,5.8,,,
-47.5,-50.51,3.01,1.32,5.8,,,
-45.0,-48.01,3.01,1.32,5.8,,,
-42.5,-45.51,3.01,1.32,5.8,,,
-40.0,-43.01,3.01,1.32,5.8,,,
-37.5,-40.51,3.01,1.32,5.8,,,
-35.0,-38.01,3.01,1.32,5.8,,,
-32.5,-35.51,3.01,1.32,5.8,,,
-30.0,-33.01,3.01,1.32,5.8,,,
-27.5,-30.51,3.01,1.32,5.8,,,
-25.0,-28.01,3.01,1.32,5.8,,,
-22.5,-25.51,3.01,1.32,5.8,,,
-20.0,-23.01,3.01,1.32,5.8,,,
-17.5,-20.51,3.01,1.32,5.8,,,
-15.0,-18.13,3.13,1.32,5.8,,,
-12.5,-16.32,3.82,1.32,5.8,,,
-10.0,-15.09,5.09,1.32,5.8,,,
-7.5,-14.41,6.91,1.32,5.8,,,
-5.0,-14.06,9.06,1.32,5.8,,,
-2.5,-13.69,11.19,1.32,5.8,,,
0.0,-13.21,13.21,1.32,5.8,,,
-60.0,-63.01,3.01,1.32,6.7,,,
-57.5,-60.51,3.01,1.32,6.7,,,
-55.0,-58.01,3.01,1.32,6.7,,,
-52.5,-55.51,3.01,1.32,6.7,,,
-50.0,-53.01,3.01,1.32,6.7,,,
-47.5,-50.51,3.01,1.32,6.7,,,
-45.0,-48.01,3.01,1.32,6.7,,,
-42.5,-45.51,3.01,1.32,6.7,,,
-40.0,-43.01,3.01,1.32,6.7,,,
-37.5,-40.51,3.01,1.32,6.7,,,
-35.0,-38.01,3.01,1.32,6.7,,,
-32.5,-35.51,3.01,1.32,6.7,,,
-30.0,-33.01,3.01,1.32,6.7,,,
-27.5,-30.51,3.01,1.32,6.7,,,
-25.0,-28.01,3.01,1.32,6.7,,,
-22.5,-25.51,3.01,1.32,6.7,,,
-20.0,-23.01,3.01,1.32,6.7,,,
-17.5,-20.51,3.01,1.32,6.7,,,
-15.0,-18.14,3.14,1.32,6.7,,,
-12.5,-16.35,3.85,1.32,6.7,,,
-10.0,-15.15,5.15,1.32,6.7,,,
-7.5,-14.52,7.02,1.32,6.7,,,
-5.0,-14.24,9.24,1.32,6.7,,,
-2.5,-13.93,11.43,1.32,6.7,,,
0.0,-13.52,13.52,1.32,6.7,,,
-60.0,-63.01,3.01,1.32,7.7,,,
-57.5,-60.51,3.01,1.32,7.7,,,
-55.0,-58.01,3.01,1.32,7.7,,,
-52.5,-55.51,3.01,1.32,7.7,,,
-50.0,-53.01,3.01,1.32,7.7,,,
-47.5,-50.51,3.01,1.32,7.7,,,
-45.0,-48.01,3.01,1.32,7.7,,,
-42.5,-45.51,3.01,1.32,7.7,,,
-40.0,-43.01,3.01,1.32,7.7,,,
-37.5,-40.51,3.01,1.32,7.7,,,
-35.0,-38.01,3.01,1.32,7.7,,,
-32.5,-35.51,3.01,1.32,7.7,,,
-30.0,-33.01,3.01,1.32,7.7,,,
-27.5,-30.51,3.01,1.32,7.7,,,
-25.0,-28.01,3.01,1.32,7.7,,,
-22.5,-25.51,3.01,1.32,7.7,,,
-20.0,-23.01,3.01,1.32,7.7,,,
-17.5,-20.51,3.01,1.32,7.7,,,
-15.0,-18.14,3.14,1.32,7.7,,,
-12.5,-16.36,3.86,1.32,7.7,,,
-10.0,-15.19,5.19,1.32,7.7,,,
-7.5,-14.61,7.11,1.32,7.7,,,
-5.0,-14.38,9.38,1.32,7.7,,,
-2.5,-14.11,11.61,1.32,7.7,,,
0.0,-13.75,13.75,1.32,7.7,,,
-60.0,-63.01,3.01,1.32,8.6,,,
-57.5,-60.51,3.01,1.32,8.6,,,
-55.0,-58.01,3.01,1.32,8.6,,,
-52.5,-55.51,3.01,1.32,8.6,,,
-50.0,-53.01,3.01,1.32,8.6,,,
-47.5,-50.51,3.01,1.32,8.6,,,
-45.0,-48.01,3.01,1.32,8.6,,,
-42.5,-45.51,3.01,1.32,8.6,,,
-40.0,-43.01,3.01,1.32,8.6,,,
-37.5,-40.51,3.01,1.32,8.6,,,
-35.0,-38.01,3.01,1.32,8.6,,,
-32.5,-35.51,3.01,1.32,8.6,,,
-30.0,-33.01,3.01,1.32,8.6,,,
-27.5,-30.51,3.01,1.32,8.6,,,
-25.0,-28.01,3.01,1.32,8.6,,,
-22.5,-25.51,3.01,1.32,8.6,,,
-20.0,-23.01,3.01,1.32,8.6,,,
-17.5,-20.51,3.01,1.32,8.6,,,
-15.0,-18.14,3.14,1.32,8.6,,,
-12.5,-16.38,3.88,1.32,8.6,,,
-10.0,-15.23,5.23,1.32,8.6,,,
-7.5,-14.68,7.18,1.32,8.6,,,
-5.0,-14.48,9.48,1.32,8.6,,,
-2.5,-14.25,11.75,1.32,8.6,,,
0.0,-13.92,13.92,1.32,8.6,,,
-60.0,-63.01,3.01,1.32,9.6,,,
-57.5,-60.51,3.01,1.32,9.6,,,
-55.0,-58.01,3.01,1.32,9.6,,,
-52.5,-55.51,3.01,1.32,9.6,,,
-50.0,-53.01,3.01,1.32,9.6,,,
-47.5,-50.51,3.01,1.32,9.6,,,
-45.0,-48.01,3.01,1.32,9.6,,,
-42.5,-45.51,3.01,1.32,9.6,,,
-40.0,-43.01,3.01,1.32,9.6,,,
-37.5,-40.51,3.01,1.32,9.6,,,
-35.0,-38.01,3.01,1.32,9.6,,,
-32.5,-35.51,3.01,1.32,9.6,,,
-30.0,-33.01,3.01,1.32,9.6,,,
-27.5,-30.51,3.01,1.32,9.6,,,
-25.0,-28.01,3.01,1.32,9.6,,,
-22.5,-25.51,3.01,1.32,9.6,,,
-20.0,-23.01,3.01,1.32,9.6,,,
-17.5,-20.51,3.01,1.32,9.6,,,
-15.0,-18.14,3.14,1.32,9.6,,,
-12.5,-16.39,3.89,1.32,9.6,,,
-10.0,-15.26,5.26,1.32,9.6,,,
-7.5,-14.73,7.23,1.32,9.6,,,
-5.0,-14.57,9.57,1.32,9.6,,,
-2.5,-14.37,11.87,1.32,9.6,,,
0.0,-14.07,14.07,1.32,9.6,,,
-60.0,-63.01,3.01,1.32,10.5,,,
-57.5,-60.51,3.01,1.32,10.5,,,
-55.0,-58.01,3.01,1.32,10.5,,,
-52.5,-55.51,3.01,1.32,10.5,,,
-50.0,-53.01,3.01,1.32,10.5,,,
-47.5,-50.51,3.01,1.32,10.5,,,
-45.0,-48.01,3.01,1.32,10.5,,,
-42.5,-45.51,3.01,1.32,10.5,,,
-40.0,-43.01,3.01,1.32,10.5,,,
-37.5,-40.51,3.01,1.32,10.5,,,
-35.0,-38.01,3.01,1.32,10.5,,,
-32.5,-35.51,3.01,1.32,10.5,,,
-30.0,-33.01,3.01,1.32,10.5,,,
-27.5,-30.51,3.01,1.32,10.5,,,
-25.0,-28.01,3.01,1.32,10.5,,,
-22.5,-25.51,3.01,1.32,10.5,,,
-20.0,-23.01,3.01,1.32,10.5,,,
-17.5,-20.51,3.01,1.32,10.5,,,
-15.0,-18.14,3.14,1.32,10.5,,,
-12.5,-16.4,3.9,1.32,10.5,,,
-10.0,-15.28,5.28,1.32,10.5,,,
-7.5,-14.78,7.28,1.32,10.5,,,
-5.0,-14.63,9.63,1.32,10.5,,,
-2.5,-14.46,11.96,1.32,10.5,,,
0.0,-14.19,14.19,1.32,10.5,,,
-60.0,-63.01,3.01,1.32,11.5,,,
-57.5,-60.51,3.01,1.32,11.5,,,
-55.0,-58.01,3.01,1.32,11.5,,,
-52.5,-55.51,3.01,1.32,11.5,,,
-50.0,-53.01,3.01,1.32,11.5,,,
-47.5,-50.51,3.01,1.32,11.5,,,
-45.0,-48.01,3.01,1.32,11.5,,,
-42.5,-45.51,3.01,1.32,11.5,,,
-40.0,-43.01,3.01,1.32,11.5,,,
-37.5,-40.51,3.01,1.32,11.5,,,
-35.0,-38.01,3.01,1.32,11.5,,,
-32.5,-35.51,3.01,1.32,11.5,,,
-30.0,-33.01,3.01,1.32,11.5,,,
-27.5,-30.51,3.01,1.32,11.5,,,
-25.0,-28.01,3.01,1.32,11.5,,,
-22.5,-25.51,3.01,1.32,11.5,,,
-20.0,-23.01,3.01,1.32,11.5,,,
-17.5,-20.51,3.01,1.32,11.5,,,
-15.0,-18.15,3.15,1.32,11.5,,,
-12.5,-16.41,3.91,1.32,11.5,,,
-10.0,-15.3,5.3,1.32,11.5,,,
-7.5,-14.81,7.31,1.32,11.5,,,
-5.0,-14.69,9.69,1.32,11.5,,,
-2.5,-14.54,12.04,1.32,11.5,,,
0.0,-14.28,14.28,1.32,11.5,,,
-60.0,-63.01,3.01,1.32,12.4,,,
-57.5,-60.51,3.01,1.32,12.4,,,
-55.0,-58.01,3.01,1.32,12.4,,,
-52.5,-55.51,3.01,1.32,12.4,,,
-50.0,-53.01,3.01,1.32,12.4,,,
-47.5,-50.51,3.01,1.32,12.4,,,
-45.0,-48.01,3.01,1.32,12.4,,,
-42.5,-45.51,3.01,1.32,12.4,,,
-40.0,-43.01,3.01,1.32,12.4,,,
-37.5,-40.51,3.01,1.32,12.4,,,
-35.0,-38.01,3.01,1.32,12.4,,,
-32.5,-35.51,3.01,1.32,12.4,,,
-30.0,-33.01,3.01,1.32,12.4,,,
-27.5,-30.51,3.01,1.32,12.4,,,
-25.0,-28.01,3.01,1.32,12.4,,,
-22.5,-25.51,3.01,1.32,12.4,,,
-20.0,-23.01,3.01,1.32,12.4,,,
-17.5,-20.51,3.01,1.32,12.4,,,
-15.0,-18.15,3.15,1.32,12.4,,,
-12.5,-16.41,3.91,1.32,12.4,,,
-10.0,-15.32,5.32,1.32,12.4,,,
-7.5,-14.84,7.34,1.32,12.4,,,
-5.0,-14.74,9.74,1.32,12.4,,,
-2.5,-14.61,12.11,1.32,12.4,,,
0.0,-14.37,14.37,1.32,12.4,,,
-60.0,-63.01,3.01,1.32,13.4,,,
-57.5,-60.51,3.01,1.32,13.4,,,
-55.0,-58.01,3.01,1.32,13.4,,,
-52.5,-55.51,3.01,1.32,13.4,,,
-50.0,-53.01,3.01,1.32,13.4,,,
-47.5,-50.51,3.01,1.32,13.4,,,
-45.0,-48.01,3.01,1.32,13.4,,,
-42.5,-45.51,3.01,1.32,13.4,,,
-40.0,-43.01,3.01,1.32,13.4,,,
-37.5,-40.51,3.01,1.32,13.4,,,
-35.0,-38.01,3.01,1.32,13.4,,,
-32.5,-35.51,3.01,1.32,13.4,,,
-30.0,-33.01,3.01,1.32,13.4,,,
-27.5,-30.51,3.01,1.32,13.4,,,
-25.0,-28.01,3.01,1.32,13.4,,,
-22.5,-25.51,3.01,1.32,13.4,,,
-20.0,-23.01,3.01,1.32,13.4,,,
-17.5,-20.51,3.01,1.32,13.4,,,
-15.0,-18.15,3.15,1.32,13.4,,,
-12.5,-16.42,3.92,1.32,13.4,,,
-10.0,-15.33,5.33,1.32,13.4,,,
-7.5,-14.87,7.37,1.32,13.4,,,
-5.0,-14.78,9.78,1.32,13.4,,,
-2.5,-14.66,12.16,1.32,13.4,,,
0.0,-14.44,14.44,1.32,13.4,,,
-60.0,-63.01,3.01,1.32,14.3,,,
-57.5,-60.51,3.01,1.32,14.3,,,
-55.0,-58.01,3.01,1.32,14.3,,,
-52.5,-55.51,3.01,1.32,14.3,,,
-50.0,-53.01,3.01,1.32,14.3,,,
-47.5,-50.51,3.01,1.32,14.3,,,
-45.0,-48.01,3.01,1.32,14.3,,,
-42.5,-45.51,3.01,1.32,14.3,,,
-40.0,-43.01,3.01,1.32,14.3,,,
-37.5,-40.51,3.01,1.32,14.3,,,
-35.0,-38.01,3.01,1.32,14.3,,,
-32.5,-35.51,3.01,1.32,14.3,,,
-30.0,-33.01,3.01,1.32,14.3,,,
-27.5,-30.51,3.01,1.32,14.3,,,
-25.0,-28.01,3.01,1.32,14.3,,,
-22.5,-25.51,3.01,1.32,14.3,,,
-20.0,-23.01,3.01,1.32,14.3,,,
-17.5,-20.51,3.01,1.32,14.3,,,
-15.0,-18.15,3.15,1.32,14.3,,,
-12.5,-16.42,3.92,1.32,14.3,,,
-10.0,-15.34,5.34,1.32,14.3,,,
-7.5,-14.9,7.4,1.32,14.3,,,
-5.0,-14.82,9.82,1.32,14.3,,,
-2.5,-14.71,12.21,1.32,14.3,,,
0.0,-14.5,14.5,1.32,14.3,,,
-60.0,-63.01,3.01,1.32,15.3,,,
-57.5,-60.51,3.01,1.32,15.3,,,
-55.0,-58.01,3.01,1.32,15.3,,,
-52.5,-55.51,3.01,1.32,15.3,,,
-50.0,-53.01,3.01,1.32,15.3,,,
-47.5,-50.51,3.01,1.32,15.3,,,
-45.0,-48.01,3.01,1.32,15.3,,,
-42.5,-45.51,3.01,1.32,15.3,,,
-40.0,-43.01,3.01,1.32,15.3,,,
-37.5,-40.51,3.01,1.32,15.3,,,
-35.0,-38.01,3.01,1.32,15.3,,,
-32.5,-35.51,3.01,1.32,15.3,,,
-30.0,-33.01,3.01,1.32,15.3,,,
-27.5,-30.51,3.01,1.32,15.3,,,
-25.0,-28.01,3.01,1.32,15.3,,,
-22.5,-25.51,3.01,1.32,15.3,,,
-20.0,-23.01,3.01,1.32,15.3,,,
-17.5,-20.51,3.01,1.32,15.3,,,
-15.0,-18.15,3.15,1.32,15.3,,,
-12.5,-16.43,3.93,1.32,15.3,,,
-10.0,-15.36,5.36,1.32,15.3,,,
-7.5,-14.92,7.42,1.32,15.3,,,
-5.0,-14.85,9.85,1.32,15.3,,,
-2.5,-14.75,12.25,1.32,15.3,,,
0.0,-14.56,14.56,1.32,15.3,,,
-60.0,-63.01,3.01,1.32,16.2,,,
-57.5,-60.51,3.01,1.32,16.2,,,
-55.0,-58.01,3.01,1.32,16.2,,,
-52.5,-55.51,3.01,1.32,16.2,,,
-50.0,-53.01,3.01,1.32,16.2,,,
-47.5,-50.51,3.01,1.32,16.2,,,
-45.0,-48.01,3.01,1.32,16.2,,,
-42.5,-45.51,3.01,1.32,16.2,,,
-40.0,-43.01,3.01,1.32,16.2,,,
-37.5,-40.51,3.01,1.32,16.2,,,
-35.0,-38.01,3.01,1.32,16.2,,,
-32.5,-35.51,3.01,1.32,16.2,,,
-30.0,-33.01,3.01,1.32,16.2,,,
-27.5,-30.51,3.01,1.32,16.2,,,
-25.0,-28.01,3.01,1.32,16.2,,,
-22.5,-25.51,3.01,1.32,16.2,,,
-20.0,-23.01,3.01,1.32,16.2,,,
-17.5,-20.51,3.01,1.32,16.2,,,
-15.0,-18.15,3.15,1.32,16.2,,,
-12.5,-16.43,3.93,1.32,16.2,,,
-10.0,-15.36,5.36,1.32,16.2,,,
-7.5,-14.93,7.43,1.32,16.2,,,
-5.0,-14.88,9.88,1.32,16.2,,,
-2.5,-14.79,12.29,1.32,16.2,,,
0.0,-14.6,14.6,1.32,16.2,,,
-60.0,-63.01,3.01,1.32,17.2,,,
-57.5,-60.51,3.01,1.32,17.2,,,
-55.0,-58.01,3.01,1.32,17.2,,,
-52.5,-55.51,3.01,1.32,17.2,,,
-50.0,-53.01,3.01,1.32,17.2,,,
-47.5,-50.51,3.01,1.32,17.2,,,
-45.0,-48.01,3.01,1.32,17.2,,,
-42.5,-45.51,3.01,1.32,17.2,,,
-40.0,-43.01,3.01,1.32,17.2,,,
-37.5,-40.51,3.01,1.32,17.2,,,
-35.0,-38.01,3.01,1.32,17.2,,,
-32.5,-35.51,3.01,1.32,17.2,,,
-30.0,-33.01,3.01,1.32,17.2,,,
-27.5,-30.51,3.01,1.32,17.2,,,
-25.0,-28.01,3.01,1.32,17.2,,,
-22.5,-25.51,3.01,1.32,17.2,,,
-20.0,-23.01,3.01,1.32,17.2,,,
-17.5,-20.51,3.01,1.32,17.2,,,
-15.0,-18.15,3.15,1.32,17.2,,,
-12.5,-16.43,3.93,1.32,17.2,,,
-10.0,-15.37,5.37,1.32,17.2,,,
-7.5,-14.95,7.45,1.32,17.2,,,
-5.0,-14.9,9.9,1.32,17.2,,,
-2.5,-14.83,12.33,1.32,17.2,,,
0.0,-14.65,14.65,1.32,17.2,,,
-60.0,-63.01,3.01,1.32,18.1,,,
-57.5,-60.51,3.01,1.32,18.1,,,
-55.0,-58.01,3.01,1.32,18.1,,,
-52.5,-55.51,3.01,1.32,18.1,,,
-50.0,-53.01,3.01,1.32,18.1,,,
-47.5,-50.51,3.01,1.32,18.1,,,
-45.0,-48.01,3.01,1.32,18.1,,,
-42.5,-45.51,3.01,1.32,18.1,,,
-40.0,-43.01,3.01,1.32,18.1,,,
-37.5,-40.51,3.01,1.32,18.1,,,
-35.0,-38.01,3.01,1.32,18.1,,,
-32.5,-35.51,3.01,1.32,18.1,,,
-30.0,-33.01,3.01,1.32,18.1,,,
-27.5,-30.51,3.01,1.32,18.1,,,
-25.0,-28.01,3.01,1.32,18.1,,,
-22.5,-25.51,3.01,1.32,18.1,,,
-20.0,-23.01,3.01,1.32,18.1,,,
-17.5,-20.51,3.01,1.32,18.1,,,
-15.0,-18.15,3.15,1.32,18.1,,,
-12.5,-16.44,3.94,1.32,18.1,,,
-10.0,-15.38,5.38,1.32,18.1,,,
-7.5,-14.96,7.46,1.32,18.1,,,
-5.0,-14.93,9.93,1.32,18.1,,,
-2.5,-14.86,12.36,1.32,18.1,,,
0.0,-14.69,14.69,1.32,18.1,,,
-60.0,-63.01,3.01,1.32,19.1,,,
-57.5,-60.51,3.01,1.32,19.1,,,
-55.0,-58.01,3.01,1.32,19.1,,,
-52.5,-55.51,3.01,1.32,19.1,,,
-50.0,-53.01,3.01,1.32,19.1,,,
-47.5,-50.51,3.01,1.32,19.1,,,
-45.0,-48.01,3.01,1.32,19.1,,,
-42.5,-45.51,3.01,1.32,19.1,,,
-40.0,-43.01,3.01,1.32,19.1,,,
-37.5,-40.51,3.01,1.32,19.1,,,
-35.0,-38.01,3.01,1.32,19.1,,,
-32.5,-35.51,3.01,1.32,19.1,,,
-30.0,-33.01,3.01,1.32,19.1,,,
-27.5,-30.51,3.01,1.32,19.1,,,
-25.0,-28.01,3.01,1.32,19.1,,,
-22.5,-25.51,3.01,1.32,19.1,,,
-20.0,-23.01,3.01,1.32,19.1,,,
-17.5,-20.51,3.01,1.32,19.1,,,
-15.0,-18.15,3.15,1.32,19.1,,,
-12.5,-16.44,3.94,1.32,19.1,,,
-10.0,-15.39,5.39,1.32,19.1,,,
-7.5,-14.98,7.48,1.32,19.1,,,
-5.0,-14.94,9.94,1.32,19.1,,,
-2.5,-14.88,12.38,1.32,19.1,,,
0.0,-14.72,14.72,1.32,19.1,,,
-60.0,-63.01,3.01,1.32,20.0,,,
-57.5,-60.51,3.01,1.32,20.0,,,
-55.0,-58.01,3.01,1.32,20.0,,,
-52.5,-55.51,3.01,1.32,20.0,,,
-50.0,-53.01,3.01,1.32,20.0,,,
-47.5,-50.51,3.01,1.32,20.0,,,
-45.0,-48.01,3.01,1.32,20.0,,,
-42.5,-45.51,3.01,1.32,20.0,,,
-40.0,-43.01,3.01,1.32,20.0,,,
-37.5,-40.51,3.01,1.32,20.0,,,
-35.0,-38.01,3.01,1.32,20.0,,,
-32.5,-35.51,3.01,1.32,20.0,,,
-30.0,-33.01,3.01,1.32,20.0,,,
-27.5,-30.51,3.01,1.32,20.0,,,
-25.0,-28.01,3.01,1.32,20.0,,,
-22.5,-25.51,3.01,1.32,20.0,,,
-20.0,-23.01,3.01,1.32,20.0,,,
-17.5,-20.51,3.01,1.32,20.0,,,
-15.0,-18.15,3.15,1.32,20.0,,,
-12.5,-16.44,3.94,1.32,20.0,,,
-10.0,-15.39,5.39,1.32,20.0,,,
-7.5,-14.99,7.49,1.32,20.0,,,
-5.0,-14.96,9.96,1.32,20.0,,,
-2.5,-14.91,12.41,1.32,20.0,,,
0.0,-14.75,14.75,1.32,20.0,,,
-60.0,-63.01,3.01,1.53,2.0,,,
-57.5,-60.51,3.01,1.53,2.0,,,
-55.0,-58.01,3.01,1.53,2.0,,,
-52.5,-55.51,3.01,1.53,2.0,,,
-50.0,-53.01,3.01,1.53,2.0,,,
-47.5,-50.51,3.01,1.53,2.0,,,
-45.0,-48.01,3.01,1.53,2.0,,,
-42.5,-45.51,3.01,1.53,2.0,,,
-40.0,-43.01,3.01,1.53,2.0,,,
-37.5,-40.51,3.01,1.53,2.0,,,
-35.0,-38.01,3.01,1.53,2.0,,,
-32.5,-35.51,3.01,1.53,2.0,,,
-30.0,-33.01,3.01,1.53,2.0,,,
-27.5,-30.51,3.01,1.53,2.0,,,
-25.0,-28.01,3.01,1.53,2.0,,,
-22.5,-25.51,3.01,1.53,2.0,,,
-20.0,-23.01,3.01,1.53,2.0,,,
-17.5,-20.51,3.01,1.53,2.0,,,
-15.0,-18.01,3.01,1.53,2.0,,,
-12.5,-15.51,3.01,1.53,2.0,,,
-10.0,-13.07,3.07,1.53,2.0,,,
-7.5,-10.98,3.48,1.53,2.0,,,
-5.0,-9.27,4.27,1.53,2.0,,,
-2.5,-7.91,5.41,1.53,2.0,,,
0.0,-6.58,6.58,1.53,2.0,,,
-60.0,-63.01,3.01,1.53,3.0,,,
-57.5,-60.51,3.01,1.53,3.0,,,
-55.0,-58.01,3.01,1.53,3.0,,,
-52.5,-55.51,3.01,1.53,3.0,,,
-50.0,-53.01,3.01,1.53,3.0,,,
-47.5,-50.51,3.01,1.53,3.0,,,
-45.0,-48.01,3.01,1.53,3.0,,,
-42.5,-45.51,3.01,1.53,3.0,,,
-40.0,-43.01,3.01,1.53,3.0,,,
-37.5,-40.51,3.01,1.53,3.0,,,
-35.0,-38.01,3.01,1.53,3.0,,,
-32.5,-35.51,3.01,1.53,3.0,,,
-30.0,-33.01,3.01,1.53,3.0,,,
-27.5,-30.51,3.01,1.53,3.0,,,
-25.0,-28.01,3.01,1.53,3.0,,,
-22.5,-25.51,3.01,1.53,3.0,,,
-20.0,-23.01,3.01,1.53,3.0,,,
-17.5,-20.51,3.01,1.53,3.0,,,
-15.0,-18.01,3.01,1.53,3.0,,,
-12.5,-15.51,3.01,1.53,3.0,,,
-10.0,-13.09,3.09,1.53,3.0,,,
-7.5,-11.14,3.64,1.53,3.0,,,
-5.0,-9.69,4.69,1.53,3.0,,,
-2.5,-8.71,6.21,1.53,3.0,,,
0.0,-7.8,7.8,1.53,3.0,,,
-60.0,-63.01,3.01,1.53,3.9,,,
-57.5,-60.51,3.01,1.53,3.9,,,
-55.0,-58.01,3.01,1.53,3.9,,,
-52.5,-55.51,3.01,1.53,3.9,,,
-50.0,-53.01,3.01,1.53,3.9,,,
-47.5,-50.51,3.01,1.53,3.9,,,
-45.0,-48.01,3.01,1.53,3.9,,,
-42.5,-45.51,3.01,1.53,3.9,,,
-40.0,-43.01,3.01,1.53,3.9,,,
-37.5,-40.51,3.01,1.53,3.9,,,
-35.0,-38.01,3.01,1.53,3.9,,,
-32.5,-35.51,3.01,1.53,3.9,,,
-30.0,-33.01,3.01,1.53,3.9,,,
-27.5,-30.51,3.01,1.53,3.9,,,
-25.0,-28.01,3.01,1.53,3.9,,,
-22.5,-25.51,3.01,1.53,3.9,,,
-20.0,-23.01,3.01,1.53,3.9,,,
-17.5,-20.51,3.01,1.53,3.9,,,
-15.0,-18.01,3.01,1.53,3.9,,,
-12.5,-15.51,3.01,1.53,3.9,,,
-10.0,-13.1,3.1,1.53,3.9,,,
-7.5,-11.21,3.71,1.53,3.9,,,
-5.0,-9.89,4.89,1.53,3.9,,,
-2.5,-9.11,6.61,1.53,3.9,,,
0.0,-8.41,8.41,1.53,3.9,,,
-60.0,-63.01,3.01,1.53,4.8,,,
-57.5,-60.51,3.01,1.53,4.8,,,
-55.0,-58.01,3.01,1.53,4.8,,,
-52.5,-55.51,3.01,1.53,4.8,,,
-50.0,-53.01,3.01,1.53,4.8,,,
-47.5,-50.51,3.01,1.53,4.8,,,
-45.0,-48.01,3.01,1.53,4.8,,,
-42.5,-45.51,3.01,1.53,4.8,,,
-40.0,-43.01,3.01,1.53,4.8,,,
-37.5,-40.51,3.01,1.53,4.8,,,
-35.0,-38.01,3.01,1.53,4.8,,,
-32.5,-35.51,3.01,1.53,4.8,,,
-30.0,-33.01,3.01,1.53,4.8,,,
-27.5,-30.51,3.01,1.53,4.8,,,
-25.0,-28.01,3.01,1.53,4.8,,,
-22.5,-25.51,3.01,1.53,4.8,,,
-20.0,-23.01,3.01,1.53,4.8,,,
-17.5,-20.51,3.01,1.53,4.8,,,
-15.0,-18.01,3.01,1.53,4.8,,,
-12.5,-15.51,3.01,1.53,4.8,,,
-10.0,-13.1,3.1,1.53,4.8,,,
-7.5,-11.26,3.76,1.53,4.8,,,
-5.0,-10.02,5.02,1.53,4.8,,,
-2.5,-9.36,6.86,1.53,4.8,,,
0.0,-8.79,8.79,1.53,4.8,,,
-60.0,-63.01,3.01,1.53,5.8,,,
-57.5,-60.51,3.01,1.53,5.8,,,
-55.0,-58.01,3.01,1.53,5.8,,,
-52.5,-55.51,3.01,1.53,5.8,,,
-50.0,-53.01,3.01,1.53,5.8,,,
-47.5,-50.51,3.01,1.53,5.8,,,
-45.0,-48.01,3.01,1.53,5.8,,,
-42.5,-45.51,3.01,1.53,5.8,,,
-40.0,-43.01,3.01,1.53,5.8,,,
-37.5,-40.51,3.01,1.53,5.8,,,
-35.0,-38.01,3.01,1.53,5.8,,,
-32.5,-35.51,3.01,1.53,5.8,,,
-30.0,-33.01,3.01,1.53,5.8,,,
-27.5,-30.51,3.01,1.53,5.8,,,
-25.0,-28.01,3.01,1.53,5.8,,,
-22.5,-25.51,3.01,1.53,5.8,,,
-20.0,-23.01,3.01,1.53,5.8,,,
-17.5,-20.51,3.01,1.53,5.8,,,
-15.0,-18.01,3.01,1.53,5.8,,,
-12.5,-15.51,3.01,1.53,5.8,,,
-10.0,-13.11,3.11,1.53,5.8,,,
-7.5,-11.29,3.79,1.53,5.8,,,
-5.0,-10.11,5.11,1.53,5.8,,,
-2.5,-9.52,7.02,1.53,5.8,,,
0.0,-9.04,9.04,1.53,5.8,,,
-60.0,-63.01,3.01,1.53,6.7,,,
-57.5,-60.51,3.01,1.53,6.7,,,
-55.0,-58.01,3.01,1.53,6.7,,,
-52.5,-55.51,3.01,1.53,6.7,,,
-50.0,-53.01,3.01,1.53,6.7,,,
-47.5,-50.51,3.01,1.53,6.7,,,
-45.0,-48.01,3.01,1.53,6.7,,,
-42.5,-45.51,3.01,1.53,6.7,,,
-40.0,-43.01,3.01,1.53,6.7,,,
-37.5,-40.51,3.01,1.53,6.7,,,
-35.0,-38.01,3.01,1.53,6.7,,,
-32.5,-35.51,3.01,1.53,6.7,,,
-30.0,-33.01,3.01,1.53,6.7,,,
-27.5,-30.51,3.01,1.53,6.7,,,
-25.0,-28.01,3.01,1.53,6.7,,,
-22.5,-25.51,3.01,1.53,6.7,,,
-20.0,-23.01,3.01,1.53,6.7,,,
-17.5,-20.51,3.01,1.53,6.7,,,
-15.0,-18.01,3.01,1.53,6.7,,,
-12.5,-15.51,3.01,1.53,6.7,,,
-10.0,-13.11,3.11,1.53,6.7,,,
-7.5,-11.32,3.82,1.53,6.7,,,
-5.0,-10.17,5.17,1.53,6.7,,,
-2.5,-9.64,7.14,1.53,6.7,,,
0.0,-9.23,9.23,1.53,6.7,,,
-60.0,-63.01,3.01,1.53,7.7,,,
-57.5,-60.51,3.01,1.53,7.7,,,
-55.0,-58.01,3.01,1.53,7.7,,,
-52.5,-55.51,3.01,1.53,7.7,,,
-50.0,-53.01,3.01,1.53,7.7,,,
-47.5,-50.51,3.01,1.53,7.7,,,
-45.0,-48.01,3.01,1.53,7.7,,,
-42.5,-45.51,3.01,1.53,7.7,,,
-40.0,-43.01,3.01,1.53,7.7,,,
-37.5,-40.51,3.01,1.53,7.7,,,
-35.0,-38.01,3.01,1.53,7.7,,,
-32.5,-35.51,3.01,1.53,7.7,,,
-30.0,-33.01,3.01,1.53,7.7,,,
-27.5,-30.51,3.01,1.53,7.7,,,
-25.0,-28.01,3.01,1.53,7.7,,,
-22.5,-25.51,3.01,1.53,7.7,,,
-20.0,-23.01,3.01,1.53,7.7,,,
-17.5,-20.51,3.01,1.53,7.7,,,
-15.0,-18.01,3.01,1.53,7.7,,,
-12.5,-15.51,3.01,1.53,7.7,,,
-10.0,-13.11,3.11,1.53,7.7,,,
-7.5,-11.33,3.83,1.53,7.7,,,
-5.0,-10.22,5.22,1.53,7.7,,,
-2.5,-9.73,7.23,1.53,7.7,,,
0.0,-9.37,9.37,1.53,7.7,,,
-60.0,-63.01,3.01,1.53,8.6,,,
-57.5,-60.51,3.01,1.53,8.6,,,
-55.0,-58.01,3.01,1.53,8.6,,,
-52.5,-55.51,3.01,1.53,8.6,,,
-50.0,-53.01,3.01,1.53,8.6,,,
-47.5,-50.51,3.01,1.53,8.6,,,
-45.0,-48.01,3.01,1.53,8.6,,,
-42.5,-45.51,3.01,1.53,8.6,,,
-40.0,-43.01,3.01,1.53,8.6,,,
-37.5,-40.51,3.01,1.53,8.6,,,
-35.0,-38.01,3.01,1.53,8.6,,,
-32.5,-35.51,3.01,1.53,8.6,,,
-30.0,-33.01,3.01,1.53,8.6,,,
-27.5,-30.51,3.01,1.53,8.6,,,
-25.0,-28.01,3.01,1.53,8.6,,,
-22.5,-25.51,3.01,1.53,8.6,,,
-20.0,-23.01,3.01,1.53,8.6,,,
-17.5,-20.51,3.01,1.53,8.6,,,
-15.0,-18.01,3.01,1.53,8.6,,,
-12.5,-15.51,3.01,1.53,8.6,,,
-10.0,-13.12,3.12,1.53,8.6,,,
-7.5,-11.35,3.85,1.53,8.6,,,
-5.0,-10.25,5.25,1.53,8.6,,,
-2.5,-9.8,7.3,1.53,8.6,,,
0.0,-9.47,9.47,1.53,8.6,,,
-60.0,-63.01,3.01,1.53,9.6,,,
-57.5,-60.51,3.01,1.53,9.6,,,
-55.0,-58.01,3.01,1.53,9.6,,,
-52.5,-55.51,3.01,1.53,9.6,,,
-50.0,-53.01,3.01,1.53,9.6,,,
-47.5,-50.51,3.01,1.53,9.6,,,
-45.0,-48.01,3.01,1.53,9.6,,,
-42.5,-45.51,3.01,1.53,9.6,,,
-40.0,-43.01,3.01,1.53,9.6,,,
-37.5,-40.51,3.01,1.53,9.6,,,
-35.0,-38.01,3.01,1.53,9.6,,,
-32.5,-35.51,3.01,1.53,9.6,,,
-30.0,-33.01,3.01,1.53,9.6,,,
-27.5,-30.51,3.01,1.53,9.6,,,
-25.0,-28.01,3.01,1.53,9.6,,,
-22.5,-25.51,3.01,1.53,9.6,,,
-20.0,-23.01,3.01,1.53,9.6,,,
-17.5,-20.51,3.01,1.53,9.6,,,
-15.0,-18.01,3.01,1.53,9.6,,,
-12.5,-15.51,3.01,1.53,9.6,,,
-10.0,-13.12,3.12,1.53,9.6,,,
-7.5,-11.36,3.86,1.53,9.6,,,
-5.0,-10.28,5.28,1.53,9.6,,,
-2.5,-9.86,7.36,1.53,9.6,,,
0.0,-9.56,9.56,1.53,9.6,,,
-60.0,-63.01,3.01,1.53,10.5,,,
-57.5,-60.51,3.01,1.53,10.5,,,
-55.0,-58.01,3.01,1.53,10.5,,,
-52.5,-55.51,3.01,1.53,10.5,,,
-50.0,-53.01,3.01,1.53,10.5,,,
-47.5,-50.51,3.01,1.53,10.5,,,
-45.0,-48.01,3.01,1.53,10.5,,,
-42.5,-45.51,3.01,1.53,10.5,,,
-40.0,-43.01,3.01,1.53,10.5,,,
-37.5,-40.51,3.01,1.53,10.5,,,
-35.0,-38.01,3.01,1.53,10.5,,,
-32.5,-35.51,3.01,1.53,10.5,,,
-30.0,-33.01,3.01,1.53,10.5,,,
-27.5,-30.51,3.01,1.53,10.5,,,
-25.0,-28.01,3.01,1.53,10.5,,,
-22.5,-25.51,3.01,1.53,10.5,,,
-20.0,-23.01,3.01,1.53,10.5,,,
-17.5,-20.51,3.01,1.53,10.5,,,
-15.0,-18.01,3.01,1.53,10.5,,,
-12.5,-15.51,3.01,1.53,10.5,,,
-10.0,-13.12,3.12,1.53,10.5,,,
-7.5,-11.37,3.87,1.53,10.5,,,
-5.0,-10.31,5.31,1.53,10.5,,,
-2.5,-9.91,7.41,1.53,10.5,,,
0.0,-9.63,9.63,1.53,10.5,,,
-60.0,-63.01,3.01,1.53,11.5,,,
-57.5,-60.51,3.01,1.53,11.5,,,
-55.0,-58.01,3.01,1.53,11.5,,,
-52.5,-55.51,3.01,1.53,11.5,,,
-50.0,-53.01,3.01,1.53,11.5,,,
-47.5,-50.51,3.01,1.53,11.5,,,
-45.0,-48.01,3.01,1.53,11.5,,,
-42.5,-45.51,3.01,1.53,11.5,,,
-40.0,-43.01,3.01,1.53,11.5,,,
-37.5,-40.51,3.01,1.53,11.5,,,
-35.0,-38.01,3.01,1.53,11.5,,,
-32.5,-35.51,3.01,1.53,11.5,,,
-30.0,-33.01,3.01,1.53,11.5,,,
-27.5,-30.51,3.01,1.53,11.5,,,
-25.0,-28.01,3.01,1.53,11.5,,,
-22.5,-25.51,3.01,1.53,11.5,,,
-20.0,-23.01,3.01,1.53,11.5,,,
-17.5,-20.51,3.01,1.53,11.5,,,
-15.0,-18.01,3.01,1.53,11.5,,,
-12.5,-15.51,3.01,1.53,11.5,,,
-10.0,-13.12,3.12,1.53,11.5,,,
-7.5,-11.37,3.87,1.53,11.5,,,
-5.0,-10.33,5.33,1.53,11.5,,,
-2.5,-9.94,7.44,1.53,11.5,,,
0.0,-9.69,9.69,1.53,11.5,,,
-60.0,-63.01,3.01,1.53,12.4,,,
-57.5,-60.51,3.01,1.53,12.4,,,
-55.0,-58.01,3.01,1.53,12.4,,,
-52.5,-55.51,3.01,1.53,12.4,,,
-50.0,-53.01,3.01,1.53,12.4,,,
-47.5,-50.51,3.01,1.53,12.4,,,
-45.0,-48.01,3.01,1.53,12.4,,,
-42.5,-45.51,3.01,1.53,12.4,,,
-40.0,-43.01,3.01,1.53,12.4,,,
-37.5,-40.51,3.01,1.53,12.4,,,
-35.0,-38.01,3.01,1.53,12.4,,,
-32.5,-35.51,3.01,1.53,12.4,,,
-30.0,-33.01,3.01,1.53,12.4,,,
-27.5,-30.51,3.01,1.53,12.4,,,
-25.0,-28.01,3.01,1.53,12.4,,,
-22.5,-25.51,3.01,1.53,12.4,,,
-20.0,-23.01,3.01,1.53,12.4,,,
-17.5,-20.51,3.01,1.53,12.4,,,
-15.0,-18.01,3.01,1.53,12.4,,,
-12.5,-15.51,3.01,1.53,12.4,,,
-10.0,-13.12,3.12,1.53,12.4,,,
-7.5,-11.38,3.88,1.53,12.4,,,
-5.0,-10.34,5.34,1.53,12.4,,,
-2.5,-9.98,7.48,1.53,12.4,,,
0.0,-9.74,9.74,1.53,12.4,,,
-60.0,-63.01,3.01,1.53,13.4,,,
-57.5,-60.51,3.01,1.53,13.4,,,
-55.0,-58.01,3.01,1.53,13.4,,,
-52.5,-55.51,3.01,1.53,13.4,,,
-50.0,-53.01,3.01,1.53,13.4,,,
-47.5,-50.51,3.01,1.53,13.4,,,
-45.0,-48.01,3.01,1.53,13.4,,,
-42.5,-45.51,3.01,1.53,13.4,,,
-40.0,-43.01,3.01,1.53,13.4,,,
-37.5,-40.51,3.01,1.53,13.4,,,
-35.0,-38.01,3.01,1.53,13.4,,,
-32.5,-35.51,3.01,1.53,13.4,,,
-30.0,-33.01,3.01,1.53,13.4,,,
-27.5,-30.51,3.01,1.53,13.4,,,
-25.0,-28.01,3.01,1.53,13.4,,,
-22.5,-25.51,3.01,1.53,13.4,,,
-20.0,-23.01,3.01,1.53,13.4,,,
-17.5,-20.51,3.01,1.53,13.4,,,
-15.0,-18.01,3.01,1.53,13.4,,,
-12.5,-15.51,3.01,1.53,13.4,,,
-10.0,-13.12,3.12,1.53,13.4,,,
-7.5,-11.39,3.89,1.53,13.4,,,
-5.0,-10.36,5.36,1.53,13.4,,,
-2.5,-10.01,7.51,1.53,13.4,,,
0.0,-9.78,9.78,1.53,13.4,,,
-60.0,-63.01,3.01,1.53,14.3,,,
-57.5,-60.51,3.01,1.53,14.3,,,
-55.0,-58.01,3.01,1.53,14.3,,,
-52.5,-55.51,3.01,1.53,14.3,,,
-50.0,-53.01,3.01,1.53,14.3,,,
-47.5,-50.51,3.01,1.53,14.3,,,
-45.0,-48.01,3.01,1.53,14.3,,,
-42.5,-45.51,3.01,1.53,14.3,,,
-40.0,-43.01,3.01,1.53,14.3,,,
-37.5,-40.51,3.01,1.53,14.3,,,
-35.0,-38.01,3.01,1.53,14.3,,,
-32.5,-35.51,3.01,1.53,14.3,,,
-30.0,-33.01,3.01,1.53,14.3,,,
-27.5,-30.51,3.01,1.53,14.3,,,
-25.0,-28.01,3.01,1.53,14.3,,,
-22.5,-25.51,3.01,1.53,14.3,,,
-20.0,-23.01,3.01,1.53,14.3,,,
-17.5,-20.51,3.01,1.53,14.3,,,
-15.0,-18.01,3.01,1.53,14.3,,,
-12.5,-15.51,3.01,1.53,14.3,,,
-10.0,-13.12,3.12,1.53,14.3,,,
-7.5,-11.39,3.89,1.53,14.3,,,
-5.0,-10.37,5.37,1.53,14.3,,,
-2.5,-10.03,7.53,1.53,14.3,,,
0.0,-9.82,9.82,1.53,14.3,,,
-60.0,-63.01,3.01,1.53,15.3,,,
-57.5,-60.51,3.01,1.53,15.3,,,
-55.0,-58.01,3.01,1.53,15.3,,,
-52.5,-55.51,3.01,1.53,15.3,,,
-50.0,-53.01,3.01,1.53,15.3,,,
-47.5,-50.51,3.01,1.53,15.3,,,
-45.0,-48.01,3.01,1.53,15.3,,,
-42.5,-45.51,3.01,1.53,15.3,,,
-40.0,-43.01,3.01,1.53,15.3,,,
-37.5,-40.51,3.01,1.53,15.3,,,
-35.0,-38.01,3.01,1.53,15.3,,,
-32.5,-35.51,3.01,1.53,15.3,,,
-30.0,-33.01,3.01,1.53,15.3,,,
-27.5,-30.51,3.01,1.53,15.3,,,
-25.0,-28.01,3.01,1.53,15.3,,,
-22.5,-25.51,3.01,1.53,15.3,,,
-20.0,-23.01,3.01,1.53,15.3,,,
-17.5,-20.51,3.01,1.53,15.3,,,
-15.0,-18.01,3.01,1.53,15.3,,,
-12.5,-15.51,3.01,1.53,15.3,,,
-10.0,-13.12,3.12,1.53,15.3,,,
-7.5,-11.39,3.89,1.53,15.3,,,
-5.0,-10.38,5.38,1.53,15.3,,,
-2.5,-10.05,7.55,1.53,15.3,,,
0.0,-9.85,9.85,1.53,15.3,,,
-60.0,-63.01,3.01,1.53,16.2,,,
-57.5,-60.51,3.01,1.53,16.2,,,
-55.0,-58.01,3.01,1.53,16.2,,,
-52.5,-55.51,3.01,1.53,16.2,,,
-50.0,-53.01,3.01,1.53,16.2,,,
-47.5,-50.51,3.01,1.53,16.2,,,
-45.0,-48.01,3.01,1.53,16.2,,,
-42.5,-45.51,3.01,1.53,16.2,,,
-40.0,-43.01,3.01,1.53,16.2,,,
-37.5,-40.51,3.01,1.53,16.2,,,
-35.0,-38.01,3.01,1.53,16.2,,,
-32.5,-35.51,3.01,1.53,16.2,,,
-30.0,-33.01,3.01,1.53,16.2,,,
-27.5,-30.51,3.01,1.53,16.2,,,
-25.0,-28.01,3.01,1.53,16.2,,,
-22.5,-25.51,3.01,1.53,16.2,,,
-20.0,-23.01,3.01,1.53,16.2,,,
-17.5,-20.51,3.01,1.53,16.2,,,
-15.0,-18.01,3.01,1.53,16.2,,,
-12.5,-15.51,3.01,1.53,16.2,,,
-10.0,-13.12,3.12,1.53,16.2,,,
-7.5,-11.4,3.9,1.53,16.2,,,
-5.0,-10.39,5.39,1.53,16.2,,,
-2.5,-10.07,7.57,1.53,16.2,,,
0.0,-9.88,9.88,1.53,16.2,,,
-60.0,-63.01,3.01,1.53,17.2,,,
-57.5,-60.51,3.01,1.53,17.2,,,
-55.0,-58.01,3.01,1.53,17.2,,,
-52.5,-55.51,3.01,1.53,17.2,,,
-50.0,-53.01,3.01,1.53,17.2,,,
-47.5,-50.51,3.01,1.53,17.2,,,
-45.0,-48.01,3.01,1.53,17.2,,,
-42.5,-45.51,3.01,1.53,17.2,,,
-40.0,-43.01,3.01,1.53,17.2,,,
-37.5,-40.51,3.01,1.53,17.2,,,
-35.0,-38.01,3.01,1.53,17.2,,,
-32.5,-35.51,3.01,1.53,17.2,,,
-30.0,-33.01,3.01,1.53,17.2,,,
-27.5,-30.51,3.01,1.53,17.2,,,
-25.0,-28.01,3.01,1.53,17.2,,,
-22.5,-25.51,3.01,1.53,17.2,,,
-20.0,-23.01,3.01,1.53,17.2,,,
-17.5,-20.51,3.01,1.53,17.2,,,
-15.0,-18.01,3.01,1.53,17.2,,,
-12.5,-15.51,3.01,1.53,17.2,,,
-10.0,-13.12,3.12,1.53,17.2,,,
-7.5,-11.4,3.9,1.53,17.2,,,
-5.0,-10.4,5.4,1.53,17.2,,,
-2.5,-10.09,7.59,1.53,17.2,,,
0.0,-9.91,9.91,1.53,17.2,,,
-60.0,-63.01,3.01,1.53,18.1,,,
-57.5,-60.51,3.01,1.53,18.1,,,
-55.0,-58.01,3.01,1.53,18.1,,,
-52.5,-55.51,3.01,1.53,18.1,,,
-50.0,-53.01,3.01,1.53,18.1,,,
-47.5,-50.51,3.01,1.53,18.1,,,
-45.0,-48.01,3.01,1.53,18.1,,,
-42.5,-45.51,3.01,1.53,18.1,,,
-40.0,-43.01,3.01,1.53,18.1,,,
-37.5,-40.51,3.01,1.53,18.1,,,
-35.0,-38.01,3.01,1.53,18.1,,,
-32.5,-35.51,3.01,1.53,18.1,,,
-30.0,-33.01,3.01,1.53,18.1,,,
-27.5,-30.51,3.01,1.53,18.1,,,
-25.0,-28.01,3.01,1.53,18.1,,,
-22.5,-25.51,3.01,1.53,18.1,,,
-20.0,-23.01,3.01,1.53,18.1,,,
-17.5,-20.51,3.01,1.53,18.1,,,
-15.0,-18.01,3.01,1.53,18.1,,,
-12.5,-15.51,3.01,1.53,18.1,,,
-10.0,-13.12,3.12,1.53,18.1,,,
-7.5,-11.4,3.9,1.53,18.1,,,
-5.0,-10.41,5.41,1.53,18.1,,,
-2.5,-10.1,7.6,1.53,18.1,,,
0.0,-9.93,9.93,1.53,18.1,,,
-60.0,-63.01,3.01,1.53,19.1,,,
-57.5,-60.51,3.01,1.53,19.1,,,
-55.0,-58.01,3.01,1.53,19.1,,,
-52.5,-55.51,3.01,1.53,19.1,,,
-50.0,-53.01,3.01,1.53,19.1,,,
-47.5,-50.51,3.01,1.53,19.1,,,
-45.0,-48.01,3.01,1.53,19.1,,,
-42.5,-45.51,3.01,1.53,19.1,,,
-40.0,-43.01,3.01,1.53,19.1,,,
-37.5,-40.51,3.01,1.53,19.1,,,
-35.0,-38.01,3.01,1.53,19.1,,,
-32.5,-35.51,3.01,1.53,19.1,,,
-30.0,-33.01,3.01,1.53,19.1,,,
-27.5,-30.51,3.01,1.53,19.1,,,
-25.0,-28.01,3.01,1.53,19.1,,,
-22.5,-25.51,3.01,1.53,19.1,,,
-20.0,-23.01,3.01,1.53,19.1,,,
-17.5,-20.51,3.01,1.53,19.1,,,
-15.0,-18.01,3.01,1.53,19.1,,,
-12.5,-15.51,3.01,1.53,19.1,,,
-10.0,-13.12,3.12,1.53,19.1,,,
-7.5,-11.41,3.91,1.53,19.1,,,
-5.0,-10.42,5.42,1.53,19.1,,,
-2.5,-10.11,7.61,1.53,19.1,,,
0.0,-9.95,9.95,1.53,19.1,,,
-60.0,-63.01,3.01,1.53,20.0,,,
-57.5,-60.51,3.01,1.53,20.0,,,
-55.0,-58.01,3.01,1.53,20.0,,,
-52.5,-55.51,3.01,1.53,20.0,,,
-50.0,-53.01,3.01,1.53,20.0,,,
-47.5,-50.51,3.01,1.53,20.0,,,
-45.0,-48.01,3.01,1.53,20.0,,,
-42.5,-45.51,3.01,1.53,20.0,,,
-40.0,-43.01,3.01,1.53,20.0,,,
-37.5,-40.51,3.01,1.53,20.0,,,
-35.0,-38.01,3.01,1.53,20.0,,,
-32.5,-35.51,3.01,1.53,20.0,,,
-30.0,-33.01,3.01,1.53,20.0,,,
-27.5,-30.51,3.01,1.53,20.0,,,
-25.0,-28.01,3.01,1.53,20.0,,,
-22.5,-25.51,3.01,1.53,20.0,,,
-20.0,-23.01,3.01,1.53,20.0,,,
-17.5,-20.51,3.01,1.53,20.0,,,
-15.0,-18.01,3.01,1.53,20.0,,,
-12.5,-15.51,3.01,1.53,20.0,,,
-10.0,-13.12,3.12,1.53,20.0,,,
-7.5,-11.41,3.91,1.53,20.0,,,
-5.0,-10.42,5.42,1.53,20.0,,,
-2.5,-10.13,7.63,1.53,20.0,,,
0.0,-9.97,9.97,1.53,20.0,,,
-60.0,-63.01,3.01,1.74,2.0,,,
-57.5,-60.51,3.01,1.74,2.0,,,
-55.0,-58.01,3.01,1.74,2.0,,,
-52.5,-55.51,3.01,1.74,2.0,,,
-50.0,-53.01,3.01,1.74,2.0,,,
-47.5,-50.51,3.01,1.74,2.0,,,
-45.0,-48.01,3.01,1.74,2.0,,,
-42.5,-45.51,3.01,1.74,2.0,,,
-40.0,-43.01,3.01,1.74,2.0,,,
-37.5,-40.51,3.01,1.74,2.0,,,
-35.0,-38.01,3.01,1.74,2.0,,,
-32.5,-35.51,3.01,1.74,2.0,,,
-30.0,-33.01,3.01,1.74,2.0,,,
-27.5,-30.51,3.01,1.74,2.0,,,
-25.0,-28.01,3.01,1.74,2.0,,,
-22.5,-25.51,3.01,1.74,2.0,,,
-20.0,-23.01,3.01,1.74,2.0,,,
-17.5,-20.51,3.01,1.74,2.0,,,
-15.0,-18.01,3.01,1.74,2.0,,,
-12.5,-15.51,3.01,1.74,2.0,,,
-10.0,-13.01,3.01,1.74,2.0,,,
-7.5,-10.5,3.0,1.74,2.0,,,
-5.0,-8.03,3.03,1.74,2.0,,,
-2.5,-5.9,3.4,1.74,2.0,,,
0.0,-4.11,4.11,1.74,2.0,,,
-60.0,-63.01,3.01,1.74,3.0,,,
-57.5,-60.51,3.01,1.74,3.0,,,
-55.0,-58.01,3.01,1.74,3.0,,,
-52.5,-55.51,3.01,1.74,3.0,,,
-50.0,-53.01,3.01,1.74,3.0,,,
-47.5,-50.51,3.01,1.74,3.0,,,
-45.0,-48.01,3.01,1.74,3.0,,,
-42.5,-45.51,3.01,1.74,3.0,,,
-40.0,-43.01,3.01,1.74,3.0,,,
-37.5,-40.51,3.01,1.74,3.0,,,
-35.0,-38.01,3.01,1.74,3.0,,,
-32.5,-35.51,3.01,1.74,3.0,,,
-30.0,-33.01,3.01,1.74,3.0,,,
-27.5,-30.51,3.01,1.74,3.0,,,
-25.0,-28.01,3.01,1.74,3.0,,,
-22.5,-25.51,3.01,1.74,3.0,,,
-20.0,-23.01,3.01,1.74,3.0,,,
-17.5,-20.51,3.01,1.74,3.0,,,
-15.0,-18.01,3.01,1.74,3.0,,,
-12.5,-15.51,3.01,1.74,3.0,,,
-10.0,-13.01,3.01,1.74,3.0,,,
-7.5,-10.5,3.0,1.74,3.0,,,
-5.0,-8.04,3.04,1.74,3.0,,,
-2.5,-6.04,3.54,1.74,3.0,,,
0.0,-4.54,4.54,1.74,3.0,,,
-60.0,-63.01,3.01,1.74,3.9,,,
-57.5,-60.51,3.01,1.74,3.9,,,
-55.0,-58.01,3.01,1.74,3.9,,,
-52.5,-55.51,3.01,1.74,3.9,,,
-50.0,-53.01,3.01,1.74,3.9,,,
-47.5,-50.51,3.01,1.74,3.9,,,
-45.0,-48.01,3.01,1.74,3.9,,,
-42.5,-45.51,3.01,1.74,3.9,,,
-40.0,-43.01,3.01,1.74,3.9,,,
-37.5,-40.51,3.01,1.74,3.9,,,
-35.0,-38.01,3.01,1.74,3.9,,,
-32.5,-35.51,3.01,1.74,3.9,,,
-30.0,-33.01,3.01,1.74,3.9,,,
-27.5,-30.51,3.01,1.74,3.9,,,
-25.0,-28.01,3.01,1.74,3.9,,,
-22.5,-25.51,3.01,1.74,3.9,,,
-20.0,-23.01,3.01,1.74,3.9,,,
-17.5,-20.51,3.01,1.74,3.9,,,
-15.0,-18.01,3.01,1.74,3.9,,,
-12.5,-15.51,3.01,1.74,3.9,,,
-10.0,-13.01,3.01,1.74,3.9,,,
-7.5,-10.5,3.0,1.74,3.9,,,
-5.0,-8.05,3.05,1.74,3.9,,,
-2.5,-6.11,3.61,1.74,3.9,,,
0.0,-4.75,4.75,1.74,3.9,,,
-60.0,-63.01,3.01,1.74,4.8,,,
-57.5,-60.51,3.01,1.74,4.8,,,
-55.0,-58.01,3.01,1.74,4.8,,,
-52.5,-55.51,3.01,1.74,4.8,,,
-50.0,-53.01,3.01,1.74,4.8,,,
-47.5,-50.51,3.01,1.74,4.8,,,
-45.0,-48.01,3.01,1.74,4.8,,,
-42.5,-45.51,3.01,1.74,4.8,,,
-40.0,-43.01,3.01,1.74,4.8,,,
-37.5,-40.51,3.01,1.74,4.8,,,
-35.0,-38.01,3.01,1.74,4.8,,,
-32.5,-35.51,3.01,1.74,4.8,,,
-30.0,-33.01,3.01,1.74,4.8,,,
-27.5,-30.51,3.01,1.74,4.8,,,
-25.0,-28.01,3.01,1.74,4.8,,,
-22.5,-25.51,3.01,1.74,4.8,,,
-20.0,-23.01,3.01,1.74,4.8,,,
-17.5,-20.51,3.01,1.74,4.8,,,
-15.0,-18.01,3.01,1.74,4.8,,,
-12.5,-15.51,3.01,1.74,4.8,,,
-10.0,-13.01,3.01,1.74,4.8,,,
-7.5,-10.5,3.0,1.74,4.8,,,
-5.0,-8.05,3.05,1.74,4.8,,,
-2.5,-6.16,3.66,1.74,4.8,,,
0.0,-4.88,4.88,1.74,4.8,,,
-60.0,-63.01,3.01,1.74,5.8,,,
-57.5,-60.51,3.01,1.74,5.8,,,
-55.0,-58.01,3.01,1.74,5.8,,,
-52.5,-55.51,3.01,1.74,5.8,,,
-50.0,-53.01,3.01,1.74,5.8,,,
-47.5,-50.51,3.01,1.74,5.8,,,
-45.0,-48.01,3.01,1.74,5.8,,,
-42.5,-45.51,3.01,1.74,5.8,,,
-40.0,-43.01,3.01,1.74,5.8,,,
-37.5,-40.51,3.01,1.74,5.8,,,
-35.0,-38.01,3.01,1.74,5.8,,,
-32.5,-35.51,3.01,1.74,5.8,,,
-30.0,-33.01,3.01,1.74,5.8,,,
-27.5,-30.51,3.01,1.74,5.8,,,
-25.0,-28.01,3.01,1.74,5.8,,,
-22.5,-25.51,3.01,1.74,5.8,,,
-20.0,-23.01,3.01,1.74,5.8,,,
-17.5,-20.51,3.01,1.74,5.8,,,
-15.0,-18.01,3.01,1.74,5.8,,,
-12.5,-15.51,3.01,1.74,5.8,,,
-10.0,-13.01,3.01,1.74,5.8,,,
-7.5,-10.5,3.0,1.74,5.8,,,
-5.0,-8.05,3.05,1.74,5.8,,,
-2.5,-6.19,3.69,1.74,5.8,,,
0.0,-4.97,4.97,1.74,5.8,,,
-60.0,-63.01,3.01,1.74,6.7,,,
-57.5,-60.51,3.01,1.74,6.7,,,
-55.0,-58.01,3.01,1.74,6.7,,,
-52.5,-55.51,3.01,1.74,6.7,,,
-50.0,-53.01,3.01,1.74,6.7,,,
-47.5,-50.51,3.01,1.74,6.7,,,
-45.0,-48.01,3.01,1.74,6.7,,,
-42.5,-45.51,3.01,1.74,6.7,,,
-40.0,-43.01,3.01,1.74,6.7,,,
-37.5,-40.51,3.01,1.74,6.7,,,
-35.0,-38.01,3.01,1.74,6.7,,,
-32.5,-35.51,3.01,1.74,6.7,,,
-30.0,-33.01,3.01,1.74,6.7,,,
-27.5,-30.51,3.01,1.74,6.7,,,
-25.0,-28.01,3.01,1.74,6.7,,,
-22.5,-25.51,3.01,1.74,6.7,,,
-20.0,-23.01,3.01,1.74,6.7,,,
-17.5,-20.51,3.01,1.74,6.7,,,
-15.0,-18.01,3.01,1.74,6.7,,,
-12.5,-15.51,3.01,1.74,6.7,,,
-10.0,-13.01,3.01,1.74,6.7,,,
-7.5,-10.5,3.0,1.74,6.7,,,
-5.0,-8.06,3.06,1.74,6.7,,,
-2.5,-6.21,3.71,1.74,6.7,,,
0.0,-5.03,5.03,1.74,6.7,,,
-60.0,-63.01,3.01,1.74,7.7,,,
-57.5,-60.51,3.01,1.74,7.7,,,
-55.0,-58.01,3.01,1.74,7.7,,,
-52.5,-55.51,3.01,1.74,7.7,,,
-50.0,-53.01,3.01,1.74,7.7,,,
-47.5,-50.51,3.01,1.74,7.7,,,
-45.0,-48.01,3.01,1.74,7.7,,,
-42.5,-45.51,3.01,1.74,7.7,,,
-40.0,-43.01,3.01,1.74,7.7,,,
-37.5,-40.51,3.01,1.74,7.7,,,
-35.0,-38.01,3.01,1.74,7.7,,,
-32.5,-35.51,3.01,1.74,7.7,,,
-30.0,-33.01,3.01,1.74,7.7,,,
-27.5,-30.51,3.01,1.74,7.7,,,
-25.0,-28.01,3.01,1.74,7.7,,,
-22.5,-25.51,3.01,1.74,7.7,,,
-20.0,-23.01,3.01,1.74,7.7,,,
-17.5,-20.51,3.01,1.74,7.7,,,
-15.0,-18.01,3.01,1.74,7.7,,,
-12.5,-15.51,3.01,1.74,7.7,,,
-10.0,-13.01,3.01,1.74,7.7,,,
-7.5,-10.5,3.0,1.74,7.7,,,
-5.0,-8.06,3.06,1.74,7.7,,,
-2.5,-6.23,3.73,1.74,7.7,,,
0.0,-5.08,5.08,1.74,7.7,,,
-60.0,-63.01,3.01,1.74,8.6,,,
-57.5,-60.51,3.01,1.74,8.6,,,
-55.0,-58.01,3.01,1.74,8.6,,,
-52.5,-55.51,3.01,1.74,8.6,,,
-50.0,-53.01,3.01,1.74,8.6,,,
-47.5,-50.51,3.01,1.74,8.6,,,
-45.0,-48.01,3.01,1.74,8.6,,,
-42.5,-45.51,3.01,1.74,8.6,,,
-40.0,-43.01,3.01,1.74,8.6,,,
-37.5,-40.51,3.01,1.74,8.6,,,
-35.0,-38.01,3.01,1.74,8.6,,,
-32.5,-35.51,3.01,1.74,8.6,,,
-30.0,-33.01,3.01,1.74,8.6,,,
-27.5,-30.51,3.01,1.74,8.6,,,
-25.0,-28.01,3.01,1.74,8.6,,,
-22.5,-25.51,3.01,1.74,8.6,,,
-20.0,-23.01,3.01,1.74,8.6,,,
-17.5,-20.51,3.01,1.74,8.6,,,
-15.0,-18.01,3.01,1.74,8.6,,,
-12.5,-15.51,3.01,1.74,8.6,,,
-10.0,-13.01,3.01,1.74,8.6,,,
-7.5,-10.5,3.0,1.74,8.6,,,
-5.0,-8.06,3.06,1.74,8.6,,,
-2.5,-6.24,3.74,1.74,8.6,,,
0.0,-5.12,5.12,1.74,8.6,,,
-60.0,-63.01,3.01,1.74,9.6,,,
-57.5,-60.51,3.01,1.74,9.6,,,
-55.0,-58.01,3.01,1.74,9.6,,,
-52.5,-55.51,3.01,1.74,9.6,,,
-50.0,-53.01,3.01,1.74,9.6,,,
-47.5,-50.51,3.01,1.74,9.6,,,
-45.0,-48.01,3.01,1.74,9.6,,,
-42.5,-45.51,3.01,1.74,9.6,,,
-40.0,-43.01,3.01,1.74,9.6,,,
-37.5,-40.51,3.01,1.74,9.6,,,
-35.0,-38.01,3.01,1.74,9.6,,,
-32.5,-35.51,3.01,1.74,9.6,,,
-30.0,-33.01,3.01,1.74,9.6,,,
-27.5,-30.51,3.01,1.74,9.6,,,
-25.0,-28.01,3.01,1.74,9.6,,,
-22.5,-25.51,3.01,1.74,9.6,,,
-20.0,-23.01,3.01,1.74,9.6,,,
-17.5,-20.51,3.01,1.74,9.6,,,
-15.0,-18.01,3.01,1.74,9.6,,,
-12.5,-15.51,3.01,1.74,9.6,,,
-10.0,-13.01,3.01,1.74,9.6,,,
-7.5,-10.5,3.0,1.74,9.6,,,
-5.0,-8.06,3.06,1.74,9.6,,,
-2.5,-6.25,3.75,1.74,9.6,,,
0.0,-5.15,5.15,1.74,9.6,,,
-60.0,-63.01,3.01,1.74,10.5,,,
-57.5,-60.51,3.01,1.74,10.5,,,
-55.0,-58.01,3.01,1.74,10.5,,,
-52.5,-55.51,3.01,1.74,10.5,,,
-50.0,-53.01,3.01,1.74,10.5,,,
-47.5,-50.51,3.01,1.74,10.5,,,
-45.0,-48.01,3.01,1.74,10.5,,,
-42.5,-45.51,3.01,1.74,10.5,,,
-40.0,-43.01,3.01,1.74,10.5,,,
-37.5,-40.51,3.01,1.74,10.5,,,
-35.0,-38.01,3.01,1.74,10.5,,,
-32.5,-35.51,3.01,1.74,10.5,,,
-30.0,-33.01,3.01,1.74,10.5,,,
-27.5,-30.51,3.01,1.74,10.5,,,
-25.0,-28.01,3.01,1.74,10.5,,,
-22.5,-25.51,3.01,1.74,10.5,,,
-20.0,-23.01,3.01,1.74,10.5,,,
-17.5,-20.51,3.01,1.74,10.5,,,
-15.0,-18.01,3.01,1.74,10.5,,,
-12.5,-15.51,3.01,1.74,10.5,,,
-10.0,-13.01,3.01,1.74,10.5,,,
-7.5,-10.5,3.0,1.74,10.5,,,
-5.0,-8.06,3.06,1.74,10.5,,,
-2.5,-6.26,3.76,1.74,10.5,,,
0.0,-5.17,5.17,1.74,10.5,,,
-60.0,-63.01,3.01,1.74,11.5,,,
-57.5,-60.51,3.01,1.74,11.5,,,
-55.0,-58.01,3.01,1.74,11.5,,,
-52.5,-55.51,3.01,1.74,11.5,,,
-50.0,-53.01,3.01,1.74,11.5,,,
-47.5,-50.51,3.01,1.74,11.5,,,
-45.0,-48.01,3.01,1.74,11.5,,,
-42.5,-45.51,3.01,1.74,11.5,,,
-40.0,-43.01,3.01,1.74,11.5,,,
-37.5,-40.51,3.01,1.74,11.5,,,
-35.0,-38.01,3.01,1.74,11.5,,,
-32.5,-35.51,3.01,1.74,11.5,,,
-30.0,-33.01,3.01,1.74,11.5,,,
-27.5,-30.51,3.01,1.74,11.5,,,
-25.0,-28.01,3.01,1.74,11.5,,,
-22.5,-25.51,3.01,1.74,11.5,,,
-20.0,-23.01,3.01,1.74,11.5,,,
-17.5,-20.51,3.01,1.74,11.5,,,
-15.0,-18.01,3.01,1.74,11.5,,,
-12.5,-15.51,3.01,1.74,11.5,,,
-10.0,-13.01,3.01,1.74,11.5,,,
-7.5,-10.5,3.0,1.74,11.5,,,
-5.0,-8.06,3.06,1.74,11.5,,,
-2.5,-6.27,3.77,1.74,11.5,,,
0.0,-5.19,5.19,1.74,11.5,,,
-60.0,-63.01,3.01,1.74,12.4,,,
-57.5,-60.51,3.01,1.74,12.4,,,
-55.0,-58.01,3.01,1.74,12.4,,,
-52.5,-55.51,3.01,1.74,12.4,,,
-50.0,-53.01,3.01,1.74,12.4,,,
-47.5,-50.51,3.01,1.74,12.4,,,
-45.0,-48.01,3.01,1.74,12.4,,,
-42.5,-45.51,3.01,1.74,12.4,,,
-40.0,-43.01,3.01,1.74,12.4,,,
-37.5,-40.51,3.01,1.74,12.4,,,
-35.0,-38.01,3.01,1.74,12.4,,,
-32.5,-35.51,3.01,1.74,12.4,,,
-30.0,-33.01,3.01,1.74,12.4,,,
-27.5,-30.51,3.01,1.74,12.4,,,
-25.0,-28.01,3.01,1.74,12.4,,,
-22.5,-25.51,3.01,1.74,12.4,,,
-20.0,-23.01,3.01,1.74,12.4,,,
-17.5,-20.51,3.01,1.74,12.4,,,
-15.0,-18.01,3.01,1.74,12.4,,,
-12.5,-15.51,3.01,1.74,12.4,,,
-10.0,-13.01,3.01,1.74,12.4,,,
-7.5,-10.5,3.0,1.74,12.4,,,
-5.0,-8.06,3.06,1.74,12.4,,,
-2.5,-6.27,3.77,1.74,12.4,,,
0.0,-5.21,5.21,1.74,12.4,,,
-60.0,-63.01,3.01,1.74,13.4,,,
-57.5,-60.51,3.01,1.74,13.4,,,
-55.0,-58.01,3.01,1.74,13.4,,,
-52.5,-55.51,3.01,1.74,13.4,,,
-50.0,-53.01,3.01,1.74,13.4,,,
-47.5,-50.51,3.01,1.74,13.4,,,
-45.0,-48.01,3.01,1.74,13.4,,,
-42.5,-45.51,3.01,1.74,13.4,,,
-40.0,-43.01,3.01,1.74,13.4,,,
-37.5,-40.51,3.01,1.74,13.4,,,
-35.0,-38.01,3.01,1.74,13.4,,,
-32.5,-35.51,3.01,1.74,13.4,,,
-30.0,-33.01,3.01,1.74,13.4,,,
-27.5,-30.51,3.01,1.74,13.4,,,
-25.0,-28.01,3.01,1.74,13.4,,,
-22.5,-25.51,3.01,1.74,13.4,,,
-20.0,-23.01,3.01,1.74,13.4,,,
-17.5,-20.51,3.01,1.74,13.4,,,
-15.0,-18.01,3.01,1.74,13.4,,,
-12.5,-15.51,3.01,1.74,13.4,,,
-10.0,-13.01,3.01,1.74,13.4,,,
-7.5,-10.5,3.0,1.74,13.4,,,
-5.0,-8.06,3.06,1.74,13.4,,,
-2.5,-6.28,3.78,1.74,13.4,,,
0.0,-5.23,5.23,1.74,13.4,,,
-60.0,-63.01,3.01,1.74,14.3,,,
-57.5,-60.51,3.01,1.74,14.3,,,
-55.0,-58.01,3.01,1.74,14.3,,,
-52.5,-55.51,3.01,1.74,14.3,,,
-50.0,-53.01,3.01,1.74,14.3,,,
-47.5,-50.51,3.01,1.74,14.3,,,
-45.0,-48.01,3.01,1.74,14.3,,,
-42.5,-45.51,3.01,1.74,14.3,,,
-40.0,-43.01,3.01,1.74,14.3,,,
-37.5,-40.51,3.01,1.74,14.3,,,
-35.0,-38.01,3.01,1.74,14.3,,,
-32.5,-35.51,3.01,1.74,14.3,,,
-30.0,-33.01,3.01,1.74,14.3,,,
-27.5,-30.51,3.01,1.74,14.3,,,
-25.0,-28.01,3.01,1.74,14.3,,,
-22.5,-25.51,3.01,1.74,14.3,,,
-20.0,-23.01,3.01,1.74,14.3,,,
-17.5,-20.51,3.01,1.74,14.3,,,
-15.0,-18.01,3.01,1.74,14.3,,,
-12.5,-15.51,3.01,1.74,14.3,,,
-10.0,-13.01,3.01,1.74,14.3,,,
-7.5,-10.5,3.0,1.74,14.3,,,
-5.0,-8.06,3.06,1.74,14.3,,,
-2.5,-6.28,3.78,1.74,14.3,,,
0.0,-5.24,5.24,1.74,14.3,,,
-60.0,-63.01,3.01,1.74,15.3,,,
-57.5,-60.51,3.01,1.74,15.3,,,
-55.0,-58.01,3.01,1.74,15.3,,,
-52.5,-55.51,3.01,1.74,15.3,,,
-50.0,-53.01,3.01,1.74,15.3,,,
-47.5,-50.51,3.01,1.74,15.3,,,
-45.0,-48.01,3.01,1.74,15.3,,,
-42.5,-45.51,3.01,1.74,15.3,,,
-40.0,-43.01,3.01,1.74,15.3,,,
-37.5,-40.51,3.01,1.74,15.3,,,
-35.0,-38.01,3.01,1.74,15.3,,,
-32.5,-35.51,3.01,1.74,15.3,,,
-30.0,-33.01,3.01,1.74,15.3,,,
-27.5,-30.51,3.01,1.74,15.3,,,
-25.0,-28.01,3.01,1.74,15.3,,,
-22.5,-25.51,3.01,1.74,15.3,,,
-20.0,-23.01,3.01,1.74,15.3,,,
-17.5,-20.51,3.01,1.74,15.3,,,
-15.0,-18.01,3.01,1.74,15.3,,,
-12.5,-15.51,3.01,1.74,15.3,,,
-10.0,-13.01,3.01,1.74,15.3,,,
-7.5,-10.5,3.0,1.74,15.3,,,
-5.0,-8.06,3.06,1.74,15.3,,,
-2.5,-6.29,3.79,1.74,15.3,,,
0.0,-5.25,5.25,1.74,15.3,,,
-60.0,-63.01,3.01,1.74,16.2,,,
-57.5,-60.51,3.01,1.74,16.2,,,
-55.0,-58.01,3.01,1.74,16.2,,,
-52.5,-55.51,3.01,1.74,16.2,,,
-50.0,-53.01,3.01,1.74,16.2,,,
-47.5,-50.51,3.01,1.74,16.2,,,
-45.0,-48.01,3.01,1.74,16.2,,,
-42.5,-45.51,3.01,1.74,16.2,,,
-40.0,-43.01,3.01,1.74,16.2,,,
-37.5,-40.51,3.01,1.74,16.2,,,
-35.0,-38.01,3.01,1.74,16.2,,,
-32.5,-35.51,3.01,1.74,16.2,,,
-30.0,-33.01,3.01,1.74,16.2,,,
-27.5,-30.51,3.01,1.74,16.2,,,
-25.0,-28.01,3.01,1.74,16.2,,,
-22.5,-25.51,3.01,1.74,16.2,,,
-20.0,-23.01,3.01,1.74,16.2,,,
-17.5,-20.51,3.01,1.74,16.2,,,
-15.0,-18.01,3.01,1.74,16.2,,,
-12.5,-15.51,3.01,1.74,16.2,,,
-10.0,-13.01,3.01,1.74,16.2,,,
-7.5,-10.5,3.0,1.74,16.2,,,
-5.0,-8.06,3.06,1.74,16.2,,,
-2.5,-6.29,3.79,1.74,16.2,,,
0.0,-5.26,5.26,1.74,16.2,,,
-60.0,-63.01,3.01,1.74,17.2,,,
-57.5,-60.51,3.01,1.74,17.2,,,
-55.0,-58.01,3.01,1.74,17.2,,,
-52.5,-55.51,3.01,1.74,17.2,,,
-50.0,-53.01,3.01,1.74,17.2,,,
-47.5,-50.51,3.01,1.74,17.2,,,
-45.0,-48.01,3.01,1.74,17.2,,,
-42.5,-45.51,3.01,1.74,17.2,,,
-40.0,-43.01,3.01,1.74,17.2,,,
-37.5,-40.51,3.01,1.74,17.2,,,
-35.0,-38.01,3.01,1.74,17.2,,,
-32.5,-35.51,3.01,1.74,17.2,,,
-30.0,-33.01,3.01,1.74,17.2,,,
-27.5,-30.51,3.01,1.74,17.2,,,
-25.0,-28.01,3.01,1.74,17.2,,,
-22.5,-25.51,3.01,1.74,17.2,,,
-20.0,-23.01,3.01,1.74,17.2,,,
-17.5,-20.51,3.01,1.74,17.2,,,
-15.0,-18.01,3.01,1.74,17.2,,,
-12.5,-15.51,3.01,1.74,17.2,,,
-10.0,-13.01,3.01,1.74,17.2,,,
-7.5,-10.5,3.0,1.74,17.2,,,
-5.0,-8.06,3.06,1.74,17.2,,,
-2.5,-6.29,3.79,1.74,17.2,,,
0.0,-5.27,5.27,1.74,17.2,,,
-60.0,-63.01,3.01,1.74,18.1,,,
-57.5,-60.51,3.01,1.74,18.1,,,
-55.0,-58.01,3.01,1.74,18.1,,,
-52.5,-55.51,3.01,1.74,18.1,,,
-50.0,-53.01,3.01,1.74,18.1,,,
-47.5,-50.51,3.01,1.74,18.1,,,
-45.0,-48.01,3.01,1.74,18.1,,,
-42.5,-45.51,3.01,1.74,18.1,,,
-40.0,-43.01,3.01,1.74,18.1,,,
-37.5,-40.51,3.01,1.74,18.1,,,
-35.0,-38.01,3.01,1.74,18.1,,,
-32.5,-35.51,3.01,1.74,18.1,,,
-30.0,-33.01,3.01,1.74,18.1,,,
-27.5,-30.51,3.01,1.74,18.1,,,
-25.0,-28.01,3.01,1.74,18.1,,,
-22.5,-25.51,3.01,1.74,18.1,,,
-20.0,-23.01,3.01,1.74,18.1,,,
-17.5,-20.51,3.01,1.74,18.1,,,
-15.0,-18.01,3.01,1.74,18.1,,,
-12.5,-15.51,3.01,1.74,18.1,,,
-10.0,-13.01,3.01,1.74,18.1,,,
-7.5,-10.5,3.0,1.74,18.1,,,
-5.0,-8.06,3.06,1.74,18.1,,,
-2.5,-6.3,3.8,1.74,18.1,,,
0.0,-5.28,5.28,1.74,18.1,,,
-60.0,-63.01,3.01,1.74,19.1,,,
-57.5,-60.51,3.01,1.74,19.1,,,
-55.0,-58.01,3.01,1.74,19.1,,,
-52.5,-55.51,3.01,1.74,19.1,,,
-50.0,-53.01,3.01,1.74,19.1,,,
-47.5,-50.51,3.01,1.74,19.1,,,
-45.0,-48.01,3.01,1.74,19.1,,,
-42.5,-45.51,3.01,1.74,19.1,,,
-40.0,-43.01,3.01,1.74,19.1,,,
-37.5,-40.51,3.01,1.74,19.1,,,
-35.0,-38.01,3.01,1.74,19.1,,,
-32.5,-35.51,3.01,1.74,19.1,,,
-30.0,-33.01,3.01,1.74,19.1,,,
-27.5,-30.51,3.01,1.74,19.1,,,
-25.0,-28.01,3.01,1.74,19.1,,,
-22.5,-25.51,3.01,1.74,19.1,,,
-20.0,-23.01,3.01,1.74,19.1,,,
-17.5,-20.51,3.01,1.74,19.1,,,
-15.0,-18.01,3.01,1.74,19.1,,,
-12.5,-15.51,3.01,1.74,19.1,,,
-10.0,-13.01,3.01,1.74,19.1,,,
-7.5,-10.5,3.0,1.74,19.1,,,
-5.0,-8.06,3.06,1.74,19.1,,,
-2.5,-6.3,3.8,1.74,19.1,,,
0.0,-5.28,5.28,1.74,19.1,,,
-60.0,-63.01,3.01,1.74,20.0,,,
-57.5,-60.51,3.01,1.74,20.0,,,
-55.0,-58.01,3.01,1.74,20.0,,,
-52.5,-55.51,3.01,1.74,20.0,,,
-50.0,-53.01,3.01,1.74,20.0,,,
-47.5,-50.51,3.01,1.74,20.0,,,
-45.0,-48.01,3.01,1.74,20.0,,,
-42.5,-45.51,3.01,1.74,20.0,,,
-40.0,-43.01,3.01,1.74,20.0,,,
-37.5,-40.51,3.01,1.74,20.0,,,
-35.0,-38.01,3.01,1.74,20.0,,,
-32.5,-35.51,3.01,1.74,20.0,,,
-30.0,-33.01,3.01,1.74,20.0,,,
-27.5,-30.51,3.01,1.74,20.0,,,
-25.0,-28.01,3.01,1.74,20.0,,,
-22.5,-25.51,3.01,1.74,20.0,,,
-20.0,-23.01,3.01,1.74,20.0,,,
-17.5,-20.51,3.01,1.74,20.0,,,
-15.0,-18.01,3.01,1.74,20.0,,,
-12.5,-15.51,3.01,1.74,20.0,,,
-10.0,-13.01,3.01,1.74,20.0,,,
-7.5,-10.5,3.0,1.74,20.0,,,
-5.0,-8.06,3.06,1.74,20.0,,,
-2.5,-6.3,3.8,1.74,20.0,,,
0.0,-5.29,5.29,1.74,20.0,,,
-60.0,-63.01,3.01,1.95,2.0,,,
-57.5,-60.51,3.01,1.95,2.0,,,
-55.0,-58.01,3.01,1.95,2.0,,,
-52.5,-55.51,3.01,1.95,2.0,,,
-50.0,-53.01,3.01,1.95,2.0,,,
-47.5,-50.51,3.01,1.95,2.0,,,
-45.0,-48.01,3.01,1.95,2.0,,,
-42.5,-45.51,3.01,1.95,2.0,,,
-40.0,-43.01,3.01,1.95,2.0,,,
-37.5,-40.51,3.01,1.95,2.0,,,
-35.0,-38.01,3.01,1.95,2.0,,,
-32.5,-35.51,3.01,1.95,2.0,,,
-30.0,-33.01,3.01,1.95,2.0,,,
-27.5,-30.51,3.01,1.95,2.0,,,
-25.0,-28.01,3.01,1.95,2.0,,,
-22.5,-25.51,3.01,1.95,2.0,,,
-20.0,-23.01,3.01,1.95,2.0,,,
-17.5,-20.51,3.01,1.95,2.0,,,
-15.0,-18.01,3.01,1.95,2.0,,,
-12.5,-15.51,3.01,1.95,2.0,,,
-10.0,-13.01,3.01,1.95,2.0,,,
-7.5,-10.5,3.0,1.95,2.0,,,
-5.0,-7.99,2.99,1.95,2.0,,,
-2.5,-5.45,2.95,1.95,2.0,,,
0.0,-2.82,2.82,1.95,2.0,,,
-60.0,-63.01,3.01,1.95,3.0,,,
-57.5,-60.51,3.01,1.95,3.0,,,
-55.0,-58.01,3.01,1.95,3.0,,,
-52.5,-55.51,3.01,1.95,3.0,,,
-50.0,-53.01,3.01,1.95,3.0,,,
-47.5,-50.51,3.01,1.95,3.0,,,
-45.0,-48.01,3.01,1.95,3.0,,,
-42.5,-45.51,3.01,1.95,3.0,,,
-40.0,-43.01,3.01,1.95,3.0,,,
-37.5,-40.51,3.01,1.95,3.0,,,
-35.0,-38.01,3.01,1.95,3.0,,,
-32.5,-35.51,3.01,1.95,3.0,,,
-30.0,-33.01,3.01,1.95,3.0,,,
-27.5,-30.51,3.01,1.95,3.0,,,
-25.0,-28.01,3.01,1.95,3.0,,,
-22.5,-25.51,3.01,1.95,3.0,,,
-20.0,-23.01,3.01,1.95,3.0,,,
-17.5,-20.51,3.01,1.95,3.0,,,
-15.0,-18.01,3.01,1.95,3.0,,,
-12.5,-15.51,3.01,1.95,3.0,,,
-10.0,-13.01,3.01,1.95,3.0,,,
-7.5,-10.5,3.0,1.95,3.0,,,
-5.0,-7.99,2.99,1.95,3.0,,,
-2.5,-5.45,2.95,1.95,3.0,,,
0.0,-2.82,2.82,1.95,3.0,,,
-60.0,-63.01,3.01,1.95,3.9,,,
-57.5,-60.51,3.01,1.95,3.9,,,
-55.0,-58.01,3.01,1.95,3.9,,,
-52.5,-55.51,3.01,1.95,3.9,,,
-50.0,-53.01,3.01,1.95,3.9,,,
-47.5,-50.51,3.01,1.95,3.9,,,
-45.0,-48.01,3.01,1.95,3.9,,,
-42.5,-45.51,3.01,1.95,3.9,,,
-40.0,-43.01,3.01,1.95,3.9,,,
-37.5,-40.51,3.01,1.95,3.9,,,
-35.0,-38.01,3.01,1.95,3.9,,,
-32.5,-35.51,3.01,1.95,3.9,,,
-30.0,-33.01,3.01,1.95,3.9,,,
-27.5,-30.51,3.01,1.95,3.9,,,
-25.0,-28.01,3.01,1.95,3.9,,,
-22.5,-25.51,3.01,1.95,3.9,,,
-20.0,-23.01,3.01,1.95,3.9,,,
-17.5,-20.51,3.01,1.95,3.9,,,
-15.0,-18.01,3.01,1.95,3.9,,,
-12.5,-15.51,3.01,1.95,3.9,,,
-10.0,-13.01,3.01,1.95,3.9,,,
-7.5,-10.5,3.0,1.95,3.9,,,
-5.0,-7.99,2.99,1.95,3.9,,,
-2.5,-5.45,2.95,1.95,3.9,,,
0.0,-2.83,2.83,1.95,3.9,,,
-60.0,-63.01,3.01,1.95,4.8,,,
-57.5,-60.51,3.01,1.95,4.8,,,
-55.0,-58.01,3.01,1.95,4.8,,,
-52.5,-55.51,3.01,1.95,4.8,,,
-50.0,-53.01,3.01,1.95,4.8,,,
-47.5,-50.51,3.01,1.95,4.8,,,
-45.0,-48.01,3.01,1.95,4.8,,,
-42.5,-45.51,3.01,1.95,4.8,,,
-40.0,-43.01,3.01,1.95,4.8,,,
-37.5,-40.51,3.01,1.95,4.8,,,
-35.0,-38.01,3.01,1.95,4.8,,,
-32.5,-35.51,3.01,1.95,4.8,,,
-30.0,-33.01,3.01,1.95,4.8,,,
-27.5,-30.51,3.01,1.95,4.8,,,
-25.0,-28.01,3.01,1.95,4.8,,,
-22.5,-25.51,3.01,1.95,4.8,,,
-20.0,-23.01,3.01,1.95,4.8,,,
-17.5,-20.51,3.01,1.95,4.8,,,
-15.0,-18.01,3.01,1.95,4.8,,,
-12.5,-15.51,3.01,1.95,4.8,,,
-10.0,-13.01,3.01,1.95,4.8,,,
-7.5,-10.5,3.0,1.95,4.8,,,
-5.0,-7.99,2.99,1.95,4.8,,,
-2.5,-5.45,2.95,1.95,4.8,,,
0.0,-2.83,2.83,1.95,4.8,,,
-60.0,-63.01,3.01,1.95,5.8,,,
-57.5,-60.51,3.01,1.95,5.8,,,
-55.0,-58.01,3.01,1.95,5.8,,,
-52.5,-55.51,3.01,1.95,5.8,,,
-50.0,-53.01,3.01,1.95,5.8,,,
-47.5,-50.51,3.01,1.95,5.8,,,
-45.0,-48.01,3.01,1.95,5.8,,,
-42.5,-45.51,3.01,1.95,5.8,,,
-40.0,-43.01,3.01,1.95,5.8,,,
-37.5,-40.51,3.01,1.95,5.8,,,
-35.0,-38.01,3.01,1.95,5.8,,,
-32.5,-35.51,3.01,1.95,5.8,,,
-30.0,-33.01,3.01,1.95,5.8,,,
-27.5,-30.51,3.01,1.95,5.8,,,
-25.0,-28.01,3.01,1.95,5.8,,,
-22.5,-25.51,3.01,1.95,5.8,,,
-20.0,-23.01,3.01,1.95,5.8,,,
-17.5,-20.51,3.01,1.95,5.8,,,
-15.0,-18.01,3.01,1.95,5.8,,,
-12.5,-15.51,3.01,1.95,5.8,,,
-10.0,-13.01,3.01,1.95,5.8,,,
-7.5,-10.5,3.0,1.95,5.8,,,
-5.0,-7.99,2.99,1.95,5.8,,,
-2.5,-5.45,2.95,1.95,5.8,,,
0.0,-2.83,2.83,1.95,5.8,,,
-60.0,-63.01,3.01,1.95,6.7,,,
-57.5,-60.51,3.01,1.95,6.7,,,
-55.0,-58.01,3.01,1.95,6.7,,,
-52.5,-55.51,3.01,1.95,6.7,,,
-50.0,-53.01,3.01,1.95,6.7,,,
-47.5,-50.51,3.01,1.95,6.7,,,
-45.0,-48.01,3.01,1.95,6.7,,,
-42.5,-45.51,3.01,1.95,6.7,,,
-40.0,-43.01,3.01,1.95,6.7,,,
-37.5,-40.51,3.01,1.95,6.7,,,
-35.0,-38.01,3.01,1.95,6.7,,,
-32.5,-35.51,3.01,1.95,6.7,,,
-30.0,-33.01,3.01,1.95,6.7,,,
-27.5,-30.51,3.01,1.95,6.7,,,
-25.0,-28.01,3.01,1.95,6.7,,,
-22.5,-25.51,3.01,1.95,6.7,,,
-20.0,-23.01,3.01,1.95,6.7,,,
-17.5,-20.51,3.01,1.95,6.7,,,
-15.0,-18.01,3.01,1.95,6.7,,,
-12.5,-15.51,3.01,1.95,6.7,,,
-10.0,-13.01,3.01,1.95,6.7,,,
-7.5,-10.5,3.0,1.95,6.7,,,
-5.0,-7.99,2.99,1.95,6.7,,,
-2.5,-5.45,2.95,1.95,6.7,,,
0.0,-2.83,2.83,1.95,6.7,,,
-60.0,-63.01,3.01,1.95,7.7,,,
-57.5,-60.51,3.01,1.95,7.7,,,
-55.0,-58.01,3.01,1.95,7.7,,,
-52.5,-55.51,3.01,1.95,7.7,,,
-50.0,-53.01,3.01,1.95,7.7,,,
-47.5,-50.51,3.01,1.95,7.7,,,
-45.0,-48.01,3.01,1.95,7.7,,,
-42.5,-45.51,3.01,1.95,7.7,,,
-40.0,-43.01,3.01,1.95,7.7,,,
-37.5,-40.51,3.01,1.95,7.7,,,
-35.0,-38.01,3.01,1.95,7.7,,,
-32.5,-35.51,3.01,1.95,7.7,,,
-30.0,-33.01,3.01,1.95,7.7,,,
-27.5,-30.51,3.01,1.95,7.7,,,
-25.0,-28.01,3.01,1.95,7.7,,,
-22.5,-25.51,3.01,1.95,7.7,,,
-20.0,-23.01,3.01,1.95,7.7,,,
-17.5,-20.51,3.01,1.95,7.7,,,
-15.0,-18.01,3.01,1.95,7.7,,,
-12.5,-15.51,3.01,1.95,7.7,,,
-10.0,-13.01,3.01,1.95,7.7,,,
-7.5,-10.5,3.0,1.95,7.7,,,
-5.0,-7.99,2.99,1.95,7.7,,,
-2.5,-5.45,2.95,1.95,7.7,,,
0.0,-2.83,2.83,1.95,7.7,,,
-60.0,-63.01,3.01,1.95,8.6,,,
-57.5,-60.51,3.01,1.95,8.6,,,
-55.0,-58.01,3.01,1.95,8.6,,,
-52.5,-55.51,3.01,1.95,8.6,,,
-50.0,-53.01,3.01,1.95,8.6,,,
-47.5,-50.51,3.01,1.95,8.6,,,
-45.0,-48.01,3.01,1.95,8.6,,,
-42.5,-45.51,3.01,1.95,8.6,,,
-40.0,-43.01,3.01,1.95,8.6,,,
-37.5,-40.51,3.01,1.95,8.6,,,
-35.0,-38.01,3.01,1.95,8.6,,,
-32.5,-35.51,3.01,1.95,8.6,,,
-30.0,-33.01,3.01,1.95,8.6,,,
-27.5,-30.51,3.01,1.95,8.6,,,
-25.0,-28.01,3.01,1.95,8.6,,,
-22.5,-25.51,3.01,1.95,8.6,,,
-20.0,-23.01,3.01,1.95,8.6,,,
-17.5,-20.51,3.01,1.95,8.6,,,
-15.0,-18.01,3.01,1.95,8.6,,,
-12.5,-15.51,3.01,1.95,8.6,,,
-10.0,-13.01,3.01,1.95,8.6,,,
-7.5,-10.5,3.0,1.95,8.6,,,
-5.0,-7.99,2.99,1.95,8.6,,,
-2.5,-5.45,2.95,1.95,8.6,,,
0.0,-2.83,2.83,1.95,8.6,,,
-60.0,-63.01,3.01,1.95,9.6,,,
-57.5,-60.51,3.01,1.95,9.6,,,
-55.0,-58.01,3.01,1.95,9.6,,,
-52.5,-55.51,3.01,1.95,9.6,,,
-50.0,-53.01,3.01,1.95,9.6,,,
-47.5,-50.51,3.01,1.95,9.6,,,
-45.0,-48.01,3.01,1.95,9.6,,,
-42.5,-45.51,3.01,1.95,9.6,,,
-40.0,-43.01,3.01,1.95,9.6,,,
-37.5,-40.51,3.01,1.95,9.6,,,
-35.0,-38.01,3.01,1.95,9.6,,,
-32.5,-35.51,3.01,1.95,9.6,,,
-30.0,-33.01,3.01,1.95,9.6,,,
-27.5,-30.51,3.01,1.95,9.6,,,
-25.0,-28.01,3.01,1.95,9.6,,,
-22.5,-25.51,3.01,1.95,9.6,,,
-20.0,-23.01,3.01,1.95,9.6,,,
-17.5,-20.51,3.01,1.95,9.6,,,
-15.0,-18.01,3.01,1.95,9.6,,,
-12.5,-15.51,3.01,1.95,9.6,,,
-10.0,-13.01,3.01,1.95,9.6,,,
-7.5,-10.5,3.0,1.95,9.6,,,
-5.0,-7.99,2.99,1.95,9.6,,,
-2.5,-5.45,2.95,1.95,9.6,,,
0.0,-2.83,2.83,1.95,9.6,,,
-60.0,-63.01,3.01,1.95,10.5,,,
-57.5,-60.51,3.01,1.95,10.5,,,
-55.0,-58.01,3.01,1.95,10.5,,,
-52.5,-55.51,3.01,1.95,10.5,,,
-50.0,-53.01,3.01,1.95,10.5,,,
-47.5,-50.51,3.01,1.95,10.5,,,
-45.0,-48.01,3.01,1.95,10.5,,,
-42.5,-45.51,3.01,1.95,10.5,,,
-40.0,-43.01,3.01,1.95,10.5,,,
-37.5,-40.51,3.01,1.95,10.5,,,
-35.0,-38.01,3.01,1.95,10.5,,,
-32.5,-35.51,3.01,1.95,10.5,,,
-30.0,-33.01,3.01,1.95,10.5,,,
-27.5,-30.51,3.01,1.95,10.5,,,
-25.0,-28.01,3.01,1.95,10.5,,,
-22.5,-25.51,3.01,1.95,10.5,,,
-20.0,-23.01,3.01,1.95,10.5,,,
-17.5,-20.51,3.01,1.95,10.5,,,
-15.0,-18.01,3.01,1.95,10.5,,,
-12.5,-15.51,3.01,1.95,10.5,,,
-10.0,-13.01,3.01,1.95,10.5,,,
-7.5,-10.5,3.0,1.95,10.5,,,
-5.0,-7.99,2.99,1.95,10.5,,,
-2.5,-5.45,2.95,1.95,10.5,,,
0.0,-2.83,2.83,1.95,10.5,,,
-60.0,-63.01,3.01,1.95,11.5,,,
-57.5,-60.51,3.01,1.95,11.5,,,
-55.0,-58.01,3.01,1.95,11.5,,,
-52.5,-55.51,3.01,1.95,11.5,,,
-50.0,-53.01,3.01,1.95,11.5,,,
-47.5,-50.51,3.01,1.95,11.5,,,
-45.0,-48.01,3.01,1.95,11.5,,,
-42.5,-45.51,3.01,1.95,11.5,,,
-40.0,-43.01,3.01,1.95,11.5,,,
-37.5,-40.51,3.01,1.95,11.5,,,
-35.0,-38.01,3.01,1.95,11.5,,,
-32.5,-35.51,3.01,1.95,11.5,,,
-30.0,-33.01,3.01,1.95,11.5,,,
-27.5,-30.51,3.01,1.95,11.5,,,
-25.0,-28.01,3.01,1.95,11.5,,,
-22.5,-25.51,3.01,1.95,11.5,,,
-20.0,-23.01,3.01,1.95,11.5,,,
-17.5,-20.51,3.01,1.95,11.5,,,
-15.0,-18.01,3.01,1.95,11.5,,,
-12.5,-15.51,3.01,1.95,11.5,,,
-10.0,-13.01,3.01,1.95,11.5,,,
-7.5,-10.5,3.0,1.95,11.5,,,
-5.0,-7.99,2.99,1.95,11.5,,,
-2.5,-5.45,2.95,1.95,11.5,,,
0.0,-2.83,2.83,1.95,11.5,,,
-60.0,-63.01,3.01,1.95,12.4,,,
-57.5,-60.51,3.01,1.95,12.4,,,
-55.0,-58.01,3.01,1.95,12.4,,,
-52.5,-55.51,3.01,1.95,12.4,,,
-50.0,-53.01,3.01,1.95,12.4,,,
-47.5,-50.51,3.01,1.95,12.4,,,
-45.0,-48.01,3.01,1.95,12.4,,,
-42.5,-45.51,3.01,1.95,12.4,,,
-40.0,-43.01,3.01,1.95,12.4,,,
-37.5,-40.51,3.01,1.95,12.4,,,
-35.0,-38.01,3.01,1.95,12.4,,,
-32.5,-35.51,3.01,1.95,12.4,,,
-30.0,-33.01,3.01,1.95,12.4,,,
-27.5,-30.51,3.01,1.95,12.4,,,
-25.0,-28.01,3.01,1.95,12.4,,,
-22.5,-25.51,3.01,1.95,12.4,,,
-20.0,-23.01,3.01,1.95,12.4,,,
-17.5,-20.51,3.01,1.95,12.4,,,
-15.0,-18.01,3.01,1.95,12.4,,,
-12.5,-15.51,3.01,1.95,12.4,,,
-10.0,-13.01,3.01,1.95,12.4,,,
-7.5,-10.5,3.0,1.95,12.4,,,
-5.0,-7.99,2.99,1.95,12.4,,,
-2.5,-5.45,2.95,1.95,12.4,,,
0.0,-2.83,2.83,1.95,12.4,,,
-60.0,-63.01,3.01,1.95,13.4,,,
-57.5,-60.51,3.01,1.95,13.4,,,
-55.0,-58.01,3.01,1.95,13.4,,,
-52.5,-55.51,3.01,1.95,13.4,,,
-50.0,-53.01,3.01,1.95,13.4,,,
-47.5,-50.51,3.01,1.95,13.4,,,
-45.0,-48.01,3.01,1.95,13.4,,,
-42.5,-45.51,3.01,1.95,13.4,,,
-40.0,-43.01,3.01,1.95,13.4,,,
-37.5,-40.51,3.01,1.95,13.4,,,
-35.0,-38.01,3.01,1.95,13.4,,,
-32.5,-35.51,3.01,1.95,13.4,,,
-30.0,-33.01,3.01,1.95,13.4,,,
-27.5,-30.51,3.01,1.95,13.4,,,
-25.0,-28.01,3.01,1.95,13.4,,,
-22.5,-25.51,3.01,1.95,13.4,,,
-20.0,-23.01,3.01,1.95,13.4,,,
-17.5,-20.51,3.01,1.95,13.4,,,
-15.0,-18.01,3.01,1.95,13.4,,,
-12.5,-15.51,3.01,1.95,13.4,,,
-10.0,-13.01,3.01,1.95,13.4,,,
-7.5,-10.5,3.0,1.95,13.4,,,
-5.0,-7.99,2.99,1.95,13.4,,,
-2.5,-5.45,2.95,1.95,13.4,,,
0.0,-2.83,2.83,1.95,13.4,,,
-60.0,-63.01,3.01,1.95,14.3,,,
-57.5,-60.51,3.01,1.95,14.3,,,
-55.0,-58.01,3.01,1.95,14.3,,,
-52.5,-55.51,3.01,1.95,14.3,,,
-50.0,-53.01,3.01,1.95,14.3,,,
-47.5,-50.51,3.01,1.95,14.3,,,
-45.0,-48.01,3.01,1.95,14.3,,,
-42.5,-45.51,3.01,1.95,14.3,,,
-40.0,-43.01,3.01,1.95,14.3,,,
-37.5,-40.51,3.01,1.95,14.3,,,
-35.0,-38.01,3.01,1.95,14.3,,,
-32.5,-35.51,3.01,1.95,14.3,,,
-30.0,-33.01,3.01,1.95,14.3,,,
-27.5,-30.51,3.01,1.95,14.3,,,
-25.0,-28.01,3.01,1.95,14.3,,,
-22.5,-25.51,3.01,1.95,14.3,,,
-20.0,-23.01,3.01,1.95,14.3,,,
-17.5,-20.51,3.01,1.95,14.3,,,
-15.0,-18.01,3.01,1.95,14.3,,,
-12.5,-15.51,3.01,1.95,14.3,,,
-10.0,-13.01,3.01,1.95,14.3,,,
-7.5,-10.5,3.0,1.95,14.3,,,
-5.0,-7.99,2.99,1.95,14.3,,,
-2.5,-5.45,2.95,1.95,14.3,,,
0.0,-2.83,2.83,1.95,14.3,,,
-60.0,-63.01,3.01,1.95,15.3,,,
-57.5,-60.51,3.01,1.95,15.3,,,
-55.0,-58.01,3.01,1.95,15.3,,,
-52.5,-55.51,3.01,1.95,15.3,,,
-50.0,-53.01,3.01,1.95,15.3,,,
-47.5,-50.51,3.01,1.95,15.3,,,
-45.0,-48.01,3.01,1.95,15.3,,,
-42.5,-45.51,3.01,1.95,15.3,,,
-40.0,-43.01,3.01,1.95,15.3,,,
-37.5,-40.51,3.01,1.95,15.3,,,
-35.0,-38.01,3.01,1.95,15.3,,,
-32.5,-35.51,3.01,1.95,15.3,,,
-30.0,-33.01,3.01,1.95,15.3,,,
-27.5,-30.51,3.01,1.95,15.3,,,
-25.0,-28.01,3.01,1.95,15.3,,,
-22.5,-25.51,3.01,1.95,15.3,,,
-20.0,-23.01,3.01,1.95,15.3,,,
-17.5,-20.51,3.01,1.95,15.3,,,
-15.0,-18.01,3.01,1.95,15.3,,,
-12.5,-15.51,3.01,1.95,15.3,,,
-10.0,-13.01,3.01,1.95,15.3,,,
-7.5,-10.5,3.0,1.95,15.3,,,
-5.0,-7.99,2.99,1.95,15.3,,,
-2.5,-5.45,2.95,1.95,15.3,,,
0.0,-2.83,2.83,1.95,15.3,,,
-60.0,-63.01,3.01,1.95,16.2,,,
-57.5,-60.51,3.01,1.95,16.2,,,
-55.0,-58.01,3.01,1.95,16.2,,,
-52.5,-55.51,3.01,1.95,16.2,,,
-50.0,-53.01,3.01,1.95,16.2,,,
-47.5,-50.51,3.01,1.95,16.2,,,
-45.0,-48.01,3.01,1.95,16.2,,,
-42.5,-45.51,3.01,1.95,16.2,,,
-40.0,-43.01,3.01,1.95,16.2,,,
-37.5,-40.51,3.01,1.95,16.2,,,
-35.0,-38.01,3.01,1.95,16.2,,,
-32.5,-35.51,3.01,1.95,16.2,,,
-30.0,-33.01,3.01,1.95,16.2,,,
-27.5,-30.51,3.01,1.95,16.2,,,
-25.0,-28.01,3.01,1.95,16.2,,,
-22.5,-25.51,3.01,1.95,16.2,,,
-20.0,-23.01,3.01,1.95,16.2,,,
-17.5,-20.51,3.01,1.95,16.2,,,
-15.0,-18.01,3.01,1.95,16.2,,,
-12.5,-15.51,3.01,1.95,16.2,,,
-10.0,-13.01,3.01,1.95,16.2,,,
-7.5,-10.5,3.0,1.95,16.2,,,
-5.0,-7.99,2.99,1.95,16.2,,,
-2.5,-5.45,2.95,1.95,16.2,,,
0.0,-2.83,2.83,1.95,16.2,,,
-60.0,-63.01,3.01,1.95,17.2,,,
-57.5,-60.51,3.01,1.95,17.2,,,
-55.0,-58.01,3.01,1.95,17.2,,,
-52.5,-55.51,3.01,1.95,17.2,,,
-50.0,-53.01,3.01,1.95,17.2,,,
-47.5,-50.51,3.01,1.95,17.2,,,
-45.0,-48.01,3.01,1.95,17.2,,,
-42.5,-45.51,3.01,1.95,17.2,,,
-40.0,-43.01,3.01,1.95,17.2,,,
-37.5,-40.51,3.01,1.95,17.2,,,
-35.0,-38.01,3.01,1.95,17.2,,,
-32.5,-35.51,3.01,1.95,17.2,,,
-30.0,-33.01,3.01,1.95,17.2,,,
-27.5,-30.51,3.01,1.95,17.2,,,
-25.0,-28.01,3.01,1.95,17.2,,,
-22.5,-25.51,3.01,1.95,17.2,,,
-20.0,-23.01,3.01,1.95,17.2,,,
-17.5,-20.51,3.01,1.95,17.2,,,
-15.0,-18.01,3.01,1.95,17.2,,,
-12.5,-15.51,3.01,1.95,17.2,,,
-10.0,-13.01,3.01,1.95,17.2,,,
-7.5,-10.5,3.0,1.95,17.2,,,
-5.0,-7.99,2.99,1.95,17.2,,,
-2.5,-5.45,2.95,1.95,17.2,,,
0.0,-2.83,2.83,1.95,17.2,,,
-60.0,-63.01,3.01,1.95,18.1,,,
-57.5,-60.51,3.01,1.95,18.1,,,
-55.0,-58.01,3.01,1.95,18.1,,,
-52.5,-55.51,3.01,1.95,18.1,,,
-50.0,-53.01,3.01,1.95,18.1,,,
-47.5,-50.51,3.01,1.95,18.1,,,
-45.0,-48.01,3.01,1.95,18.1,,,
-42.5,-45.51,3.01,1.95,18.1,,,
-40.0,-43.01,3.01,1.95,18.1,,,
-37.5,-40.51,3.01,1.95,18.1,,,
-35.0,-38.01,3.01,1.95,18.1,,,
-32.5,-35.51,3.01,1.95,18.1,,,
-30.0,-33.01,3.01,1.95,18.1,,,
-27.5,-30.51,3.01,1.95,18.1,,,
-25.0,-28.01,3.01,1.95,18.1,,,
-22.5,-25.51,3.01,1.95,18.1,,,
-20.0,-23.01,3.01,1.95,18.1,,,
-17.5,-20.51,3.01,1.95,18.1,,,
-15.0,-18.01,3.01,1.95,18.1,,,
-12.5,-15.51,3.01,1.95,18.1,,,
-10.0,-13.01,3.01,1.95,18.1,,,
-7.5,-10.5,3.0,1.95,18.1,,,
-5.0,-7.99,2.99,1.95,18.1,,,
-2.5,-5.45,2.95,1.95,18.1,,,
0.0,-2.83,2.83,1.95,18.1,,,
-60.0,-63.01,3.01,1.95,19.1,,,
-57.5,-60.51,3.01,1.95,19.1,,,
-55.0,-58.01,3.01,1.95,19.1,,,
-52.5,-55.51,3.01,1.95,19.1,,,
-50.0,-53.01,3.01,1.95,19.1,,,
-47.5,-50.51,3.01,1.95,19.1,,,
-45.0,-48.01,3.01,1.95,19.1,,,
-42.5,-45.51,3.01,1.95,19.1,,,
-40.0,-43.01,3.01,1.95,19.1,,,
-37.5,-40.51,3.01,1.95,19.1,,,
-35.0,-38.01,3.01,1.95,19.1,,,
-32.5,-35.51,3.01,1.95,19.1,,,
-30.0,-33.01,3.01,1.95,19.1,,,
-27.5,-30.51,3.01,1.95,19.1,,,
-25.0,-28.01,3.01,1.95,19.1,,,
-22.5,-25.51,3.01,1.95,19.1,,,
-20.0,-23.01,3.01,1.95,19.1,,,
-17.5,-20.51,3.01,1.95,19.1,,,
-15.0,-18.01,3.01,1.95,19.1,,,
-12.5,-15.51,3.01,1.95,19.1,,,
-10.0,-13.01,3.01,1.95,19.1,,,
-7.5,-10.5,3.0,1.95,19.1,,,
-5.0,-7.99,2.99,1.95,19.1,,,
-2.5,-5.45,2.95,1.95,19.1,,,
0.0,-2.83,2.83,1.95,19.1,,,
-60.0,-63.01,3.01,1.95,20.0,,,
-57.5,-60.51,3.01,1.95,20.0,,,
-55.0,-58.01,3.01,1.95,20.0,,,
-52.5,-55.51,3.01,1.95,20.0,,,
-50.0,-53.01,3.01,1.95,20.0,,,
-47.5,-50.51,3.01,1.95,20.0,,,
-45.0,-48.01,3.01,1.95,20.0,,,
-42.5,-45.51,3.01,1.95,20.0,,,
-40.0,-43.01,3.01,1.95,20.0,,,
-37.5,-40.51,3.01,1.95,20.0,,,
-35.0,-38.01,3.01,1.95,20.0,,,
-32.5,-35.51,3.01,1.95,20.0,,,
-30.0,-33.01,3.01,1.95,20.0,,,
-27.5,-30.51,3.01,1.95,20.0,,,
-25.0,-28.01,3.01,1.95,20.0,,,
-22.5,-25.51,3.01,1.95,20.0,,,
-20.0,-23.01,3.01,1.95,20.0,,,
-17.5,-20.51,3.01,1.95,20.0,,,
-15.0,-18.01,3.01,1.95,20.0,,,
-12.5,-15.51,3.01,1.95,20.0,,,
-10.0,-13.01,3.01,1.95,20.0,,,
-7.5,-10.5,3.0,1.95,20.0,,,
-5.0,-7.99,2.99,1.95,20.0,,,
-2.5,-5.45,2.95,1.95,20.0,,,
0.0,-2.83,2.83,1.95,20.0,,,
-60.0,-63.01,3.01,2.16,2.0,,,
-57.5,-60.51,3.01,2.16,2.0,,,
-55.0,-58.01,3.01,2.16,2.0,,,
-52.5,-55.51,3.01,2.16,2.0,,,
-50.0,-53.01,3.01,2.16,2.0,,,
-47.5,-50.51,3.01,2.16,2.0,,,
-45.0,-48.01,3.01,2.16,2.0,,,
-42.5,-45.51,3.01,2.16,2.0,,,
-40.0,-43.01,3.01,2.16,2.0,,,
-37.5,-40.51,3.01,2.16,2.0,,,
-35.0,-38.01,3.01,2.16,2.0,,,
-32.5,-35.51,3.01,2.16,2.0,,,
-30.0,-33.01,3.01,2.16,2.0,,,
-27.5,-30.51,3.01,2.16,2.0,,,
-25.0,-28.01,3.01,2.16,2.0,,,
-22.5,-25.51,3.01,2.16,2.0,,,
-20.0,-23.01,3.01,2.16,2.0,,,
-17.5,-20.51,3.01,2.16,2.0,,,
-15.0,-18.01,3.01,2.16,2.0,,,
-12.5,-15.51,3.01,2.16,2.0,,,
-10.0,-13.01,3.01,2.16,2.0,,,
-7.5,-10.5,3.0,2.16,2.0,,,
-5.0,-7.99,2.99,2.16,2.0,,,
-2.5,-5.45,2.95,2.16,2.0,,,
0.0,-2.8,2.8,2.16,2.0,,,
-60.0,-63.01,3.01,2.16,3.0,,,
-57.5,-60.51,3.01,2.16,3.0,,,
-55.0,-58.01,3.01,2.16,3.0,,,
-52.5,-55.51,3.01,2.16,3.0,,,
-50.0,-53.01,3.01,2.16,3.0,,,
-47.5,-50.51,3.01,2.16,3.0,,,
-45.0,-48.01,3.01,2.16,3.0,,,
-42.5,-45.51,3.01,2.16,3.0,,,
-40.0,-43.01,3.01,2.16,3.0,,,
-37.5,-40.51,3.01,2.16,3.0,,,
-35.0,-38.01,3.01,2.16,3.0,,,
-32.5,-35.51,3.01,2.16,3.0,,,
-30.0,-33.01,3.01,2.16,3.0,,,
-27.5,-30.51,3.01,2.16,3.0,,,
-25.0,-28.01,3.01,2.16,3.0,,,
-22.5,-25.51,3.01,2.16,3.0,,,
-20.0,-23.01,3.01,2.16,3.0,,,
-17.5,-20.51,3.01,2.16,3.0,,,
-15.0,-18.01,3.01,2.16,3.0,,,
-12.5,-15.51,3.01,2.16,3.0,,,
-10.0,-13.01,3.01,2.16,3.0,,,
-7.5,-10.5,3.0,2.16,3.0,,,
-5.0,-7.99,2.99,2.16,3.0,,,
-2.5,-5.45,2.95,2.16,3.0,,,
0.0,-2.8,2.8,2.16,3.0,,,
-60.0,-63.01,3.01,2.16,3.9,,,
-57.5,-60.51,3.01,2.16,3.9,,,
-55.0,-58.01,3.01,2.16,3.9,,,
-52.5,-55.51,3.01,2.16,3.9,,,
-50.0,-53.01,3.01,2.16,3.9,,,
-47.5,-50.51,3.01,2.16,3.9,,,
-45.0,-48.01,3.01,2.16,3.9,,,
-42.5,-45.51,3.01,2.16,3.9,,,
-40.0,-43.01,3.01,2.16,3.9,,,
-37.5,-40.51,3.01,2.16,3.9,,,
-35.0,-38.01,3.01,2.16,3.9,,,
-32.5,-35.51,3.01,2.16,3.9,,,
-30.0,-33.01,3.01,2.16,3.9,,,
-27.5,-30.51,3.01,2.16,3.9,,,
-25.0,-28.01,3.01,2.16,3.9,,,
-22.5,-25.51,3.01,2.16,3.9,,,
-20.0,-23.01,3.01,2.16,3.9,,,
-17.5,-20.51,3.01,2.16,3.9,,,
-15.0,-18.01,3.01,2.16,3.9,,,
-12.5,-15.51,3.01,2.16,3.9,,,
-10.0,-13.01,3.01,2.16,3.9,,,
-7.5,-10.5,3.0,2.16,3.9,,,
-5.0,-7.99,2.99,2.16,3.9,,,
-2.5,-5.45,2.95,2.16,3.9,,,
0.0,-2.8,2.8,2.16,3.9,,,
-60.0,-63.01,3.01,2.16,4.8,,,
-57.5,-60.51,3.01,2.16,4.8,,,
-55.0,-58.01,3.01,2.16,4.8,,,
-52.5,-55.51,3.01,2.16,4.8,,,
-50.0,-53.01,3.01,2.16,4.8,,,
-47.5,-50.51,3.01,2.16,4.8,,,
-45.0,-48.01,3.01,2.16,4.8,,,
-42.5,-45.51,3.01,2.16,4.8,,,
-40.0,-43.01,3.01,2.16,4.8,,,
-37.5,-40.51,3.01,2.16,4.8,,,
-35.0,-38.01,3.01,2.16,4.8,,,
-32.5,-35.51,3.01,2.16,4.8,,,
-30.0,-33.01,3.01,2.16,4.8,,,
-27.5,-30.51,3.01,2.16,4.8,,,
-25.0,-28.01,3.01,2.16,4.8,,,
-22.5,-25.51,3.01,2.16,4.8,,,
-20.0,-23.01,3.01,2.16,4.8,,,
-17.5,-20.51,3.01,2.16,4.8,,,
-15.0,-18.01,3.01,2.16,4.8,,,
-12.5,-15.51,3.01,2.16,4.8,,,
-10.0,-13.01,3.01,2.16,4.8,,,
-7.5,-10.5,3.0,2.16,4.8,,,
-5.0,-7.99,2.99,2.16,4.8,,,
-2.5,-5.45,2.95,2.16,4.8,,,
0.0,-2.8,2.8,2.16,4.8,,,
-60.0,-63.01,3.01,2.16,5.8,,,
-57.5,-60.51,3.01,2.16,5.8,,,
-55.0,-58.01,3.01,2.16,5.8,,,
-52.5,-55.51,3.01,2.16,5.8,,,
-50.0,-53.01,3.01,2.16,5.8,,,
-47.5,-50.51,3.01,2.16,5.8,,,
-45.0,-48.01,3.01,2.16,5.8,,,
-42.5,-45.51,3.01,2.16,5.8,,,
-40.0,-43.01,3.01,2.16,5.8,,,
-37.5,-40.51,3.01,2.16,5.8,,,
-35.0,-38.01,3.01,2.16,5.8,,,
-32.5,-35.51,3.01,2.16,5.8,,,
-30.0,-33.01,3.01,2.16,5.8,,,
-27.5,-30.51,3.01,2.16,5.8,,,
-25.0,-28.01,3.01,2.16,5.8,,,
-22.5,-25.51,3.01,2.16,5.8,,,
-20.0,-23.01,3.01,2.16,5.8,,,
-17.5,-20.51,3.01,2.16,5.8,,,
-15.0,-18.01,3.01,2.16,5.8,,,
-12.5,-15.51,3.01,2.16,5.8,,,
-10.0,-13.01,3.01,2.16,5.8,,,
-7.5,-10.5,3.0,2.16,5.8,,,
-5.0,-7.99,2.99,2.16,5.8,,,
-2.5,-5.45,2.95,2.16,5.8,,,
0.0,-2.8,2.8,2.16,5.8,,,
-60.0,-63.01,3.01,2.16,6.7,,,
-57.5,-60.51,3.01,2.16,6.7,,,
-55.0,-58.01,3.01,2.16,6.7,,,
-52.5,-55.51,3.01,2.16,6.7,,,
-50.0,-53.01,3.01,2.16,6.7,,,
-47.5,-50.51,3.01,2.16,6.7,,,
-45.0,-48.01,3.01,2.16,6.7,,,
-42.5,-45.51,3.01,2.16,6.7,,,
-40.0,-43.01,3.01,2.16,6.7,,,
-37.5,-40.51,3.01,2.16,6.7,,,
-35.0,-38.01,3.01,2.16,6.7,,,
-32.5,-35.51,3.01,2.16,6.7,,,
-30.0,-33.01,3.01,2.16,6.7,,,
-27.5,-30.51,3.01,2.16,6.7,,,
-25.0,-28.01,3.01,2.16,6.7,,,
-22.5,-25.51,3.01,2.16,6.7,,,
-20.0,-23.01,3.01,2.16,6.7,,,
-17.5,-20.51,3.01,2.16,6.7,,,
-15.0,-18.01,3.01,2.16,6.7,,,
-12.5,-15.51,3.01,2.16,6.7,,,
-10.0,-13.01,3.01,2.16,6.7,,,
-7.5,-10.5,3.0,2.16,6.7,,,
-5.0,-7.99,2.99,2.16,6.7,,,
-2.5,-5.45,2.95,2.16,6.7,,,
0.0,-2.8,2.8,2.16,6.7,,,
-60.0,-63.01,3.01,2.16,7.7,,,
-57.5,-60.51,3.01,2.16,7.7,,,
-55.0,-58.01,3.01,2.16,7.7,,,
-52.5,-55.51,3.01,2.16,7.7,,,
-50.0,-53.01,3.01,2.16,7.7,,,
-47.5,-50.51,3.01,2.16,7.7,,,
-45.0,-48.01,3.01,2.16,7.7,,,
-42.5,-45.51,3.01,2.16,7.7,,,
-40.0,-43.01,3.01,2.16,7.7,,,
-37.5,-40.51,3.01,2.16,7.7,,,
-35.0,-38.01,3.01,2.16,7.7,,,
-32.5,-35.51,3.01,2.16,7.7,,,
-30.0,-33.01,3.01,2.16,7.7,,,
-27.5,-30.51,3.01,2.16,7.7,,,
-25.0,-28.01,3.01,2.16,7.7,,,
-22.5,-25.51,3.01,2.16,7.7,,,
-20.0,-23.01,3.01,2.16,7.7,,,
-17.5,-20.51,3.01,2.16,7.7,,,
-15.0,-18.01,3.01,2.16,7.7,,,
-12.5,-15.51,3.01,2.16,7.7,,,
-10.0,-13.01,3.01,2.16,7.7,,,
-7.5,-10.5,3.0,2.16,7.7,,,
-5.0,-7.99,2.99,2.16,7.7,,,
-2.5,-5.45,2.95,2.16,7.7,,,
0.0,-2.8,2.8,2.16,7.7,,,
-60.0,-63.01,3.01,2.16,8.6,,,
-57.5,-60.51,3.01,2.16,8.6,,,
-55.0,-58.01,3.01,2.16,8.6,,,
-52.5,-55.51,3.01,2.16,8.6,,,
-50.0,-53.01,3.01,2.16,8.6,,,
-47.5,-50.51,3.01,2.16,8.6,,,
-45.0,-48.01,3.01,2.16,8.6,,,
-42.5,-45.51,3.01,2.16,8.6,,,
-40.0,-43.01,3.01,2.16,8.6,,,
-37.5,-40.51,3.01,2.16,8.6,,,
-35.0,-38.01,3.01,2.16,8.6,,,
-32.5,-35.51,3.01,2.16,8.6,,,
-30.0,-33.01,3.01,2.16,8.6,,,
-27.5,-30.51,3.01,2.16,8.6,,,
-25.0,-28.01,3.01,2.16,8.6,,,
-22.5,-25.51,3.01,2.16,8.6,,,
-20.0,-23.01,3.01,2.16,8.6,,,
-17.5,-20.51,3.01,2.16,8.6,,,
-15.0,-18.01,3.01,2.16,8.6,,,
-12.5,-15.51,3.01,2.16,8.6,,,
-10.0,-13.01,3.01,2.16,8.6,,,
-7.5,-10.5,3.0,2.16,8.6,,,
-5.0,-7.99,2.99,2.16,8.6,,,
-2.5,-5.45,2.95,2.16,8.6,,,
0.0,-2.8,2.8,2.16,8.6,,,
-60.0,-63.01,3.01,2.16,9.6,,,
-57.5,-60.51,3.01,2.16,9.6,,,
-55.0,-58.01,3.01,2.16,9.6,,,
-52.5,-55.51,3.01,2.16,9.6,,,
-50.0,-53.01,3.01,2.16,9.6,,,
-47.5,-50.51,3.01,2.16,9.6,,,
-45.0,-48.01,3.01,2.16,9.6,,,
-42.5,-45.51,3.01,2.16,9.6,,,
-40.0,-43.01,3.01,2.16,9.6,,,
-37.5,-40.51,3.01,2.16,9.6,,,
-35.0,-38.01,3.01,2.16,9.6,,,
-32.5,-35.51,3.01,2.16,9.6,,,
-30.0,-33.01,3.01,2.16,9.6,,,
-27.5,-30.51,3.01,2.16,9.6,,,
-25.0,-28.01,3.01,2.16,9.6,,,
-22.5,-25.51,3.01,2.16,9.6,,,
-20.0,-23.01,3.01,2.16,9.6,,,
-17.5,-20.51,3.01,2.16,9.6,,,
-15.0,-18.01,3.01,2.16,9.6,,,
-12.5,-15.51,3.01,2.16,9.6,,,
-10.0,-13.01,3.01,2.16,9.6,,,
-7.5,-10.5,3.0,2.16,9.6,,,
-5.0,-7.99,2.99,2.16,9.6,,,
-2.5,-5.45,2.95,2.16,9.6,,,
0.0,-2.8,2.8,2.16,9.6,,,
-60.0,-63.01,3.01,2.16,10.5,,,
-57.5,-60.51,3.01,2.16,10.5,,,
-55.0,-58.01,3.01,2.16,10.5,,,
-52.5,-55.51,3.01,2.16,10.5,,,
-50.0,-53.01,3.01,2.16,10.5,,,
-47.5,-50.51,3.01,2.16,10.5,,,
-45.0,-48.01,3.01,2.16,10.5,,,
-42.5,-45.51,3.01,2.16,10.5,,,
-40.0,-43.01,3.01,2.16,10.5,,,
-37.5,-40.51,3.01,2.16,10.5,,,
-35.0,-38.01,3.01,2.16,10.5,,,
-32.5,-35.51,3.01,2.16,10.5,,,
-30.0,-33.01,3.01,2.16,10.5,,,
-27.5,-30.51,3.01,2.16,10.5,,,
-25.0,-28.01,3.01,2.16,10.5,,,
-22.5,-25.51,3.01,2.16,10.5,,,
-20.0,-23.01,3.01,2.16,10.5,,,
-17.5,-20.51,3.01,2.16,10.5,,,
-15.0,-18.01,3.01,2.16,10.5,,,
-12.5,-15.51,3.01,2.16,10.5,,,
-10.0,-13.01,3.01,2.16,10.5,,,
-7.5,-10.5,3.0,2.16,10.5,,,
-5.0,-7.99,2.99,2.16,10.5,,,
-2.5,-5.45,2.95,2.16,10.5,,,
0.0,-2.8,2.8,2.16,10.5,,,
-60.0,-63.01,3.01,2.16,11.5,,,
-57.5,-60.51,3.01,2.16,11.5,,,
-55.0,-58.01,3.01,2.16,11.5,,,
-52.5,-55.51,3.01,2.16,11.5,,,
-50.0,-53.01,3.01,2.16,11.5,,,
-47.5,-50.51,3.01,2.16,11.5,,,
-45.0,-48.01,3.01,2.16,11.5,,,
-42.5,-45.51,3.01,2.16,11.5,,,
-40.0,-43.01,3.01,2.16,11.5,,,
-37.5,-40.51,3.01,2.16,11.5,,,
-35.0,-38.01,3.01,2.16,11.5,,,
-32.5,-35.51,3.01,2.16,11.5,,,
-30.0,-33.01,3.01,2.16,11.5,,,
-27.5,-30.51,3.01,2.16,11.5,,,
-25.0,-28.01,3.01,2.16,11.5,,,
-22.5,-25.51,3.01,2.16,11.5,,,
-20.0,-23.01,3.01,2.16,11.5,,,
-17.5,-20.51,3.01,2.16,11.5,,,
-15.0,-18.01,3.01,2.16,11.5,,,
-12.5,-15.51,3.01,2.16,11.5,,,
-10.0,-13.01,3.01,2.16,11.5,,,
-7.5,-10.5,3.0,2.16,11.5,,,
-5.0,-7.99,2.99,2.16,11.5,,,
-2.5,-5.45,2.95,2.16,11.5,,,
0.0,-2.8,2.8,2.16,11.5,,,
-60.0,-63.01,3.01,2.16,12.4,,,
-57.5,-60.51,3.01,2.16,12.4,,,
-55.0,-58.01,3.01,2.16,12.4,,,
-52.5,-55.51,3.01,2.16,12.4,,,
-50.0,-53.01,3.01,2.16,12.4,,,
-47.5,-50.51,3.01,2.16,12.4,,,
-45.0,-48.01,3.01,2.16,12.4,,,
-42.5,-45.51,3.01,2.16,12.4,,,
-40.0,-43.01,3.01,2.16,12.4,,,
-37.5,-40.51,3.01,2.16,12.4,,,
-35.0,-38.01,3.01,2.16,12.4,,,
-32.5,-35.51,3.01,2.16,12.4,,,
-30.0,-33.01,3.01,2.16,12.4,,,
-27.5,-30.51,3.01,2.16,12.4,,,
-25.0,-28.01,3.01,2.16,12.4,,,
-22.5,-25.51,3.01,2.16,12.4,,,
-20.0,-23.01,3.01,2.16,12.4,,,
-17.5,-20.51,3.01,2.16,12.4,,,
-15.0,-18.01,3.01,2.16,12.4,,,
-12.5,-15.51,3.01,2.16,12.4,,,
-10.0,-13.01,3.01,2.16,12.4,,,
-7.5,-10.5,3.0,2.16,12.4,,,
-5.0,-7.99,2.99,2.16,12.4,,,
-2.5,-5.45,2.95,2.16,12.4,,,
0.0,-2.8,2.8,2.16,12.4,,,
-60.0,-63.01,3.01,2.16,13.4,,,
-57.5,-60.51,3.01,2.16,13.4,,,
-55.0,-58.01,3.01,2.16,13.4,,,
-52.5,-55.51,3.01,2.16,13.4,,,
-50.0,-53.01,3.01,2.16,13.4,,,
-47.5,-50.51,3.01,2.16,13.4,,,
-45.0,-48.01,3.01,2.16,13.4,,,
-42.5,-45.51,3.01,2.16,13.4,,,
-40.0,-43.01,3.01,2.16,13.4,,,
-37.5,-40.51,3.01,2.16,13.4,,,
-35.0,-38.01,3.01,2.16,13.4,,,
-32.5,-35.51,3.01,2.16,13.4,,,
-30.0,-33.01,3.01,2.16,13.4,,,
-27.5,-30.51,3.01,2.16,13.4,,,
-25.0,-28.01,3.01,2.16,13.4,,,
-22.5,-25.51,3.01,2.16,13.4,,,
-20.0,-23.01,3.01,2.16,13.4,,,
-17.5,-20.51,3.01,2.16,13.4,,,
-15.0,-18.01,3.01,2.16,13.4,,,
-12.5,-15.51,3.01,2.16,13.4,,,
-10.0,-13.01,3.01,2.16,13.4,,,
-7.5,-10.5,3.0,2.16,13.4,,,
-5.0,-7.99,2.99,2.16,13.4,,,
-2.5,-5.45,2.95,2.16,13.4,,,
0.0,-2.8,2.8,2.16,13.4,,,
-60.0,-63.01,3.01,2.16,14.3,,,
-57.5,-60.51,3.01,2.16,14.3,,,
-55.0,-58.01,3.01,2.16,14.3,,,
-52.5,-55.51,3.01,2.16,14.3,,,
-50.0,-53.01,3.01,2.16,14.3,,,
-47.5,-50.51,3.01,2.16,14.3,,,
-45.0,-48.01,3.01,2.16,14.3,,,
-42.5,-45.51,3.01,2.16,14.3,,,
-40.0,-43.01,3.01,2.16,14.3,,,
-37.5,-40.51,3.01,2.16,14.3,,,
-35.0,-38.01,3.01,2.16,14.3,,,
-32.5,-35.51,3.01,2.16,14.3,,,
-30.0,-33.01,3.01,2.16,14.3,,,
-27.5,-30.51,3.01,2.16,14.3,,,
-25.0,-28.01,3.01,2.16,14.3,,,
-22.5,-25.51,3.01,2.16,14.3,,,
-20.0,-23.01,3.01,2.16,14.3,,,
-17.5,-20.51,3.01,2.16,14.3,,,
-15.0,-18.01,3.01,2.16,14.3,,,
-12.5,-15.51,3.01,2.16,14.3,,,
-10.0,-13.01,3.01,2.16,14.3,,,
-7.5,-10.5,3.0,2.16,14.3,,,
-5.0,-7.99,2.99,2.16,14.3,,,
-2.5,-5.45,2.95,2.16,14.3,,,
0.0,-2.8,2.8,2.16,14.3,,,
-60.0,-63.01,3.01,2.16,15.3,,,
-57.5,-60.51,3.01,2.16,15.3,,,
-55.0,-58.01,3.01,2.16,15.3,,,
-52.5,-55.51,3.01,2.16,15.3,,,
-50.0,-53.01,3.01,2.16,15.3,,,
-47.5,-50.51,3.01,2.16,15.3,,,
-45.0,-48.01,3.01,2.16,15.3,,,
-42.5,-45.51,3.01,2.16,15.3,,,
-40.0,-43.01,3.01,2.16,15.3,,,
-37.5,-40.51,3.01,2.16,15.3,,,
-35.0,-38.01,3.01,2.16,15.3,,,
-32.5,-35.51,3.01,2.16,15.3,,,
-30.0,-33.01,3.01,2.16,15.3,,,
-27.5,-30.51,3.01,2.16,15.3,,,
-25.0,-28.01,3.01,2.16,15.3,,,
-22.5,-25.51,3.01,2.16,15.3,,,
-20.0,-23.01,3.01,2.16,15.3,,,
-17.5,-20.51,3.01,2.16,15.3,,,
-15.0,-18.01,3.01,2.16,15.3,,,
-12.5,-15.51,3.01,2.16,15.3,,,
-10.0,-13.01,3.01,2.16,15.3,,,
-7.5,-10.5,3.0,2.16,15.3,,,
-5.0,-7.99,2.99,2.16,15.3,,,
-2.5,-5.45,2.95,2.16,15.3,,,
0.0,-2.8,2.8,2.16,15.3,,,
-60.0,-63.01,3.01,2.16,16.2,,,
-57.5,-60.51,3.01,2.16,16.2,,,
-55.0,-58.01,3.01,2.16,16.2,,,
-52.5,-55.51,3.01,2.16,16.2,,,
-50.0,-53.01,3.01,2.16,16.2,,,
-47.5,-50.51,3.01,2.16,16.2,,,
-45.0,-48.01,3.01,2.16,16.2,,,
-42.5,-45.51,3.01,2.16,16.2,,,
-40.0,-43.01,3.01,2.16,16.2,,,
-37.5,-40.51,3.01,2.16,16.2,,,
-35.0,-38.01,3.01,2.16,16.2,,,
-32.5,-35.51,3.01,2.16,16.2,,,
-30.0,-33.01,3.01,2.16,16.2,,,
-27.5,-30.51,3.01,2.16,16.2,,,
-25.0,-28.01,3.01,2.16,16.2,,,
-22.5,-25.51,3.01,2.16,16.2,,,
-20.0,-23.01,3.01,2.16,16.2,,,
-17.5,-20.51,3.01,2.16,16.2,,,
-15.0,-18.01,3.01,2.16,16.2,,,
-12.5,-15.51,3.01,2.16,16.2,,,
-10.0,-13.01,3.01,2.16,16.2,,,
-7.5,-10.5,3.0,2.16,16.2,,,
-5.0,-7.99,2.99,2.16,16.2,,,
-2.5,-5.45,2.95,2.16,16.2,,,
0.0,-2.8,2.8,2.16,16.2,,,
-60.0,-63.01,3.01,2.16,17.2,,,
-57.5,-60.51,3.01,2.16,17.2,,,
-55.0,-58.01,3.01,2.16,17.2,,,
-52.5,-55.51,3.01,2.16,17.2,,,
-50.0,-53.01,3.01,2.16,17.2,,,
-47.5,-50.51,3.01,2.16,17.2,,,
-45.0,-48.01,3.01,2.16,17.2,,,
-42.5,-45.51,3.01,2.16,17.2,,,
-40.0,-43.01,3.01,2.16,17.2,,,
-37.5,-40.51,3.01,2.16,17.2,,,
-35.0,-38.01,3.01,2.16,17.2,,,
-32.5,-35.51,3.01,2.16,17.2,,,
-30.0,-33.01,3.01,2.16,17.2,,,
-27.5,-30.51,3.01,2.16,17.2,,,
-25.0,-28.01,3.01,2.16,17.2,,,
-22.5,-25.51,3.01,2.16,17.2,,,
-20.0,-23.01,3.01,2.16,17.2,,,
-17.5,-20.51,3.01,2.16,17.2,,,
-15.0,-18.01,3.01,2.16,17.2,,,
-12.5,-15.51,3.01,2.16,17.2,,,
-10.0,-13.01,3.01,2.16,17.2,,,
-7.5,-10.5,3.0,2.16,17.2,,,
-5.0,-7.99,2.99,2.16,17.2,,,
-2.5,-5.45,2.95,2.16,17.2,,,
0.0,-2.8,2.8,2.16,17.2,,,
-60.0,-63.01,3.01,2.16,18.1,,,
-57.5,-60.51,3.01,2.16,18.1,,,
-55.0,-58.01,3.01,2.16,18.1,,,
-52.5,-55.51,3.01,2.16,18.1,,,
-50.0,-53.01,3.01,2.16,18.1,,,
-47.5,-50.51,3.01,2.16,18.1,,,
-45.0,-48.01,3.01,2.16,18.1,,,
-42.5,-45.51,3.01,2.16,18.1,,,
-40.0,-43.01,3.01,2.16,18.1,,,
-37.5,-40.51,3.01,2.16,18.1,,,
-35.0,-38.01,3.01,2.16,18.1,,,
-32.5,-35.51,3.01,2.16,18.1,,,
-30.0,-33.01,3.01,2.16,18.1,,,
-27.5,-30.51,3.01,2.16,18.1,,,
-25.0,-28.01,3.01,2.16,18.1,,,
-22.5,-25.51,3.01,2.16,18.1,,,
-20.0,-23.01,3.01,2.16,18.1,,,
-17.5,-20.51,3.01,2.16,18.1,,,
-15.0,-18.01,3.01,2.16,18.1,,,
-12.5,-15.51,3.01,2.16,18.1,,,
-10.0,-13.01,3.01,2.16,18.1,,,
-7.5,-10.5,3.0,2.16,18.1,,,
-5.0,-7.99,2.99,2.16,18.1,,,
-2.5,-5.45,2.95,2.16,18.1,,,
0.0,-2.8,2.8,2.16,18.1,,,
-60.0,-63.01,3.01,2.16,19.1,,,
-57.5,-60.51,3.01,2.16,19.1,,,
-55.0,-58.01,3.01,2.16,19.1,,,
-52.5,-55.51,3.01,2.16,19.1,,,
-50.0,-53.01,3.01,2.16,19.1,,,
-47.5,-50.51,3.01,2.16,19.1,,,
-45.0,-48.01,3.01,2.16,19.1,,,
-42.5,-45.51,3.01,2.16,19.1,,,
-40.0,-43.01,3.01,2.16,19.1,,,
-37.5,-40.51,3.01,2.16,19.1,,,
-35.0,-38.01,3.01,2.16,19.1,,,
-32.5,-35.51,3.01,2.16,19.1,,,
-30.0,-33.01,3.01,2.16,19.1,,,
-27.5,-30.51,3.01,2.16,19.1,,,
-25.0,-28.01,3.01,2.16,19.1,,,
-22.5,-25.51,3.01,2.16,19.1,,,
-20.0,-23.01,3.01,2.16,19.1,,,
-17.5,-20.51,3.01,2.16,19.1,,,
-15.0,-18.01,3.01,2.16,19.1,,,
-12.5,-15.51,3.01,2.16,19.1,,,
-10.0,-13.01,3.01,2.16,19.1,,,
-7.5,-10.5,3.0,2.16,19.1,,,
-5.0,-7.99,2.99,2.16,19.1,,,
-2.5,-5.45,2.95,2.16,19.1,,,
0.0,-2.8,2.8,2.16,19.1,,,
-60.0,-63.01,3.01,2.16,20.0,,,
-57.5,-60.51,3.01,2.16,20.0,,,
-55.0,-58.01,3.01,2.16,20.0,,,
-52.5,-55.51,3.01,2.16,20.0,,,
-50.0,-53.01,3.01,2.16,20.0,,,
-47.5,-50.51,3.01,2.16,20.0,,,
-45.0,-48.01,3.01,2.16,20.0,,,
-42.5,-45.51,3.01,2.16,20.0,,,
-40.0,-43.01,3.01,2.16,20.0,,,
-37.5,-40.51,3.01,2.16,20.0,,,
-35.0,-38.01,3.01,2.16,20.0,,,
-32.5,-35.51,3.01,2.16,20.0,,,
-30.0,-33.01,3.01,2.16,20.0,,,
-27.5,-30.51,3.01,2.16,20.0,,,
-25.0,-28.01,3.01,2.16,20.0,,,
-22.5,-25.51,3.01,2.16,20.0,,,
-20.0,-23.01,3.01,2.16,20.0,,,
-17.5,-20.51,3.01,2.16,20.0,,,
-15.0,-18.01,3.01,2.16,20.0,,,
-12.5,-15.51,3.01,2.16,20.0,,,
-10.0,-13.01,3.01,2.16,20.0,,,
-7.5,-10.5,3.0,2.16,20.0,,,
-5.0,-7.99,2.99,2.16,20.0,,,
-2.5,-5.45,2.95,2.16,20.0,,,
0.0,-2.8,2.8,2.16,20.0,,,
-60.0,-63.01,3.01,2.37,2.0,,,
-57.5,-60.51,3.01,2.37,2.0,,,
-55.0,-58.01,3.01,2.37,2.0,,,
-52.5,-55.51,3.01,2.37,2.0,,,
-50.0,-53.01,3.01,2.37,2.0,,,
-47.5,-50.51,3.01,2.37,2.0,,,
-45.0,-48.01,3.01,2.37,2.0,,,
-42.5,-45.51,3.01,2.37,2.0,,,
-40.0,-43.01,3.01,2.37,2.0,,,
-37.5,-40.51,3.01,2.37,2.0,,,
-35.0,-38.01,3.01,2.37,2.0,,,
-32.5,-35.51,3.01,2.37,2.0,,,
-30.0,-33.01,3.01,2.37,2.0,,,
-27.5,-30.51,3.01,2.37,2.0,,,
-25.0,-28.01,3.01,2.37,2.0,,,
-22.5,-25.51,3.01,2.37,2.0,,,
-20.0,-23.01,3.01,2.37,2.0,,,
-17.5,-20.51,3.01,2.37,2.0,,,
-15.0,-18.01,3.01,2.37,2.0,,,
-12.5,-15.51,3.01,2.37,2.0,,,
-10.0,-13.01,3.01,2.37,2.0,,,
-7.5,-10.5,3.0,2.37,2.0,,,
-5.0,-7.99,2.99,2.37,2.0,,,
-2.5,-5.45,2.95,2.37,2.0,,,
0.0,-2.8,2.8,2.37,2.0,,,
-60.0,-63.01,3.01,2.37,3.0,,,
-57.5,-60.51,3.01,2.37,3.0,,,
-55.0,-58.01,3.01,2.37,3.0,,,
-52.5,-55.51,3.01,2.37,3.0,,,
-50.0,-53.01,3.01,2.37,3.0,,,
-47.5,-50.51,3.01,2.37,3.0,,,
-45.0,-48.01,3.01,2.37,3.0,,,
-42.5,-45.51,3.01,2.37,3.0,,,
-40.0,-43.01,3.01,2.37,3.0,,,
-37.5,-40.51,3.01,2.37,3.0,,,
-35.0,-38.01,3.01,2.37,3.0,,,
-32.5,-35.51,3.01,2.37,3.0,,,
-30.0,-33.01,3.01,2.37,3.0,,,
-27.5,-30.51,3.01,2.37,3.0,,,
-25.0,-28.01,3.01,2.37,3.0,,,
-22.5,-25.51,3.01,2.37,3.0,,,
-20.0,-23.01,3.01,2.37,3.0,,,
-17.5,-20.51,3.01,2.37,3.0,,,
-15.0,-18.01,3.01,2.37,3.0,,,
-12.5,-15.51,3.01,2.37,3.0,,,
-10.0,-13.01,3.01,2.37,3.0,,,
-7.5,-10.5,3.0,2.37,3.0,,,
-5.0,-7.99,2.99,2.37,3.0,,,
-2.5,-5.45,2.95,2.37,3.0,,,
0.0,-2.8,2.8,2.37,3.0,,,
-60.0,-63.01,3.01,2.37,3.9,,,
-57.5,-60.51,3.01,2.37,3.9,,,
-55.0,-58.01,3.01,2.37,3.9,,,
-52.5,-55.51,3.01,2.37,3.9,,,
-50.0,-53.01,3.01,2.37,3.9,,,
-47.5,-50.51,3.01,2.37,3.9,,,
-45.0,-48.01,3.01,2.37,3.9,,,
-42.5,-45.51,3.01,2.37,3.9,,,
-40.0,-43.01,3.01,2.37,3.9,,,
-37.5,-40.51,3.01,2.37,3.9,,,
-35.0,-38.01,3.01,2.37,3.9,,,
-32.5,-35.51,3.01,2.37,3.9,,,
-30.0,-33.01,3.01,2.37,3.9,,,
-27.5,-30.51,3.01,2.37,3.9,,,
-25.0,-28.01,3.01,2.37,3.9,,,
-22.5,-25.51,3.01,2.37,3.9,,,
-20.0,-23.01,3.01,2.37,3.9,,,
-17.5,-20.51,3.01,2.37,3.9,,,
-15.0,-18.01,3.01,2.37,3.9,,,
-12.5,-15.51,3.01,2.37,3.9,,,
-10.0,-13.01,3.01,2.37,3.9,,,
-7.5,-10.5,3.0,2.37,3.9,,,
-5.0,-7.99,2.99,2.37,3.9,,,
-2.5,-5.45,2.95,2.37,3.9,,,
0.0,-2.8,2.8,2.37,3.9,,,
-60.0,-63.01,3.01,2.37,4.8,,,
-57.5,-60.51,3.01,2.37,4.8,,,
-55.0,-58.01,3.01,2.37,4.8,,,
-52.5,-55.51,3.01,2.37,4.8,,,
-50.0,-53.01,3.01,2.37,4.8,,,
-47.5,-50.51,3.01,2.37,4.8,,,
-45.0,-48.01,3.01,2.37,4.8,,,
-42.5,-45.51,3.01,2.37,4.8,,,
-40.0,-43.01,3.01,2.37,4.8,,,
-37.5,-40.51,3.01,2.37,4.8,,,
-35.0,-38.01,3.01,2.37,4.8,,,
-32.5,-35.51,3.01,2.37,4.8,,,
-30.0,-33.01,3.01,2.37,4.8,,,
-27.5,-30.51,3.01,2.37,4.8,,,
-25.0,-28.01,3.01,2.37,4.8,,,
-22.5,-25.51,3.01,2.37,4.8,,,
-20.0,-23.01,3.01,2.37,4.8,,,
-17.5,-20.51,3.01,2.37,4.8,,,
-15.0,-18.01,3.01,2.37,4.8,,,
-12.5,-15.51,3.01,2.37,4.8,,,
-10.0,-13.01,3.01,2.37,4.8,,,
-7.5,-10.5,3.0,2.37,4.8,,,
-5.0,-7.99,2.99,2.37,4.8,,,
-2.5,-5.45,2.95,2.37,4.8,,,
0.0,-2.8,2.8,2.37,4.8,,,
-60.0,-63.01,3.01,2.37,5.8,,,
-57.5,-60.51,3.01,2.37,5.8,,,
-55.0,-58.01,3.01,2.37,5.8,,,
-52.5,-55.51,3.01,2.37,5.8,,,
-50.0,-53.01,3.01,2.37,5.8,,,
-47.5,-50.51,3.01,2.37,5.8,,,
-45.0,-48.01,3.01,2.37,5.8,,,
-42.5,-45.51,3.01,2.37,5.8,,,
-40.0,-43.01,3.01,2.37,5.8,,,
-37.5,-40.51,3.01,2.37,5.8,,,
-35.0,-38.01,3.01,2.37,5.8,,,
-32.5,-35.51,3.01,2.37,5.8,,,
-30.0,-33.01,3.01,2.37,5.8,,,
-27.5,-30.51,3.01,2.37,5.8,,,
-25.0,-28.01,3.01,2.37,5.8,,,
-22.5,-25.51,3.01,2.37,5.8,,,
-20.0,-23.01,3.01,2.37,5.8,,,
-17.5,-20.51,3.01,2.37,5.8,,,
-15.0,-18.01,3.01,2.37,5.8,,,
-12.5,-15.51,3.01,2.37,5.8,,,
-10.0,-13.01,3.01,2.37,5.8,,,
-7.5,-10.5,3.0,2.37,5.8,,,
-5.0,-7.99,2.99,2.37,5.8,,,
-2.5,-5.45,2.95,2.37,5.8,,,
0.0,-2.8,2.8,2.37,5.8,,,
-60.0,-63.01,3.01,2.37,6.7,,,
-57.5,-60.51,3.01,2.37,6.7,,,
-55.0,-58.01,3.01,2.37,6.7,,,
-52.5,-55.51,3.01,2.37,6.7,,,
-50.0,-53.01,3.01,2.37,6.7,,,
-47.5,-50.51,3.01,2.37,6.7,,,
-45.0,-48.01,3.01,2.37,6.7,,,
-42.5,-45.51,3.01,2.37,6.7,,,
-40.0,-43.01,3.01,2.37,6.7,,,
-37.5,-40.51,3.01,2.37,6.7,,,
-35.0,-38.01,3.01,2.37,6.7,,,
-32.5,-35.51,3.01,2.37,6.7,,,
-30.0,-33.01,3.01,2.37,6.7,,,
-27.5,-30.51,3.01,2.37,6.7,,,
-25.0,-28.01,3.01,2.37,6.7,,,
-22.5,-25.51,3.01,2.37,6.7,,,
-20.0,-23.01,3.01,2.37,6.7,,,
-17.5,-20.51,3.01,2.37,6.7,,,
-15.0,-18.01,3.01,2.37,6.7,,,
-12.5,-15.51,3.01,2.37,6.7,,,
-10.0,-13.01,3.01,2.37,6.7,,,
-7.5,-10.5,3.0,2.37,6.7,,,
-5.0,-7.99,2.99,2.37,6.7,,,
-2.5,-5.45,2.95,2.37,6.7,,,
0.0,-2.8,2.8,2.37,6.7,,,
-60.0,-63.01,3.01,2.37,7.7,,,
-57.5,-60.51,3.01,2.37,7.7,,,
-55.0,-58.01,3.01,2.37,7.7,,,
-52.5,-55.51,3.01,2.37,7.7,,,
-50.0,-53.01,3.01,2.37,7.7,,,
-47.5,-50.51,3.01,2.37,7.7,,,
-45.0,-48.01,3.01,2.37,7.7,,,
-42.5,-45.51,3.01,2.37,7.7,,,
-40.0,-43.01,3.01,2.37,7.7,,,
-37.5,-40.51,3.01,2.37,7.7,,,
-35.0,-38.01,3.01,2.37,7.7,,,
-32.5,-35.51,3.01,2.37,7.7,,,
-30.0,-33.01,3.01,2.37,7.7,,,
-27.5,-30.51,3.01,2.37,7.7,,,
-25.0,-28.01,3.01,2.37,7.7,,,
-22.5,-25.51,3.01,2.37,7.7,,,
-20.0,-23.01,3.01,2.37,7.7,,,
-17.5,-20.51,3.01,2.37,7.7,,,
-15.0,-18.01,3.01,2.37,7.7,,,
-12.5,-15.51,3.01,2.37,7.7,,,
-10.0,-13.01,3.01,2.37,7.7,,,
-7.5,-10.5,3.0,2.37,7.7,,,
-5.0,-7.99,2.99,2.37,7.7,,,
-2.5,-5.45,2.95,2.37,7.7,,,
0.0,-2.8,2.8,2.37,7.7,,,
-60.0,-63.01,3.01,2.37,8.6,,,
-57.5,-60.51,3.01,2.37,8.6,,,
-55.0,-58.01,3.01,2.37,8.6,,,
-52.5,-55.51,3.01,2.37,8.6,,,
-50.0,-53.01,3.01,2.37,8.6,,,
-47.5,-50.51,3.01,2.37,8.6,,,
-45.0,-48.01,3.01,2.37,8.6,,,
-42.5,-45.51,3.01,2.37,8.6,,,
-40.0,-43.01,3.01,2.37,8.6,,,
-37.5,-40.51,3.01,2.37,8.6,,,
-35.0,-38.01,3.01,2.37,8.6,,,
-32.5,-35.51,3.01,2.37,8.6,,,
-30.0,-33.01,3.01,2.37,8.6,,,
-27.5,-30.51,3.01,2.37,8.6,,,
-25.0,-28.01,3.01,2.37,8.6,,,
-22.5,-25.51,3.01,2.37,8.6,,,
-20.0,-23.01,3.01,2.37,8.6,,,
-17.5,-20.51,3.01,2.37,8.6,,,
-15.0,-18.01,3.01,2.37,8.6,,,
-12.5,-15.51,3.01,2.37,8.6,,,
-10.0,-13.01,3.01,2.37,8.6,,,
-7.5,-10.5,3.0,2.37,8.6,,,
-5.0,-7.99,2.99,2.37,8.6,,,
-2.5,-5.45,2.95,2.37,8.6,,,
0.0,-2.8,2.8,2.37,8.6,,,
-60.0,-63.01,3.01,2.37,9.6,,,
-57.5,-60.51,3.01,2.37,9.6,,,
-55.0,-58.01,3.01,2.37,9.6,,,
-52.5,-55.51,3.01,2.37,9.6,,,
-50.0,-53.01,3.01,2.37,9.6,,,
-47.5,-50.51,3.01,2.37,9.6,,,
-45.0,-48.01,3.01,2.37,9.6,,,
-42.5,-45.51,3.01,2.37,9.6,,,
-40.0,-43.01,3.01,2.37,9.6,,,
-37.5,-40.51,3.01,2.37,9.6,,,
-35.0,-38.01,3.01,2.37,9.6,,,
-32.5,-35.51,3.01,2.37,9.6,,,
-30.0,-33.01,3.01,2.37,9.6,,,
-27.5,-30.51,3.01,2.37,9.6,,,
-25.0,-28.01,3.01,2.37,9.6,,,
-22.5,-25.51,3.01,2.37,9.6,,,
-20.0,-23.01,3.01,2.37,9.6,,,
-17.5,-20.51,3.01,2.37,9.6,,,
-15.0,-18.01,3.01,2.37,9.6,,,
-12.5,-15.51,3.01,2.37,9.6,,,
-10.0,-13.01,3.01,2.37,9.6,,,
-7.5,-10.5,3.0,2.37,9.6,,,
-5.0,-7.99,2.99,2.37,9.6,,,
-2.5,-5.45,2.95,2.37,9.6,,,
0.0,-2.8,2.8,2.37,9.6,,,
-60.0,-63.01,3.01,2.37,10.5,,,
-57.5,-60.51,3.01,2.37,10.5,,,
-55.0,-58.01,3.01,2.37,10.5,,,
-52.5,-55.51,3.01,2.37,10.5,,,
-50.0,-53.01,3.01,2.37,10.5,,,
-47.5,-50.51,3.01,2.37,10.5,,,
-45.0,-48.01,3.01,2.37,10.5,,,
-42.5,-45.51,3.01,2.37,10.5,,,
-40.0,-43.01,3.01,2.37,10.5,,,
-37.5,-40.51,3.01,2.37,10.5,,,
-35.0,-38.01,3.01,2.37,10.5,,,
-32.5,-35.51,3.01,2.37,10.5,,,
-30.0,-33.01,3.01,2.37,10.5,,,
-27.5,-30.51,3.01,2.37,10.5,,,
-25.0,-28.01,3.01,2.37,10.5,,,
-22.5,-25.51,3.01,2.37,10.5,,,
-20.0,-23.01,3.01,2.37,10.5,,,
-17.5,-20.51,3.01,2.37,10.5,,,
-15.0,-18.01,3.01,2.37,10.5,,,
-12.5,-15.51,3.01,2.37,10.5,,,
-10.0,-13.01,3.01,2.37,10.5,,,
-7.5,-10.5,3.0,2.37,10.5,,,
-5.0,-7.99,2.99,2.37,10.5,,,
-2.5,-5.45,2.95,2.37,10.5,,,
0.0,-2.8,2.8,2.37,10.5,,,
-60.0,-63.01,3.01,2.37,11.5,,,
-57.5,-60.51,3.01,2.37,11.5,,,
-55.0,-58.01,3.01,2.37,11.5,,,
-52.5,-55.51,3.01,2.37,11.5,,,
-50.0,-53.01,3.01,2.37,11.5,,,
-47.5,-50.51,3.01,2.37,11.5,,,
-45.0,-48.01,3.01,2.37,11.5,,,
-42.5,-45.51,3.01,2.37,11.5,,,
-40.0,-43.01,3.01,2.37,11.5,,,
-37.5,-40.51,3.01,2.37,11.5,,,
-35.0,-38.01,3.01,2.37,11.5,,,
-32.5,-35.51,3.01,2.37,11.5,,,
-30.0,-33.01,3.01,2.37,11.5,,,
-27.5,-30.51,3.01,2.37,11.5,,,
-25.0,-28.01,3.01,2.37,11.5,,,
-22.5,-25.51,3.01,2.37,11.5,,,
-20.0,-23.01,3.01,2.37,11.5,,,
-17.5,-20.51,3.01,2.37,11.5,,,
-15.0,-18.01,3.01,2.37,11.5,,,
-12.5,-15.51,3.01,2.37,11.5,,,
-10.0,-13.01,3.01,2.37,11.5,,,
-7.5,-10.5,3.0,2.37,11.5,,,
-5.0,-7.99,2.99,2.37,11.5,,,
-2.5,-5.45,2.95,2.37,11.5,,,
0.0,-2.8,2.8,2.37,11.5,,,
-60.0,-63.01,3.01,2.37,12.4,,,
-57.5,-60.51,3.01,2.37,12.4,,,
-55.0,-58.01,3.01,2.37,12.4,,,
-52.5,-55.51,3.01,2.37,12.4,,,
-50.0,-53.01,3.01,2.37,12.4,,,
-47.5,-50.51,3.01,2.37,12.4,,,
-45.0,-48.01,3.01,2.37,12.4,,,
-42.5,-45.51,3.01,2.37,12.4,,,
-40.0,-43.01,3.01,2.37,12.4,,,
-37.5,-40.51,3.01,2.37,12.4,,,
-35.0,-38.01,3.01,2.37,12.4,,,
-32.5,-35.51,3.01,2.37,12.4,,,
-30.0,-33.01,3.01,2.37,12.4,,,
-27.5,-30.51,3.01,2.37,12.4,,,
-25.0,-28.01,3.01,2.37,12.4,,,
-22.5,-25.51,3.01,2.37,12.4,,,
-20.0,-23.01,3.01,2.37,12.4,,,
-17.5,-20.51,3.01,2.37,12.4,,,
-15.0,-18.01,3.01,2.37,12.4,,,
-12.5,-15.51,3.01,2.37,12.4,,,
-10.0,-13.01,3.01,2.37,12.4,,,
-7.5,-10.5,3.0,2.37,12.4,,,
-5.0,-7.99,2.99,2.37,12.4,,,
-2.5,-5.45,2.95,2.37,12.4,,,
0.0,-2.8,2.8,2.37,12.4,,,
-60.0,-63.01,3.01,2.37,13.4,,,
-57.5,-60.51,3.01,2.37,13.4,,,
-55.0,-58.01,3.01,2.37,13.4,,,
-52.5,-55.51,3.01,2.37,13.4,,,
-50.0,-53.01,3.01,2.37,13.4,,,
-47.5,-50.51,3.01,2.37,13.4,,,
-45.0,-48.01,3.01,2.37,13.4,,,
-42.5,-45.51,3.01,2.37,13.4,,,
-40.0,-43.01,3.01,2.37,13.4,,,
-37.5,-40.51,3.01,2.37,13.4,,,
-35.0,-38.01,3.01,2.37,13.4,,,
-32.5,-35.51,3.01,2.37,13.4,,,
-30.0,-33.01,3.01,2.37,13.4,,,
-27.5,-30.51,3.01,2.37,13.4,,,
-25.0,-28.01,3.01,2.37,13.4,,,
-22.5,-25.51,3.01,2.37,13.4,,,
-20.0,-23.01,3.01,2.37,13.4,,,
-17.5,-20.51,3.01,2.37,13.4,,,
-15.0,-18.01,3.01,2.37,13.4,,,
-12.5,-15.51,3.01,2.37,13.4,,,
-10.0,-13.01,3.01,2.37,13.4,,,
-7.5,-10.5,3.0,2.37,13.4,,,
-5.0,-7.99,2.99,2.37,13.4,,,
-2.5,-5.45,2.95,2.37,13.4,,,
0.0,-2.8,2.8,2.37,13.4,,,
-60.0,-63.01,3.01,2.37,14.3,,,
-57.5,-60.51,3.01,2.37,14.3,,,
-55.0,-58.01,3.01,2.37,14.3,,,
-52.5,-55.51,3.01,2.37,14.3,,,
-50.0,-53.01,3.01,2.37,14.3,,,
-47.5,-50.51,3.01,2.37,14.3,,,
-45.0,-48.01,3.01,2.37,14.3,,,
-42.5,-45.51,3.01,2.37,14.3,,,
-40.0,-43.01,3.01,2.37,14.3,,,
-37.5,-40.51,3.01,2.37,14.3,,,
-35.0,-38.01,3.01,2.37,14.3,,,
-32.5,-35.51,3.01,2.37,14.3,,,
-30.0,-33.01,3.01,2.37,14.3,,,
-27.5,-30.51,3.01,2.37,14.3,,,
-25.0,-28.01,3.01,2.37,14.3,,,
-22.5,-25.51,3.01,2.37,14.3,,,
-20.0,-23.01,3.01,2.37,14.3,,,
-17.5,-20.51,3.01,2.37,14.3,,,
-15.0,-18.01,3.01,2.37,14.3,,,
-12.5,-15.51,3.01,2.37,14.3,,,
-10.0,-13.01,3.01,2.37,14.3,,,
-7.5,-10.5,3.0,2.37,14.3,,,
-5.0,-7.99,2.99,2.37,14.3,,,
-2.5,-5.45,2.95,2.37,14.3,,,
0.0,-2.8,2.8,2.37,14.3,,,
-60.0,-63.01,3.01,2.37,15.3,,,
-57.5,-60.51,3.01,2.37,15.3,,,
-55.0,-58.01,3.01,2.37,15.3,,,
-52.5,-55.51,3.01,2.37,15.3,,,
-50.0,-53.01,3.01,2.37,15.3,,,
-47.5,-50.51,3.01,2.37,15.3,,,
-45.0,-48.01,3.01,2.37,15.3,,,
-42.5,-45.51,3.01,2.37,15.3,,,
-40.0,-43.01,3.01,2.37,15.3,,,
-37.5,-40.51,3.01,2.37,15.3,,,
-35.0,-38.01,3.01,2.37,15.3,,,
-32.5,-35.51,3.01,2.37,15.3,,,
-30.0,-33.01,3.01,2.37,15.3,,,
-27.5,-30.51,3.01,2.37,15.3,,,
-25.0,-28.01,3.01,2.37,15.3,,,
-22.5,-25.51,3.01,2.37,15.3,,,
-20.0,-23.01,3.01,2.37,15.3,,,
-17.5,-20.51,3.01,2.37,15.3,,,
-15.0,-18.01,3.01,2.37,15.3,,,
-12.5,-15.51,3.01,2.37,15.3,,,
-10.0,-13.01,3.01,2.37,15.3,,,
-7.5,-10.5,3.0,2.37,15.3,,,
-5.0,-7.99,2.99,2.37,15.3,,,
-2.5,-5.45,2.95,2.37,15.3,,,
0.0,-2.8,2.8,2.37,15.3,,,
-60.0,-63.01,3.01,2.37,16.2,,,
-57.5,-60.51,3.01,2.37,16.2,,,
-55.0,-58.01,3.01,2.37,16.2,,,
-52.5,-55.51,3.01,2.37,16.2,,,
-50.0,-53.01,3.01,2.37,16.2,,,
-47.5,-50.51,3.01,2.37,16.2,,,
-45.0,-48.01,3.01,2.37,16.2,,,
-42.5,-45.51,3.01,2.37,16.2,,,
-40.0,-43.01,3.01,2.37,16.2,,,
-37.5,-40.51,3.01,2.37,16.2,,,
-35.0,-38.01,3.01,2.37,16.2,,,
-32.5,-35.51,3.01,2.37,16.2,,,
-30.0,-33.01,3.01,2.37,16.2,,,
-27.5,-30.51,3.01,2.37,16.2,,,
-25.0,-28.01,3.01,2.37,16.2,,,
-22.5,-25.51,3.01,2.37,16.2,,,
-20.0,-23.01,3.01,2.37,16.2,,,
-17.5,-20.51,3.01,2.37,16.2,,,
-15.0,-18.01,3.01,2.37,16.2,,,
-12.5,-15.51,3.01,2.37,16.2,,,
-10.0,-13.01,3.01,2.37,16.2,,,
-7.5,-10.5,3.0,2.37,16.2,,,
-5.0,-7.99,2.99,2.37,16.2,,,
-2.5,-5.45,2.95,2.37,16.2,,,
0.0,-2.8,2.8,2.37,16.2,,,
-60.0,-63.01,3.01,2.37,17.2,,,
-57.5,-60.51,3.01,2.37,17.2,,,
-55.0,-58.01,3.01,2.37,17.2,,,
-52.5,-55.51,3.01,2.37,17.2,,,
-50.0,-53.01,3.01,2.37,17.2,,,
-47.5,-50.51,3.01,2.37,17.2,,,
-45.0,-48.01,3.01,2.37,17.2,,,
-42.5,-45.51,3.01,2.37,17.2,,,
-40.0,-43.01,3.01,2.37,17.2,,,
-37.5,-40.51,3.01,2.37,17.2,,,
-35.0,-38.01,3.01,2.37,17.2,,,
-32.5,-35.51,3.01,2.37,17.2,,,
-30.0,-33.01,3.01,2.37,17.2,,,
-27.5,-30.51,3.01,2.37,17.2,,,
-25.0,-28.01,3.01,2.37,17.2,,,
-22.5,-25.51,3.01,2.37,17.2,,,
-20.0,-23.01,3.01,2.37,17.2,,,
-17.5,-20.51,3.01,2.37,17.2,,,
-15.0,-18.01,3.01,2.37,17.2,,,
-12.5,-15.51,3.01,2.37,17.2,,,
-10.0,-13.01,3.01,2.37,17.2,,,
-7.5,-10.5,3.0,2.37,17.2,,,
-5.0,-7.99,2.99,2.37,17.2,,,
-2.5,-5.45,2.95,2.37,17.2,,,
0.0,-2.8,2.8,2.37,17.2,,,
-60.0,-63.01,3.01,2.37,18.1,,,
-57.5,-60.51,3.01,2.37,18.1,,,
-55.0,-58.01,3.01,2.37,18.1,,,
-52.5,-55.51,3.01,2.37,18.1,,,
-50.0,-53.01,3.01,2.37,18.1,,,
-47.5,-50.51,3.01,2.37,18.1,,,
-45.0,-48.01,3.01,2.37,18.1,,,
-42.5,-45.51,3.01,2.37,18.1,,,
-40.0,-43.01,3.01,2.37,18.1,,,
-37.5,-40.51,3.01,2.37,18.1,,,
-35.0,-38.01,3.01,2.37,18.1,,,
-32.5,-35.51,3.01,2.37,18.1,,,
-30.0,-33.01,3.01,2.37,18.1,,,
-27.5,-30.51,3.01,2.37,18.1,,,
-25.0,-28.01,3.01,2.37,18.1,,,
-22.5,-25.51,3.01,2.37,18.1,,,
-20.0,-23.01,3.01,2.37,18.1,,,
-17.5,-20.51,3.01,2.37,18.1,,,
-15.0,-18.01,3.01,2.37,18.1,,,
-12.5,-15.51,3.01,2.37,18.1,,,
-10.0,-13.01,3.01,2.37,18.1,,,
-7.5,-10.5,3.0,2.37,18.1,,,
-5.0,-7.99,2.99,2.37,18.1,,,
-2.5,-5.45,2.95,2.37,18.1,,,
0.0,-2.8,2.8,2.37,18.1,,,
-60.0,-63.01,3.01,2.37,19.1,,,
-57.5,-60.51,3.01,2.37,19.1,,,
-55.0,-58.01,3.01,2.37,19.1,,,
-52.5,-55.51,3.01,2.37,19.1,,,
-50.0,-53.01,3.01,2.37,19.1,,,
-47.5,-50.51,3.01,2.37,19.1,,,
-45.0,-48.01,3.01,2.37,19.1,,,
-42.5,-45.51,3.01,2.37,19.1,,,
-40.0,-43.01,3.01,2.37,19.1,,,
-37.5,-40.51,3.01,2.37,19.1,,,
-35.0,-38.01,3.01,2.37,19.1,,,
-32.5,-35.51,3.01,2.37,19.1,,,
-30.0,-33.01,3.01,2.37,19.1,,,
-27.5,-30.51,3.01,2.37,19.1,,,
-25.0,-28.01,3.01,2.37,19.1,,,
-22.5,-25.51,3.01,2.37,19.1,,,
-20.0,-23.01,3.01,2.37,19.1,,,
-17.5,-20.51,3.01,2.37,19.1,,,
-15.0,-18.01,3.01,2.37,19.1,,,
-12.5,-15.51,3.01,2.37,19.1,,,
-10.0,-13.01,3.01,2.37,19.1,,,
-7.5,-10.5,3.0,2.37,19.1,,,
-5.0,-7.99,2.99,2.37,19.1,,,
-2.5,-5.45,2.95,2.37,19.1,,,
0.0,-2.8,2.8,2.37,19.1,,,
-60.0,-63.01,3.01,2.37,20.0,,,
-57.5,-60.51,3.01,2.37,20.0,,,
-55.0,-58.01,3.01,2.37,20.0,,,
-52.5,-55.51,3.01,2.37,20.0,,,
-50.0,-53.01,3.01,2.37,20.0,,,
-47.5,-50.51,3.01,2.37,20.0,,,
-45.0,-48.01,3.01,2.37,20.0,,,
-42.5,-45.51,3.01,2.37,20.0,,,
-40.0,-43.01,3.01,2.37,20.0,,,
-37.5,-40.51,3.01,2.37,20.0,,,
-35.0,-38.01,3.01,2.37,20.0,,,
-32.5,-35.51,3.01,2.37,20.0,,,
-30.0,-33.01,3.01,2.37,20.0,,,
-27.5,-30.51,3.01,2.37,20.0,,,
-25.0,-28.01,3.01,2.37,20.0,,,
-22.5,-25.51,3.01,2.37,20.0,,,
-20.0,-23.01,3.01,2.37,20.0,,,
-17.5,-20.51,3.01,2.37,20.0,,,
-15.0,-18.01,3.01,2.37,20.0,,,
-12.5,-15.51,3.01,2.37,20.0,,,
-10.0,-13.01,3.01,2.37,20.0,,,
-7.5,-10.5,3.0,2.37,20.0,,,
-5.0,-7.99,2.99,2.37,20.0,,,
-2.5,-5.45,2.95,2.37,20.0,,,
0.0,-2.8,2.8,2.37,20.0,,,
-60.0,-63.01,3.01,2.58,2.0,,,
-57.5,-60.51,3.01,2.58,2.0,,,
-55.0,-58.01,3.01,2.58,2.0,,,
-52.5,-55.51,3.01,2.58,2.0,,,
-50.0,-53.01,3.01,2.58,2.0,,,
-47.5,-50.51,3.01,2.58,2.0,,,
-45.0,-48.01,3.01,2.58,2.0,,,
-42.5,-45.51,3.01,2.58,2.0,,,
-40.0,-43.01,3.01,2.58,2.0,,,
-37.5,-40.51,3.01,2.58,2.0,,,
-35.0,-38.01,3.01,2.58,2.0,,,
-32.5,-35.51,3.01,2.58,2.0,,,
-30.0,-33.01,3.01,2.58,2.0,,,
-27.5,-30.51,3.01,2.58,2.0,,,
-25.0,-28.01,3.01,2.58,2.0,,,
-22.5,-25.51,3.01,2.58,2.0,,,
-20.0,-23.01,3.01,2.58,2.0,,,
-17.5,-20.51,3.01,2.58,2.0,,,
-15.0,-18.01,3.01,2.58,2.0,,,
-12.5,-15.51,3.01,2.58,2.0,,,
-10.0,-13.01,3.01,2.58,2.0,,,
-7.5,-10.5,3.0,2.58,2.0,,,
-5.0,-7.99,2.99,2.58,2.0,,,
-2.5,-5.45,2.95,2.58,2.0,,,
0.0,-2.8,2.8,2.58,2.0,,,
-60.0,-63.01,3.01,2.58,3.0,,,
-57.5,-60.51,3.01,2.58,3.0,,,
-55.0,-58.01,3.01,2.58,3.0,,,
-52.5,-55.51,3.01,2.58,3.0,,,
-50.0,-53.01,3.01,2.58,3.0,,,
-47.5,-50.51,3.01,2.58,3.0,,,
-45.0,-48.01,3.01,2.58,3.0,,,
-42.5,-45.51,3.01,2.58,3.0,,,
-40.0,-43.01,3.01,2.58,3.0,,,
-37.5,-40.51,3.01,2.58,3.0,,,
-35.0,-38.01,3.01,2.58,3.0,,,
-32.5,-35.51,3.01,2.58,3.0,,,
-30.0,-33.01,3.01,2.58,3.0,,,
-27.5,-30.51,3.01,2.58,3.0,,,
-25.0,-28.01,3.01,2.58,3.0,,,
-22.5,-25.51,3.01,2.58,3.0,,,
-20.0,-23.01,3.01,2.58,3.0,,,
-17.5,-20.51,3.01,2.58,3.0,,,
-15.0,-18.01,3.01,2.58,3.0,,,
-12.5,-15.51,3.01,2.58,3.0,,,
-10.0,-13.01,3.01,2.58,3.0,,,
-7.5,-10.5,3.0,2.58,3.0,,,
-5.0,-7.99,2.99,2.58,3.0,,,
-2.5,-5.45,2.95,2.58,3.0,,,
0.0,-2.8,2.8,2.58,3.0,,,
-60.0,-63.01,3.01,2.58,3.9,,,
-57.5,-60.51,3.01,2.58,3.9,,,
-55.0,-58.01,3.01,2.58,3.9,,,
-52.5,-55.51,3.01,2.58,3.9,,,
-50.0,-53.01,3.01,2.58,3.9,,,
-47.5,-50.51,3.01,2.58,3.9,,,
-45.0,-48.01,3.01,2.58,3.9,,,
-42.5,-45.51,3.01,2.58,3.9,,,
-40.0,-43.01,3.01,2.58,3.9,,,
-37.5,-40.51,3.01,2.58,3.9,,,
-35.0,-38.01,3.01,2.58,3.9,,,
-32.5,-35.51,3.01,2.58,3.9,,,
-30.0,-33.01,3.01,2.58,3.9,,,
-27.5,-30.51,3.01,2.58,3.9,,,
-25.0,-28.01,3.01,2.58,3.9,,,
-22.5,-25.51,3.01,2.58,3.9,,,
-20.0,-23.01,3.01,2.58,3.9,,,
-17.5,-20.51,3.01,2.58,3.9,,,
-15.0,-18.01,3.01,2.58,3.9,,,
-12.5,-15.51,3.01,2.58,3.9,,,
-10.0,-13.01,3.01,2.58,3.9,,,
-7.5,-10.5,3.0,2.58,3.9,,,
-5.0,-7.99,2.99,2.58,3.9,,,
-2.5,-5.45,2.95,2.58,3.9,,,
0.0,-2.8,2.8,2.58,3.9,,,
-60.0,-63.01,3.01,2.58,4.8,,,
-57.5,-60.51,3.01,2.58,4.8,,,
-55.0,-58.01,3.01,2.58,4.8,,,
-52.5,-55.51,3.01,2.58,4.8,,,
-50.0,-53.01,3.01,2.58,4.8,,,
-47.5,-50.51,3.01,2.58,4.8,,,
-45.0,-48.01,3.01,2.58,4.8,,,
-42.5,-45.51,3.01,2.58,4.8,,,
-40.0,-43.01,3.01,2.58,4.8,,,
-37.5,-40.51,3.01,2.58,4.8,,,
-35.0,-38.01,3.01,2.58,4.8,,,
-32.5,-35.51,3.01,2.58,4.8,,,
-30.0,-33.01,3.01,2.58,4.8,,,
-27.5,-30.51,3.01,2.58,4.8,,,
-25.0,-28.01,3.01,2.58,4.8,,,
-22.5,-25.51,3.01,2.58,4.8,,,
-20.0,-23.01,3.01,2.58,4.8,,,
-17.5,-20.51,3.01,2.58,4.8,,,
-15.0,-18.01,3.01,2.58,4.8,,,
-12.5,-15.51,3.01,2.58,4.8,,,
-10.0,-13.01,3.01,2.58,4.8,,,
-7.5,-10.5,3.0,2.58,4.8,,,
-5.0,-7.99,2.99,2.58,4.8,,,
-2.5,-5.45,2.95,2.58,4.8,,,
0.0,-2.8,2.8,2.58,4.8,,,
-60.0,-63.01,3.01,2.58,5.8,,,
-57.5,-60.51,3.01,2.58,5.8,,,
-55.0,-58.01,3.01,2.58,5.8,,,
-52.5,-55.51,3.01,2.58,5.8,,,
-50.0,-53.01,3.01,2.58,5.8,,,
-47.5,-50.51,3.01,2.58,5.8,,,
-45.0,-48.01,3.01,2.58,5.8,,,
-42.5,-45.51,3.01,2.58,5.8,,,
-40.0,-43.01,3.01,2.58,5.8,,,
-37.5,-40.51,3.01,2.58,5.8,,,
-35.0,-38.01,3.01,2.58,5.8,,,
-32.5,-35.51,3.01,2.58,5.8,,,
-30.0,-33.01,3.01,2.58,5.8,,,
-27.5,-30.51,3.01,2.58,5.8,,,
-25.0,-28.01,3.01,2.58,5.8,,,
-22.5,-25.51,3.01,2.58,5.8,,,
-20.0,-23.01,3.01,2.58,5.8,,,
-17.5,-20.51,3.01,2.58,5.8,,,
-15.0,-18.01,3.01,2.58,5.8,,,
-12.5,-15.51,3.01,2.58,5.8,,,
-10.0,-13.01,3.01,2.58,5.8,,,
-7.5,-10.5,3.0,2.58,5.8,,,
-5.0,-7.99,2.99,2.58,5.8,,,
-2.5,-5.45,2.95,2.58,5.8,,,
0.0,-2.8,2.8,2.58,5.8,,,
-60.0,-63.01,3.01,2.58,6.7,,,
-57.5,-60.51,3.01,2.58,6.7,,,
-55.0,-58.01,3.01,2.58,6.7,,,
-52.5,-55.51,3.01,2.58,6.7,,,
-50.0,-53.01,3.01,2.58,6.7,,,
-47.5,-50.51,3.01,2.58,6.7,,,
-45.0,-48.01,3.01,2.58,6.7,,,
-42.5,-45.51,3.01,2.58,6.7,,,
-40.0,-43.01,3.01,2.58,6.7,,,
-37.5,-40.51,3.01,2.58,6.7,,,
-35.0,-38.01,3.01,2.58,6.7,,,
-32.5,-35.51,3.01,2.58,6.7,,,
-30.0,-33.01,3.01,2.58,6.7,,,
-27.5,-30.51,3.01,2.58,6.7,,,
-25.0,-28.01,3.01,2.58,6.7,,,
-22.5,-25.51,3.01,2.58,6.7,,,
-20.0,-23.01,3.01,2.58,6.7,,,
-17.5,-20.51,3.01,2.58,6.7,,,
-15.0,-18.01,3.01,2.58,6.7,,,
-12.5,-15.51,3.01,2.58,6.7,,,
-10.0,-13.01,3.01,2.58,6.7,,,
-7.5,-10.5,3.0,2.58,6.7,,,
-5.0,-7.99,2.99,2.58,6.7,,,
-2.5,-5.45,2.95,2.58,6.7,,,
0.0,-2.8,2.8,2.58,6.7,,,
-60.0,-63.01,3.01,2.58,7.7,,,
-57.5,-60.51,3.01,2.58,7.7,,,
-55.0,-58.01,3.01,2.58,7.7,,,
-52.5,-55.51,3.01,2.58,7.7,,,
-50.0,-53.01,3.01,2.58,7.7,,,
-47.5,-50.51,3.01,2.58,7.7,,,
-45.0,-48.01,3.01,2.58,7.7,,,
-42.5,-45.51,3.01,2.58,7.7,,,
-40.0,-43.01,3.01,2.58,7.7,,,
-37.5,-40.51,3.01,2.58,7.7,,,
-35.0,-38.01,3.01,2.58,7.7,,,
-32.5,-35.51,3.01,2.58,7.7,,,
-30.0,-33.01,3.01,2.58,7.7,,,
-27.5,-30.51,3.01,2.58,7.7,,,
-25.0,-28.01,3.01,2.58,7.7,,,
-22.5,-25.51,3.01,2.58,7.7,,,
-20.0,-23.01,3.01,2.58,7.7,,,
-17.5,-20.51,3.01,2.58,7.7,,,
-15.0,-18.01,3.01,2.58,7.7,,,
-12.5,-15.51,3.01,2.58,7.7,,,
-10.0,-13.01,3.01,2.58,7.7,,,
-7.5,-10.5,3.0,2.58,7.7,,,
-5.0,-7.99,2.99,2.58,7.7,,,
-2.5,-5.45,2.95,2.58,7.7,,,
0.0,-2.8,2.8,2.58,7.7,,,
-60.0,-63.01,3.01,2.58,8.6,,,
-57.5,-60.51,3.01,2.58,8.6,,,
-55.0,-58.01,3.01,2.58,8.6,,,
-52.5,-55.51,3.01,2.58,8.6,,,
-50.0,-53.01,3.01,2.58,8.6,,,
-47.5,-50.51,3.01,2.58,8.6,,,
-45.0,-48.01,3.01,2.58,8.6,,,
-42.5,-45.51,3.01,2.58,8.6,,,
-40.0,-43.01,3.01,2.58,8.6,,,
-37.5,-40.51,3.01,2.58,8.6,,,
-35.0,-38.01,3.01,2.58,8.6,,,
-32.5,-35.51,3.01,2.58,8.6,,,
-30.0,-33.01,3.01,2.58,8.6,,,
-27.5,-30.51,3.01,2.58,8.6,,,
-25.0,-28.01,3.01,2.58,8.6,,,
-22.5,-25.51,3.01,2.58,8.6,,,
-20.0,-23.01,3.01,2.58,8.6,,,
-17.5,-20.51,3.01,2.58,8.6,,,
-15.0,-18.01,3.01,2.58,8.6,,,
-12.5,-15.51,3.01,2.58,8.6,,,
-10.0,-13.01,3.01,2.58,8.6,,,
-7.5,-10.5,3.0,2.58,8.6,,,
-5.0,-7.99,2.99,2.58,8.6,,,
-2.5,-5.45,2.95,2.58,8.6,,,
0.0,-2.8,2.8,2.58,8.6,,,
-60.0,-63.01,3.01,2.58,9.6,,,
-57.5,-60.51,3.01,2.58,9.6,,,
-55.0,-58.01,3.01,2.58,9.6,,,
-52.5,-55.51,3.01,2.58,9.6,,,
-50.0,-53.01,3.01,2.58,9.6,,,
-47.5,-50.51,3.01,2.58,9.6,,,
-45.0,-48.01,3.01,2.58,9.6,,,
-42.5,-45.51,3.01,2.58,9.6,,,
-40.0,-43.01,3.01,2.58,9.6,,,
-37.5,-40.51,3.01,2.58,9.6,,,
-35.0,-38.01,3.01,2.58,9.6,,,
-32.5,-35.51,3.01,2.58,9.6,,,
-30.0,-33.01,3.01,2.58,9.6,,,
-27.5,-30.51,3.01,2.58,9.6,,,
-25.0,-28.01,3.01,2.58,9.6,,,
-22.5,-25.51,3.01,2.58,9.6,,,
-20.0,-23.01,3.01,2.58,9.6,,,
-17.5,-20.51,3.01,2.58,9.6,,,
-15.0,-18.01,3.01,2.58,9.6,,,
-12.5,-15.51,3.01,2.58,9.6,,,
-10.0,-13.01,3.01,2.58,9.6,,,
-7.5,-10.5,3.0,2.58,9.6,,,
-5.0,-7.99,2.99,2.58,9.6,,,
-2.5,-5.45,2.95,2.58,9.6,,,
0.0,-2.8,2.8,2.58,9.6,,,
-60.0,-63.01,3.01,2.58,10.5,,,
-57.5,-60.51,3.01,2.58,10.5,,,
-55.0,-58.01,3.01,2.58,10.5,,,
-52.5,-55.51,3.01,2.58,10.5,,,
-50.0,-53.01,3.01,2.58,10.5,,,
-47.5,-50.51,3.01,2.58,10.5,,,
-45.0,-48.01,3.01,2.58,10.5,,,
-42.5,-45.51,3.01,2.58,10.5,,,
-40.0,-43.01,3.01,2.58,10.5,,,
-37.5,-40.51,3.01,2.58,10.5,,,
-35.0,-38.01,3.01,2.58,10.5,,,
-32.5,-35.51,3.01,2.58,10.5,,,
-30.0,-33.01,3.01,2.58,10.5,,,
-27.5,-30.51,3.01,2.58,10.5,,,
-25.0,-28.01,3.01,2.58,10.5,,,
-22.5,-25.51,3.01,2.58,10.5,,,
-20.0,-23.01,3.01,2.58,10.5,,,
-17.5,-20.51,3.01,2.58,10.5,,,
-15.0,-18.01,3.01,2.58,10.5,,,
-12.5,-15.51,3.01,2.58,10.5,,,
-10.0,-13.01,3.01,2.58,10.5,,,
-7.5,-10.5,3.0,2.58,10.5,,,
-5.0,-7.99,2.99,2.58,10.5,,,
-2.5,-5.45,2.95,2.58,10.5,,,
0.0,-2.8,2.8,2.58,10.5,,,
-60.0,-63.01,3.01,2.58,11.5,,,
-57.5,-60.51,3.01,2.58,11.5,,,
-55.0,-58.01,3.01,2.58,11.5,,,
-52.5,-55.51,3.01,2.58,11.5,,,
-50.0,-53.01,3.01,2.58,11.5,,,
-47.5,-50.51,3.01,2.58,11.5,,,
-45.0,-48.01,3.01,2.58,11.5,,,
-42.5,-45.51,3.01,2.58,11.5,,,
-40.0,-43.01,3.01,2.58,11.5,,,
-37.5,-40.51,3.01,2.58,11.5,,,
-35.0,-38.01,3.01,2.58,11.5,,,
-32.5,-35.51,3.01,2.58,11.5,,,
-30.0,-33.01,3.01,2.58,11.5,,,
-27.5,-30.51,3.01,2.58,11.5,,,
-25.0,-28.01,3.01,2.58,11.5,,,
-22.5,-25.51,3.01,2.58,11.5,,,
-20.0,-23.01,3.01,2.58,11.5,,,
-17.5,-20.51,3.01,2.58,11.5,,,
-15.0,-18.01,3.01,2.58,11.5,,,
-12.5,-15.51,3.01,2.58,11.5,,,
-10.0,-13.01,3.01,2.58,11.5,,,
-7.5,-10.5,3.0,2.58,11.5,,,
-5.0,-7.99,2.99,2.58,11.5,,,
-2.5,-5.45,2.95,2.58,11.5,,,
0.0,-2.8,2.8,2.58,11.5,,,
-60.0,-63.01,3.01,2.58,12.4,,,
-57.5,-60.51,3.01,2.58,12.4,,,
-55.0,-58.01,3.01,2.58,12.4,,,
-52.5,-55.51,3.01,2.58,12.4,,,
-50.0,-53.01,3.01,2.58,12.4,,,
-47.5,-50.51,3.01,2.58,12.4,,,
-45.0,-48.01,3.01,2.58,12.4,,,
-42.5,-45.51,3.01,2.58,12.4,,,
-40.0,-43.01,3.01,2.58,12.4,,,
-37.5,-40.51,3.01,2.58,12.4,,,
-35.0,-38.01,3.01,2.58,12.4,,,
-32.5,-35.51,3.01,2.58,12.4,,,
-30.0,-33.01,3.01,2.58,12.4,,,
-27.5,-30.51,3.01,2.58,12.4,,,
-25.0,-28.01,3.01,2.58,12.4,,,
-22.5,-25.51,3.01,2.58,12.4,,,
-20.0,-23.01,3.01,2.58,12.4,,,
-17.5,-20.51,3.01,2.58,12.4,,,
-15.0,-18.01,3.01,2.58,12.4,,,
-12.5,-15.51,3.01,2.58,12.4,,,
-10.0,-13.01,3.01,2.58,12.4,,,
-7.5,-10.5,3.0,2.58,12.4,,,
-5.0,-7.99,2.99,2.58,12.4,,,
-2.5,-5.45,2.95,2.58,12.4,,,
0.0,-2.8,2.8,2.58,12.4,,,
-60.0,-63.01,3.01,2.58,13.4,,,
-57.5,-60.51,3.01,2.58,13.4,,,
-55.0,-58.01,3.01,2.58,13.4,,,
-52.5,-55.51,3.01,2.58,13.4,,,
-50.0,-53.01,3.01,2.58,13.4,,,
-47.5,-50.51,3.01,2.58,13.4,,,
-45.0,-48.01,3.01,2.58,13.4,,,
-42.5,-45.51,3.01,2.58,13.4,,,
-40.0,-43.01,3.01,2.58,13.4,,,
-37.5,-40.51,3.01,2.58,13.4,,,
-35.0,-38.01,3.01,2.58,13.4,,,
-32.5,-35.51,3.01,2.58,13.4,,,
-30.0,-33.01,3.01,2.58,13.4,,,
-27.5,-30.51,3.01,2.58,13.4,,,
-25.0,-28.01,3.01,2.58,13.4,,,
-22.5,-25.51,3.01,2.58,13.4,,,
-20.0,-23.01,3.01,2.58,13.4,,,
-17.5,-20.51,3.01,2.58,13.4,,,
-15.0,-18.01,3.01,2.58,13.4,,,
-12.5,-15.51,3.01,2.58,13.4,,,
-10.0,-13.01,3.01,2.58,13.4,,,
-7.5,-10.5,3.0,2.58,13.4,,,
-5.0,-7.99,2.99,2.58,13.4,,,
-2.5,-5.45,2.95,2.58,13.4,,,
0.0,-2.8,2.8,2.58,13.4,,,
-60.0,-63.01,3.01,2.58,14.3,,,
-57.5,-60.51,3.01,2.58,14.3,,,
-55.0,-58.01,3.01,2.58,14.3,,,
-52.5,-55.51,3.01,2.58,14.3,,,
-50.0,-53.01,3.01,2.58,14.3,,,
-47.5,-50.51,3.01,2.58,14.3,,,
-45.0,-48.01,3.01,2.58,14.3,,,
-42.5,-45.51,3.01,2.58,14.3,,,
-40.0,-43.01,3.01,2.58,14.3,,,
-37.5,-40.51,3.01,2.58,14.3,,,
-35.0,-38.01,3.01,2.58,14.3,,,
-32.5,-35.51,3.01,2.58,14.3,,,
-30.0,-33.01,3.01,2.58,14.3,,,
-27.5,-30.51,3.01,2.58,14.3,,,
-25.0,-28.01,3.01,2.58,14.3,,,
-22.5,-25.51,3.01,2.58,14.3,,,
-20.0,-23.01,3.01,2.58,14.3,,,
-17.5,-20.51,3.01,2.58,14.3,,,
-15.0,-18.01,3.01,2.58,14.3,,,
-12.5,-15.51,3.01,2.58,14.3,,,
-10.0,-13.01,3.01,2.58,14.3,,,
-7.5,-10.5,3.0,2.58,14.3,,,
-5.0,-7.99,2.99,2.58,14.3,,,
-2.5,-5.45,2.95,2.58,14.3,,,
0.0,-2.8,2.8,2.58,14.3,,,
-60.0,-63.01,3.01,2.58,15.3,,,
-57.5,-60.51,3.01,2.58,15.3,,,
-55.0,-58.01,3.01,2.58,15.3,,,
-52.5,-55.51,3.01,2.58,15.3,,,
-50.0,-53.01,3.01,2.58,15.3,,,
-47.5,-50.51,3.01,2.58,15.3,,,
-45.0,-48.01,3.01,2.58,15.3,,,
-42.5,-45.51,3.01,2.58,15.3,,,
-40.0,-43.01,3.01,2.58,15.3,,,
-37.5,-40.51,3.01,2.58,15.3,,,
-35.0,-38.01,3.01,2.58,15.3,,,
-32.5,-35.51,3.01,2.58,15.3,,,
-30.0,-33.01,3.01,2.58,15.3,,,
-27.5,-30.51,3.01,2.58,15.3,,,
-25.0,-28.01,3.01,2.58,15.3,,,
-22.5,-25.51,3.01,2.58,15.3,,,
-20.0,-23.01,3.01,2.58,15.3,,,
-17.5,-20.51,3.01,2.58,15.3,,,
-15.0,-18.01,3.01,2.58,15.3,,,
-12.5,-15.51,3.01,2.58,15.3,,,
-10.0,-13.01,3.01,2.58,15.3,,,
-7.5,-10.5,3.0,2.58,15.3,,,
-5.0,-7.99,2.99,2.58,15.3,,,
-2.5,-5.45,2.95,2.58,15.3,,,
0.0,-2.8,2.8,2.58,15.3,,,
-60.0,-63.01,3.01,2.58,16.2,,,
-57.5,-60.51,3.01,2.58,16.2,,,
-55.0,-58.01,3.01,2.58,16.2,,,
-52.5,-55.51,3.01,2.58,16.2,,,
-50.0,-53.01,3.01,2.58,16.2,,,
-47.5,-50.51,3.01,2.58,16.2,,,
-45.0,-48.01,3.01,2.58,16.2,,,
-42.5,-45.51,3.01,2.58,16.2,,,
-40.0,-43.01,3.01,2.58,16.2,,,
-37.5,-40.51,3.01,2.58,16.2,,,
-35.0,-38.01,3.01,2.58,16.2,,,
-32.5,-35.51,3.01,2.58,16.2,,,
-30.0,-33.01,3.01,2.58,16.2,,,
-27.5,-30.51,3.01,2.58,16.2,,,
-25.0,-28.01,3.01,2.58,16.2,,,
-22.5,-25.51,3.01,2.58,16.2,,,
-20.0,-23.01,3.01,2.58,16.2,,,
-17.5,-20.51,3.01,2.58,16.2,,,
-15.0,-18.01,3.01,2.58,16.2,,,
-12.5,-15.51,3.01,2.58,16.2,,,
-10.0,-13.01,3.01,2.58,16.2,,,
-7.5,-10.5,3.0,2.58,16.2,,,
-5.0,-7.99,2.99,2.58,16.2,,,
-2.5,-5.45,2.95,2.58,16.2,,,
0.0,-2.8,2.8,2.58,16.2,,,
-60.0,-63.01,3.01,2.58,17.2,,,
-57.5,-60.51,3.01,2.58,17.2,,,
-55.0,-58.01,3.01,2.58,17.2,,,
-52.5,-55.51,3.01,2.58,17.2,,,
-50.0,-53.01,3.01,2.58,17.2,,,
-47.5,-50.51,3.01,2.58,17.2,,,
-45.0,-48.01,3.01,2.58,17.2,,,
-42.5,-45.51,3.01,2.58,17.2,,,
-40.0,-43.01,3.01,2.58,17.2,,,
-37.5,-40.51,3.01,2.58,17.2,,,
-35.0,-38.01,3.01,2.58,17.2,,,
-32.5,-35.51,3.01,2.58,17.2,,,
-30.0,-33.01,3.01,2.58,17.2,,,
-27.5,-30.51,3.01,2.58,17.2,,,
-25.0,-28.01,3.01,2.58,17.2,,,
-22.5,-25.51,3.01,2.58,17.2,,,
-20.0,-23.01,3.01,2.58,17.2,,,
-17.5,-20.51,3.01,2.58,17.2,,,
-15.0,-18.01,3.01,2.58,17.2,,,
-12.5,-15.51,3.01,2.58,17.2,,,
-10.0,-13.01,3.01,2.58,17.2,,,
-7.5,-10.5,3.0,2.58,17.2,,,
-5.0,-7.99,2.99,2.58,17.2,,,
-2.5,-5.45,2.95,2.58,17.2,,,
0.0,-2.8,2.8,2.58,17.2,,,
-60.0,-63.01,3.01,2.58,18.1,,,
-57.5,-60.51,3.01,2.58,18.1,,,
-55.0,-58.01,3.01,2.58,18.1,,,
-52.5,-55.51,3.01,2.58,18.1,,,
-50.0,-53.01,3.01,2.58,18.1,,,
-47.5,-50.51,3.01,2.58,18.1,,,
-45.0,-48.01,3.01,2.58,18.1,,,
-42.5,-45.51,3.01,2.58,18.1,,,
-40.0,-43.01,3.01,2.58,18.1,,,
-37.5,-40.51,3.01,2.58,18.1,,,
-35.0,-38.01,3.01,2.58,18.1,,,
-32.5,-35.51,3.01,2.58,18.1,,,
-30.0,-33.01,3.01,2.58,18.1,,,
-27.5,-30.51,3.01,2.58,18.1,,,
-25.0,-28.01,3.01,2.58,18.1,,,
-22.5,-25.51,3.01,2.58,18.1,,,
-20.0,-23.01,3.01,2.58,18.1,,,
-17.5,-20.51,3.01,2.58,18.1,,,
-15.0,-18.01,3.01,2.58,18.1,,,
-12.5,-15.51,3.01,2.58,18.1,,,
-10.0,-13.01,3.01,2.58,18.1,,,
-7.5,-10.5,3.0,2.58,18.1,,,
-5.0,-7.99,2.99,2.58,18.1,,,
-2.5,-5.45,2.95,2.58,18.1,,,
0.0,-2.8,2.8,2.58,18.1,,,
-60.0,-63.01,3.01,2.58,19.1,,,
-57.5,-60.51,3.01,2.58,19.1,,,
-55.0,-58.01,3.01,2.58,19.1,,,
-52.5,-55.51,3.01,2.58,19.1,,,
-50.0,-53.01,3.01,2.58,19.1,,,
-47.5,-50.51,3.01,2.58,19.1,,,
-45.0,-48.01,3.01,2.58,19.1,,,
-42.5,-45.51,3.01,2.58,19.1,,,
-40.0,-43.01,3.01,2.58,19.1,,,
-37.5,-40.51,3.01,2.58,19.1,,,
-35.0,-38.01,3.01,2.58,19.1,,,
-32.5,-35.51,3.01,2.58,19.1,,,
-30.0,-33.01,3.01,2.58,19.1,,,
-27.5,-30.51,3.01,2.58,19.1,,,
-25.0,-28.01,3.01,2.58,19.1,,,
-22.5,-25.51,3.01,2.58,19.1,,,
-20.0,-23.01,3.01,2.58,19.1,,,
-17.5,-20.51,3.01,2.58,19.1,,,
-15.0,-18.01,3.01,2.58,19.1,,,
-12.5,-15.51,3.01,2.58,19.1,,,
-10.0,-13.01,3.01,2.58,19.1,,,
-7.5,-10.5,3.0,2.58,19.1,,,
-5.0,-7.99,2.99,2.58,19.1,,,
-2.5,-5.45,2.95,2.58,19.1,,,
0.0,-2.8,2.8,2.58,19.1,,,
-60.0,-63.01,3.01,2.58,20.0,,,
-57.5,-60.51,3.01,2.58,20.0,,,
-55.0,-58.01,3.01,2.58,20.0,,,
-52.5,-55.51,3.01,2.58,20.0,,,
-50.0,-53.01,3.01,2.58,20.0,,,
-47.5,-50.51,3.01,2.58,20.0,,,
-45.0,-48.01,3.01,2.58,20.0,,,
-42.5,-45.51,3.01,2.58,20.0,,,
-40.0,-43.01,3.01,2.58,20.0,,,
-37.5,-40.51,3.01,2.58,20.0,,,
-35.0,-38.01,3.01,2.58,20.0,,,
-32.5,-35.51,3.01,2.58,20.0,,,
-30.0,-33.01,3.01,2.58,20.0,,,
-27.5,-30.51,3.01,2.58,20.0,,,
-25.0,-28.01,3.01,2.58,20.0,,,
-22.5,-25.51,3.01,2.58,20.0,,,
-20.0,-23.01,3.01,2.58,20.0,,,
-17.5,-20.51,3.01,2.58,20.0,,,
-15.0,-18.01,3.01,2.58,20.0,,,
-12.5,-15.51,3.01,2.58,20.0,,,
-10.0,-13.01,3.01,2.58,20.0,,,
-7.5,-10.5,3.0,2.58,20.0,,,
-5.0,-7.99,2.99,2.58,20.0,,,
-2.5,-5.45,2.95,2.58,20.0,,,
0.0,-2.8,2.8,2.58,20.0,,,
-60.0,-63.01,3.01,2.79,2.0,,,
-57.5,-60.51,3.01,2.79,2.0,,,
-55.0,-58.01,3.01,2.79,2.0,,,
-52.5,-55.51,3.01,2.79,2.0,,,
-50.0,-53.01,3.01,2.79,2.0,,,
-47.5,-50.51,3.01,2.79,2.0,,,
-45.0,-48.01,3.01,2.79,2.0,,,
-42.5,-45.51,3.01,2.79,2.0,,,
-40.0,-43.01,3.01,2.79,2.0,,,
-37.5,-40.51,3.01,2.79,2.0,,,
-35.0,-38.01,3.01,2.79,2.0,,,
-32.5,-35.51,3.01,2.79,2.0,,,
-30.0,-33.01,3.01,2.79,2.0,,,
-27.5,-30.51,3.01,2.79,2.0,,,
-25.0,-28.01,3.01,2.79,2.0,,,
-22.5,-25.51,3.01,2.79,2.0,,,
-20.0,-23.01,3.01,2.79,2.0,,,
-17.5,-20.51,3.01,2.79,2.0,,,
-15.0,-18.01,3.01,2.79,2.0,,,
-12.5,-15.51,3.01,2.79,2.0,,,
-10.0,-13.01,3.01,2.79,2.0,,,
-7.5,-10.5,3.0,2.79,2.0,,,
-5.0,-7.99,2.99,2.79,2.0,,,
-2.5,-5.45,2.95,2.79,2.0,,,
0.0,-2.8,2.8,2.79,2.0,,,
-60.0,-63.01,3.01,2.79,3.0,,,
-57.5,-60.51,3.01,2.79,3.0,,,
-55.0,-58.01,3.01,2.79,3.0,,,
-52.5,-55.51,3.01,2.79,3.0,,,
-50.0,-53.01,3.01,2.79,3.0,,,
-47.5,-50.51,3.01,2.79,3.0,,,
-45.0,-48.01,3.01,2.79,3.0,,,
-42.5,-45.51,3.01,2.79,3.0,,,
-40.0,-43.01,3.01,2.79,3.0,,,
-37.5,-40.51,3.01,2.79,3.0,,,
-35.0,-38.01,3.01,2.79,3.0,,,
-32.5,-35.51,3.01,2.79,3.0,,,
-30.0,-33.01,3.01,2.79,3.0,,,
-27.5,-30.51,3.01,2.79,3.0,,,
-25.0,-28.01,3.01,2.79,3.0,,,
-22.5,-25.51,3.01,2.79,3.0,,,
-20.0,-23.01,3.01,2.79,3.0,,,
-17.5,-20.51,3.01,2.79,3.0,,,
-15.0,-18.01,3.01,2.79,3.0,,,
-12.5,-15.51,3.01,2.79,3.0,,,
-10.0,-13.01,3.01,2.79,3.0,,,
-7.5,-10.5,3.0,2.79,3.0,,,
-5.0,-7.99,2.99,2.79,3.0,,,
-2.5,-5.45,2.95,2.79,3.0,,,
0.0,-2.8,2.8,2.79,3.0,,,
-60.0,-63.01,3.01,2.79,3.9,,,
-57.5,-60.51,3.01,2.79,3.9,,,
-55.0,-58.01,3.01,2.79,3.9,,,
-52.5,-55.51,3.01,2.79,3.9,,,
-50.0,-53.01,3.01,2.79,3.9,,,
-47.5,-50.51,3.01,2.79,3.9,,,
-45.0,-48.01,3.01,2.79,3.9,,,
-42.5,-45.51,3.01,2.79,3.9,,,
-40.0,-43.01,3.01,2.79,3.9,,,
-37.5,-40.51,3.01,2.79,3.9,,,
-35.0,-38.01,3.01,2.79,3.9,,,
-32.5,-35.51,3.01,2.79,3.9,,,
-30.0,-33.01,3.01,2.79,3.9,,,
-27.5,-30.51,3.01,2.79,3.9,,,
-25.0,-28.01,3.01,2.79,3.9,,,
-22.5,-25.51,3.01,2.79,3.9,,,
-20.0,-23.01,3.01,2.79,3.9,,,
-17.5,-20.51,3.01,2.79,3.9,,,
-15.0,-18.01,3.01,2.79,3.9,,,
-12.5,-15.51,3.01,2.79,3.9,,,
-10.0,-13.01,3.01,2.79,3.9,,,
-7.5,-10.5,3.0,2.79,3.9,,,
-5.0,-7.99,2.99,2.79,3.9,,,
-2.5,-5.45,2.95,2.79,3.9,,,
0.0,-2.8,2.8,2.79,3.9,,,
-60.0,-63.01,3.01,2.79,4.8,,,
-57.5,-60.51,3.01,2.79,4.8,,,
-55.0,-58.01,3.01,2.79,4.8,,,
-52.5,-55.51,3.01,2.79,4.8,,,
-50.0,-53.01,3.01,2.79,4.8,,,
-47.5,-50.51,3.01,2.79,4.8,,,
-45.0,-48.01,3.01,2.79,4.8,,,
-42.5,-45.51,3.01,2.79,4.8,,,
-40.0,-43.01,3.01,2.79,4.8,,,
-37.5,-40.51,3.01,2.79,4.8,,,
-35.0,-38.01,3.01,2.79,4.8,,,
-32.5,-35.51,3.01,2.79,4.8,,,
-30.0,-33.01,3.01,2.79,4.8,,,
-27.5,-30.51,3.01,2.79,4.8,,,
-25.0,-28.01,3.01,2.79,4.8,,,
-22.5,-25.51,3.01,2.79,4.8,,,
-20.0,-23.01,3.01,2.79,4.8,,,
-17.5,-20.51,3.01,2.79,4.8,,,
-15.0,-18.01,3.01,2.79,4.8,,,
-12.5,-15.51,3.01,2.79,4.8,,,
-10.0,-13.01,3.01,2.79,4.8,,,
-7.5,-10.5,3.0,2.79,4.8,,,
-5.0,-7.99,2.99,2.79,4.8,,,
-2.5,-5.45,2.95,2.79,4.8,,,
0.0,-2.8,2.8,2.79,4.8,,,
-60.0,-63.01,3.01,2.79,5.8,,,
-57.5,-60.51,3.01,2.79,5.8,,,
-55.0,-58.01,3.01,2.79,5.8,,,
-52.5,-55.51,3.01,2.79,5.8,,,
-50.0,-53.01,3.01,2.79,5.8,,,
-47.5,-50.51,3.01,2.79,5.8,,,
-45.0,-48.01,3.01,2.79,5.8,,,
-42.5,-45.51,3.01,2.79,5.8,,,
-40.0,-43.01,3.01,2.79,5.8,,,
-37.5,-40.51,3.01,2.79,5.8,,,
-35.0,-38.01,3.01,2.79,5.8,,,
-32.5,-35.51,3.01,2.79,5.8,,,
-30.0,-33.01,3.01,2.79,5.8,,,
-27.5,-30.51,3.01,2.79,5.8,,,
-25.0,-28.01,3.01,2.79,5.8,,,
-22.5,-25.51,3.01,2.79,5.8,,,
-20.0,-23.01,3.01,2.79,5.8,,,
-17.5,-20.51,3.01,2.79,5.8,,,
-15.0,-18.01,3.01,2.79,5.8,,,
-12.5,-15.51,3.01,2.79,5.8,,,
-10.0,-13.01,3.01,2.79,5.8,,,
-7.5,-10.5,3.0,2.79,5.8,,,
-5.0,-7.99,2.99,2.79,5.8,,,
-2.5,-5.45,2.95,2.79,5.8,,,
0.0,-2.8,2.8,2.79,5.8,,,
-60.0,-63.01,3.01,2.79,6.7,,,
-57.5,-60.51,3.01,2.79,6.7,,,
-55.0,-58.01,3.01,2.79,6.7,,,
-52.5,-55.51,3.01,2.79,6.7,,,
-50.0,-53.01,3.01,2.79,6.7,,,
-47.5,-50.51,3.01,2.79,6.7,,,
-45.0,-48.01,3.01,2.79,6.7,,,
-42.5,-45.51,3.01,2.79,6.7,,,
-40.0,-43.01,3.01,2.79,6.7,,,
-37.5,-40.51,3.01,2.79,6.7,,,
-35.0,-38.01,3.01,2.79,6.7,,,
-32.5,-35.51,3.01,2.79,6.7,,,
-30.0,-33.01,3.01,2.79,6.7,,,
-27.5,-30.51,3.01,2.79,6.7,,,
-25.0,-28.01,3.01,2.79,6.7,,,
-22.5,-25.51,3.01,2.79,6.7,,,
-20.0,-23.01,3.01,2.79,6.7,,,
-17.5,-20.51,3.01,2.79,6.7,,,
-15.0,-18.01,3.01,2.79,6.7,,,
-12.5,-15.51,3.01,2.79,6.7,,,
-10.0,-13.01,3.01,2.79,6.7,,,
-7.5,-10.5,3.0,2.79,6.7,,,
-5.0,-7.99,2.99,2.79,6.7,,,
-2.5,-5.45,2.95,2.79,6.7,,,
0.0,-2.8,2.8,2.79,6.7,,,
-60.0,-63.01,3.01,2.79,7.7,,,
-57.5,-60.51,3.01,2.79,7.7,,,
-55.0,-58.01,3.01,2.79,7.7,,,
-52.5,-55.51,3.01,2.79,7.7,,,
-50.0,-53.01,3.01,2.79,7.7,,,
-47.5,-50.51,3.01,2.79,7.7,,,
-45.0,-48.01,3.01,2.79,7.7,,,
-42.5,-45.51,3.01,2.79,7.7,,,
-40.0,-43.01,3.01,2.79,7.7,,,
-37.5,-40.51,3.01,2.79,7.7,,,
-35.0,-38.01,3.01,2.79,7.7,,,
-32.5,-35.51,3.01,2.79,7.7,,,
-30.0,-33.01,3.01,2.79,7.7,,,
-27.5,-30.51,3.01,2.79,7.7,,,
-25.0,-28.01,3.01,2.79,7.7,,,
-22.5,-25.51,3.01,2.79,7.7,,,
-20.0,-23.01,3.01,2.79,7.7,,,
-17.5,-20.51,3.01,2.79,7.7,,,
-15.0,-18.01,3.01,2.79,7.7,,,
-12.5,-15.51,3.01,2.79,7.7,,,
-10.0,-13.01,3.01,2.79,7.7,,,
-7.5,-10.5,3.0,2.79,7.7,,,
-5.0,-7.99,2.99,2.79,7.7,,,
-2.5,-5.45,2.95,2.79,7.7,,,
0.0,-2.8,2.8,2.79,7.7,,,
-60.0,-63.01,3.01,2.79,8.6,,,
-57.5,-60.51,3.01,2.79,8.6,,,
-55.0,-58.01,3.01,2.79,8.6,,,
-52.5,-55.51,3.01,2.79,8.6,,,
-50.0,-53.01,3.01,2.79,8.6,,,
-47.5,-50.51,3.01,2.79,8.6,,,
-45.0,-48.01,3.01,2.79,8.6,,,
-42.5,-45.51,3.01,2.79,8.6,,,
-40.0,-43.01,3.01,2.79,8.6,,,
-37.5,-40.51,3.01,2.79,8.6,,,
-35.0,-38.01,3.01,2.79,8.6,,,
-32.5,-35.51,3.01,2.79,8.6,,,
-30.0,-33.01,3.01,2.79,8.6,,,
-27.5,-30.51,3.01,2.79,8.6,,,
-25.0,-28.01,3.01,2.79,8.6,,,
-22.5,-25.51,3.01,2.79,8.6,,,
-20.0,-23.01,3.01,2.79,8.6,,,
-17.5,-20.51,3.01,2.79,8.6,,,
-15.0,-18.01,3.01,2.79,8.6,,,
-12.5,-15.51,3.01,2.79,8.6,,,
-10.0,-13.01,3.01,2.79,8.6,,,
-7.5,-10.5,3.0,2.79,8.6,,,
-5.0,-7.99,2.99,2.79,8.6,,,
-2.5,-5.45,2.95,2.79,8.6,,,
0.0,-2.8,2.8,2.79,8.6,,,
-60.0,-63.01,3.01,2.79,9.6,,,
-57.5,-60.51,3.01,2.79,9.6,,,
-55.0,-58.01,3.01,2.79,9.6,,,
-52.5,-55.51,3.01,2.79,9.6,,,
-50.0,-53.01,3.01,2.79,9.6,,,
-47.5,-50.51,3.01,2.79,9.6,,,
-45.0,-48.01,3.01,2.79,9.6,,,
-42.5,-45.51,3.01,2.79,9.6,,,
-40.0,-43.01,3.01,2.79,9.6,,,
-37.5,-40.51,3.01,2.79,9.6,,,
-35.0,-38.01,3.01,2.79,9.6,,,
-32.5,-35.51,3.01,2.79,9.6,,,
-30.0,-33.01,3.01,2.79,9.6,,,
-27.5,-30.51,3.01,2.79,9.6,,,
-25.0,-28.01,3.01,2.79,9.6,,,
-22.5,-25.51,3.01,2.79,9.6,,,
-20.0,-23.01,3.01,2.79,9.6,,,
-17.5,-20.51,3.01,2.79,9.6,,,
-15.0,-18.01,3.01,2.79,9.6,,,
-12.5,-15.51,3.01,2.79,9.6,,,
-10.0,-13.01,3.01,2.79,9.6,,,
-7.5,-10.5,3.0,2.79,9.6,,,
-5.0,-7.99,2.99,2.79,9.6,,,
-2.5,-5.45,2.95,2.79,9.6,,,
0.0,-2.8,2.8,2.79,9.6,,,
-60.0,-63.01,3.01,2.79,10.5,,,
-57.5,-60.51,3.01,2.79,10.5,,,
-55.0,-58.01,3.01,2.79,10.5,,,
-52.5,-55.51,3.01,2.79,10.5,,,
-50.0,-53.01,3.01,2.79,10.5,,,
-47.5,-50.51,3.01,2.79,10.5,,,
-45.0,-48.01,3.01,2.79,10.5,,,
-42.5,-45.51,3.01,2.79,10.5,,,
-40.0,-43.01,3.01,2.79,10.5,,,
-37.5,-40.51,3.01,2.79,10.5,,,
-35.0,-38.01,3.01,2.79,10.5,,,
-32.5,-35.51,3.01,2.79,10.5,,,
-30.0,-33.01,3.01,2.79,10.5,,,
-27.5,-30.51,3.01,2.79,10.5,,,
-25.0,-28.01,3.01,2.79,10.5,,,
-22.5,-25.51,3.01,2.79,10.5,,,
-20.0,-23.01,3.01,2.79,10.5,,,
-17.5,-20.51,3.01,2.79,10.5,,,
-15.0,-18.01,3.01,2.79,10.5,,,
-12.5,-15.51,3.01,2.79,10.5,,,
-10.0,-13.01,3.01,2.79,10.5,,,
-7.5,-10.5,3.0,2.79,10.5,,,
-5.0,-7.99,2.99,2.79,10.5,,,
-2.5,-5.45,2.95,2.79,10.5,,,
0.0,-2.8,2.8,2.79,10.5,,,
-60.0,-63.01,3.01,2.79,11.5,,,
-57.5,-60.51,3.01,2.79,11.5,,,
-55.0,-58.01,3.01,2.79,11.5,,,
-52.5,-55.51,3.01,2.79,11.5,,,
-50.0,-53.01,3.01,2.79,11.5,,,
-47.5,-50.51,3.01,2.79,11.5,,,
-45.0,-48.01,3.01,2.79,11.5,,,
-42.5,-45.51,3.01,2.79,11.5,,,
-40.0,-43.01,3.01,2.79,11.5,,,
-37.5,-40.51,3.01,2.79,11.5,,,
-35.0,-38.01,3.01,2.79,11.5,,,
-32.5,-35.51,3.01,2.79,11.5,,,
-30.0,-33.01,3.01,2.79,11.5,,,
-27.5,-30.51,3.01,2.79,11.5,,,
-25.0,-28.01,3.01,2.79,11.5,,,
-22.5,-25.51,3.01,2.79,11.5,,,
-20.0,-23.01,3.01,2.79,11.5,,,
-17.5,-20.51,3.01,2.79,11.5,,,
-15.0,-18.01,3.01,2.79,11.5,,,
-12.5,-15.51,3.01,2.79,11.5,,,
-10.0,-13.01,3.01,2.79,11.5,,,
-7.5,-10.5,3.0,2.79,11.5,,,
-5.0,-7.99,2.99,2.79,11.5,,,
-2.5,-5.45,2.95,2.79,11.5,,,
0.0,-2.8,2.8,2.79,11.5,,,
-60.0,-63.01,3.01,2.79,12.4,,,
-57.5,-60.51,3.01,2.79,12.4,,,
-55.0,-58.01,3.01,2.79,12.4,,,
-52.5,-55.51,3.01,2.79,12.4,,,
-50.0,-53.01,3.01,2.79,12.4,,,
-47.5,-50.51,3.01,2.79,12.4,,,
-45.0,-48.01,3.01,2.79,12.4,,,
-42.5,-45.51,3.01,2.79,12.4,,,
-40.0,-43.01,3.01,2.79,12.4,,,
-37.5,-40.51,3.01,2.79,12.4,,,
-35.0,-38.01,3.01,2.79,12.4,,,
-32.5,-35.51,3.01,2.79,12.4,,,
-30.0,-33.01,3.01,2.79,12.4,,,
-27.5,-30.51,3.01,2.79,12.4,,,
-25.0,-28.01,3.01,2.79,12.4,,,
-22.5,-25.51,3.01,2.79,12.4,,,
-20.0,-23.01,3.01,2.79,12.4,,,
-17.5,-20.51,3.01,2.79,12.4,,,
-15.0,-18.01,3.01,2.79,12.4,,,
-12.5,-15.51,3.01,2.79,12.4,,,
-10.0,-13.01,3.01,2.79,12.4,,,
-7.5,-10.5,3.0,2.79,12.4,,,
-5.0,-7.99,2.99,2.79,12.4,,,
-2.5,-5.45,2.95,2.79,12.4,,,
0.0,-2.8,2.8,2.79,12.4,,,
-60.0,-63.01,3.01,2.79,13.4,,,
-57.5,-60.51,3.01,2.79,13.4,,,
-55.0,-58.01,3.01,2.79,13.4,,,
-52.5,-55.51,3.01,2.79,13.4,,,
-50.0,-53.01,3.01,2.79,13.4,,,
-47.5,-50.51,3.01,2.79,13.4,,,
-45.0,-48.01,3.01,2.79,13.4,,,
-42.5,-45.51,3.01,2.79,13.4,,,
-40.0,-43.01,3.01,2.79,13.4,,,
-37.5,-40.51,3.01,2.79,13.4,,,
-35.0,-38.01,3.01,2.79,13.4,,,
-32.5,-35.51,3.01,2.79,13.4,,,
-30.0,-33.01,3.01,2.79,13.4,,,
-27.5,-30.51,3.01,2.79,13.4,,,
-25.0,-28.01,3.01,2.79,13.4,,,
-22.5,-25.51,3.01,2.79,13.4,,,
-20.0,-23.01,3.01,2.79,13.4,,,
-17.5,-20.51,3.01,2.79,13.4,,,
-15.0,-18.01,3.01,2.79,13.4,,,
-12.5,-15.51,3.01,2.79,13.4,,,
-10.0,-13.01,3.01,2.79,13.4,,,
-7.5,-10.5,3.0,2.79,13.4,,,
-5.0,-7.99,2.99,2.79,13.4,,,
-2.5,-5.45,2.95,2.79,13.4,,,
0.0,-2.8,2.8,2.79,13.4,,,
-60.0,-63.01,3.01,2.79,14.3,,,
-57.5,-60.51,3.01,2.79,14.3,,,
-55.0,-58.01,3.01,2.79,14.3,,,
-52.5,-55.51,3.01,2.79,14.3,,,
-50.0,-53.01,3.01,2.79,14.3,,,
-47.5,-50.51,3.01,2.79,14.3,,,
-45.0,-48.01,3.01,2.79,14.3,,,
-42.5,-45.51,3.01,2.79,14.3,,,
-40.0,-43.01,3.01,2.79,14.3,,,
-37.5,-40.51,3.01,2.79,14.3,,,
-35.0,-38.01,3.01,2.79,14.3,,,
-32.5,-35.51,3.01,2.79,14.3,,,
-30.0,-33.01,3.01,2.79,14.3,,,
-27.5,-30.51,3.01,2.79,14.3,,,
-25.0,-28.01,3.01,2.79,14.3,,,
-22.5,-25.51,3.01,2.79,14.3,,,
-20.0,-23.01,3.01,2.79,14.3,,,
-17.5,-20.51,3.01,2.79,14.3,,,
-15.0,-18.01,3.01,2.79,14.3,,,
-12.5,-15.51,3.01,2.79,14.3,,,
-10.0,-13.01,3.01,2.79,14.3,,,
-7.5,-10.5,3.0,2.79,14.3,,,
-5.0,-7.99,2.99,2.79,14.3,,,
-2.5,-5.45,2.95,2.79,14.3,,,
0.0,-2.8,2.8,2.79,14.3,,,
-60.0,-63.01,3.01,2.79,15.3,,,
-57.5,-60.51,3.01,2.79,15.3,,,
-55.0,-58.01,3.01,2.79,15.3,,,
-52.5,-55.51,3.01,2.79,15.3,,,
-50.0,-53.01,3.01,2.79,15.3,,,
-47.5,-50.51,3.01,2.79,15.3,,,
-45.0,-48.01,3.01,2.79,15.3,,,
-42.5,-45.51,3.01,2.79,15.3,,,
-40.0,-43.01,3.01,2.79,15.3,,,
-37.5,-40.51,3.01,2.79,15.3,,,
-35.0,-38.01,3.01,2.79,15.3,,,
-32.5,-35.51,3.01,2.79,15.3,,,
-30.0,-33.01,3.01,2.79,15.3,,,
-27.5,-30.51,3.01,2.79,15.3,,,
-25.0,-28.01,3.01,2.79,15.3,,,
-22.5,-25.51,3.01,2.79,15.3,,,
-20.0,-23.01,3.01,2.79,15.3,,,
-17.5,-20.51,3.01,2.79,15.3,,,
-15.0,-18.01,3.01,2.79,15.3,,,
-12.5,-15.51,3.01,2.79,15.3,,,
-10.0,-13.01,3.01,2.79,15.3,,,
-7.5,-10.5,3.0,2.79,15.3,,,
-5.0,-7.99,2.99,2.79,15.3,,,
-2.5,-5.45,2.95,2.79,15.3,,,
0.0,-2.8,2.8,2.79,15.3,,,
-60.0,-63.01,3.01,2.79,16.2,,,
-57.5,-60.51,3.01,2.79,16.2,,,
-55.0,-58.01,3.01,2.79,16.2,,,
-52.5,-55.51,3.01,2.79,16.2,,,
-50.0,-53.01,3.01,2.79,16.2,,,
-47.5,-50.51,3.01,2.79,16.2,,,
-45.0,-48.01,3.01,2.79,16.2,,,
-42.5,-45.51,3.01,2.79,16.2,,,
-40.0,-43.01,3.01,2.79,16.2,,,
-37.5,-40.51,3.01,2.79,16.2,,,
-35.0,-38.01,3.01,2.79,16.2,,,
-32.5,-35.51,3.01,2.79,16.2,,,
-30.0,-33.01,3.01,2.79,16.2,,,
-27.5,-30.51,3.01,2.79,16.2,,,
-25.0,-28.01,3.01,2.79,16.2,,,
-22.5,-25.51,3.01,2.79,16.2,,,
-20.0,-23.01,3.01,2.79,16.2,,,
-17.5,-20.51,3.01,2.79,16.2,,,
-15.0,-18.01,3.01,2.79,16.2,,,
-12.5,-15.51,3.01,2.79,16.2,,,
-10.0,-13.01,3.01,2.79,16.2,,,
-7.5,-10.5,3.0,2.79,16.2,,,
-5.0,-7.99,2.99,2.79,16.2,,,
-2.5,-5.45,2.95,2.79,16.2,,,
0.0,-2.8,2.8,2.79,16.2,,,
-60.0,-63.01,3.01,2.79,17.2,,,
-57.5,-60.51,3.01,2.79,17.2,,,
-55.0,-58.01,3.01,2.79,17.2,,,
-52.5,-55.51,3.01,2.79,17.2,,,
-50.0,-53.01,3.01,2.79,17.2,,,
-47.5,-50.51,3.01,2.79,17.2,,,
-45.0,-48.01,3.01,2.79,17.2,,,
-42.5,-45.51,3.01,2.79,17.2,,,
-40.0,-43.01,3.01,2.79,17.2,,,
-37.5,-40.51,3.01,2.79,17.2,,,
-35.0,-38.01,3.01,2.79,17.2,,,
-32.5,-35.51,3.01,2.79,17.2,,,
-30.0,-33.01,3.01,2.79,17.2,,,
-27.5,-30.51,3.01,2.79,17.2,,,
-25.0,-28.01,3.01,2.79,17.2,,,
-22.5,-25.51,3.01,2.79,17.2,,,
-20.0,-23.01,3.01,2.79,17.2,,,
-17.5,-20.51,3.01,2.79,17.2,,,
-15.0,-18.01,3.01,2.79,17.2,,,
-12.5,-15.51,3.01,2.79,17.2,,,
-10.0,-13.01,3.01,2.79,17.2,,,
-7.5,-10.5,3.0,2.79,17.2,,,
-5.0,-7.99,2.99,2.79,17.2,,,
-2.5,-5.45,2.95,2.79,17.2,,,
0.0,-2.8,2.8,2.79,17.2,,,
-60.0,-63.01,3.01,2.79,18.1,,,
-57.5,-60.51,3.01,2.79,18.1,,,
-55.0,-58.01,3.01,2.79,18.1,,,
-52.5,-55.51,3.01,2.79,18.1,,,
-50.0,-53.01,3.01,2.79,18.1,,,
-47.5,-50.51,3.01,2.79,18.1,,,
-45.0,-48.01,3.01,2.79,18.1,,,
-42.5,-45.51,3.01,2.79,18.1,,,
-40.0,-43.01,3.01,2.79,18.1,,,
-37.5,-40.51,3.01,2.79,18.1,,,
-35.0,-38.01,3.01,2.79,18.1,,,
-32.5,-35.51,3.01,2.79,18.1,,,
-30.0,-33.01,3.01,2.79,18.1,,,
-27.5,-30.51,3.01,2.79,18.1,,,
-25.0,-28.01,3.01,2.79,18.1,,,
-22.5,-25.51,3.01,2.79,18.1,,,
-20.0,-23.01,3.01,2.79,18.1,,,
-17.5,-20.51,3.01,2.79,18.1,,,
-15.0,-18.01,3.01,2.79,18.1,,,
-12.5,-15.51,3.01,2.79,18.1,,,
-10.0,-13.01,3.01,2.79,18.1,,,
-7.5,-10.5,3.0,2.79,18.1,,,
-5.0,-7.99,2.99,2.79,18.1,,,
-2.5,-5.45,2.95,2.79,18.1,,,
0.0,-2.8,2.8,2.79,18.1,,,
-60.0,-63.01,3.01,2.79,19.1,,,
-57.5,-60.51,3.01,2.79,19.1,,,
-55.0,-58.01,3.01,2.79,19.1,,,
-52.5,-55.51,3.01,2.79,19.1,,,
-50.0,-53.01,3.01,2.79,19.1,,,
-47.5,-50.51,3.01,2.79,19.1,,,
-45.0,-48.01,3.01,2.79,19.1,,,
-42.5,-45.51,3.01,2.79,19.1,,,
-40.0,-43.01,3.01,2.79,19.1,,,
-37.5,-40.51,3.01,2.79,19.1,,,
-35.0,-38.01,3.01,2.79,19.1,,,
-32.5,-35.51,3.01,2.79,19.1,,,
-30.0,-33.01,3.01,2.79,19.1,,,
-27.5,-30.51,3.01,2.79,19.1,,,
-25.0,-28.01,3.01,2.79,19.1,,,
-22.5,-25.51,3.01,2.79,19.1,,,
-20.0,-23.01,3.01,2.79,19.1,,,
-17.5,-20.51,3.01,2.79,19.1,,,
-15.0,-18.01,3.01,2.79,19.1,,,
-12.5,-15.51,3.01,2.79,19.1,,,
-10.0,-13.01,3.01,2.79,19.1,,,
-7.5,-10.5,3.0,2.79,19.1,,,
-5.0,-7.99,2.99,2.79,19.1,,,
-2.5,-5.45,2.95,2.79,19.1,,,
0.0,-2.8,2.8,2.79,19.1,,,
-60.0,-63.01,3.01,2.79,20.0,,,
-57.5,-60.51,3.01,2.79,20.0,,,
-55.0,-58.01,3.01,2.79,20.0,,,
-52.5,-55.51,3.01,2.79,20.0,,,
-50.0,-53.01,3.01,2.79,20.0,,,
-47.5,-50.51,3.01,2.79,20.0,,,
-45.0,-48.01,3.01,2.79,20.0,,,
-42.5,-45.51,3.01,2.79,20.0,,,
-40.0,-43.01,3.01,2.79,20.0,,,
-37.5,-40.51,3.01,2.79,20.0,,,
-35.0,-38.01,3.01,2.79,20.0,,,
-32.5,-35.51,3.01,2.79,20.0,,,
-30.0,-33.01,3.01,2.79,20.0,,,
-27.5,-30.51,3.01,2.79,20.0,,,
-25.0,-28.01,3.01,2.79,20.0,,,
-22.5,-25.51,3.01,2.79,20.0,,,
-20.0,-23.01,3.01,2.79,20.0,,,
-17.5,-20.51,3.01,2.79,20.0,,,
-15.0,-18.01,3.01,2.79,20.0,,,
-12.5,-15.51,3.01,2.79,20.0,,,
-10.0,-13.01,3.01,2.79,20.0,,,
-7.5,-10.5,3.0,2.79,20.0,,,
-5.0,-7.99,2.99,2.79,20.0,,,
-2.5,-5.45,2.95,2.79,20.0,,,
0.0,-2.8,2.8,2.79,20.0,,,
-60.0,-63.01,3.01,3.0,2.0,,,
-57.5,-60.51,3.01,3.0,2.0,,,
-55.0,-58.01,3.01,3.0,2.0,,,
-52.5,-55.51,3.01,3.0,2.0,,,
-50.0,-53.01,3.01,3.0,2.0,,,
-47.5,-50.51,3.01,3.0,2.0,,,
-45.0,-48.01,3.01,3.0,2.0,,,
-42.5,-45.51,3.01,3.0,2.0,,,
-40.0,-43.01,3.01,3.0,2.0,,,
-37.5,-40.51,3.01,3.0,2.0,,,
-35.0,-38.01,3.01,3.0,2.0,,,
-32.5,-35.51,3.01,3.0,2.0,,,
-30.0,-33.01,3.01,3.0,2.0,,,
-27.5,-30.51,3.01,3.0,2.0,,,
-25.0,-28.01,3.01,3.0,2.0,,,
-22.5,-25.51,3.01,3.0,2.0,,,
-20.0,-23.01,3.01,3.0,2.0,,,
-17.5,-20.51,3.01,3.0,2.0,,,
-15.0,-18.01,3.01,3.0,2.0,,,
-12.5,-15.51,3.01,3.0,2.0,,,
-10.0,-13.01,3.01,3.0,2.0,,,
-7.5,-10.5,3.0,3.0,2.0,,,
-5.0,-7.99,2.99,3.0,2.0,,,
-2.5,-5.45,2.95,3.0,2.0,,,
0.0,-2.8,2.8,3.0,2.0,,,
-60.0,-63.01,3.01,3.0,3.0,,,
-57.5,-60.51,3.01,3.0,3.0,,,
-55.0,-58.01,3.01,3.0,3.0,,,
-52.5,-55.51,3.01,3.0,3.0,,,
-50.0,-53.01,3.01,3.0,3.0,,,
-47.5,-50.51,3.01,3.0,3.0,,,
-45.0,-48.01,3.01,3.0,3.0,,,
-42.5,-45.51,3.01,3.0,3.0,,,
-40.0,-43.01,3.01,3.0,3.0,,,
-37.5,-40.51,3.01,3.0,3.0,,,
-35.0,-38.01,3.01,3.0,3.0,,,
-32.5,-35.51,3.01,3.0,3.0,,,
-30.0,-33.01,3.01,3.0,3.0,,,
-27.5,-30.51,3.01,3.0,3.0,,,
-25.0,-28.01,3.01,3.0,3.0,,,
-22.5,-25.51,3.01,3.0,3.0,,,
-20.0,-23.01,3.01,3.0,3.0,,,
-17.5,-20.51,3.01,3.0,3.0,,,
-15.0,-18.01,3.01,3.0,3.0,,,
-12.5,-15.51,3.01,3.0,3.0,,,
-10.0,-13.01,3.01,3.0,3.0,,,
-7.5,-10.5,3.0,3.0,3.0,,,
-5.0,-7.99,2.99,3.0,3.0,,,
-2.5,-5.45,2.95,3.0,3.0,,,
0.0,-2.8,2.8,3.0,3.0,,,
-60.0,-63.01,3.01,3.0,3.9,,,
-57.5,-60.51,3.01,3.0,3.9,,,
-55.0,-58.01,3.01,3.0,3.9,,,
-52.5,-55.51,3.01,3.0,3.9,,,
-50.0,-53.01,3.01,3.0,3.9,,,
-47.5,-50.51,3.01,3.0,3.9,,,
-45.0,-48.01,3.01,3.0,3.9,,,
-42.5,-45.51,3.01,3.0,3.9,,,
-40.0,-43.01,3.01,3.0,3.9,,,
-37.5,-40.51,3.01,3.0,3.9,,,
-35.0,-38.01,3.01,3.0,3.9,,,
-32.5,-35.51,3.01,3.0,3.9,,,
-30.0,-33.01,3.01,3.0,3.9,,,
-27.5,-30.51,3.01,3.0,3.9,,,
-25.0,-28.01,3.01,3.0,3.9,,,
-22.5,-25.51,3.01,3.0,3.9,,,
-20.0,-23.01,3.01,3.0,3.9,,,
-17.5,-20.51,3.01,3.0,3.9,,,
-15.0,-18.01,3.01,3.0,3.9,,,
-12.5,-15.51,3.01,3.0,3.9,,,
-10.0,-13.01,3.01,3.0,3.9,,,
-7.5,-10.5,3.0,3.0,3.9,,,
-5.0,-7.99,2.99,3.0,3.9,,,
-2.5,-5.45,2.95,3.0,3.9,,,
0.0,-2.8,2.8,3.0,3.9,,,
-60.0,-63.01,3.01,3.0,4.8,,,
-57.5,-60.51,3.01,3.0,4.8,,,
-55.0,-58.01,3.01,3.0,4.8,,,
-52.5,-55.51,3.01,3.0,4.8,,,
-50.0,-53.01,3.01,3.0,4.8,,,
-47.5,-50.51,3.01,3.0,4.8,,,
-45.0,-48.01,3.01,3.0,4.8,,,
-42.5,-45.51,3.01,3.0,4.8,,,
-40.0,-43.01,3.01,3.0,4.8,,,
-37.5,-40.51,3.01,3.0,4.8,,,
-35.0,-38.01,3.01,3.0,4.8,,,
-32.5,-35.51,3.01,3.0,4.8,,,
-30.0,-33.01,3.01,3.0,4.8,,,
-27.5,-30.51,3.01,3.0,4.8,,,
-25.0,-28.01,3.01,3.0,4.8,,,
-22.5,-25.51,3.01,3.0,4.8,,,
-20.0,-23.01,3.01,3.0,4.8,,,
-17.5,-20.51,3.01,3.0,4.8,,,
-15.0,-18.01,3.01,3.0,4.8,,,
-12.5,-15.51,3.01,3.0,4.8,,,
-10.0,-13.01,3.01,3.0,4.8,,,
-7.5,-10.5,3.0,3.0,4.8,,,
-5.0,-7.99,2.99,3.0,4.8,,,
-2.5,-5.45,2.95,3.0,4.8,,,
0.0,-2.8,2.8,3.0,4.8,,,
-60.0,-63.01,3.01,3.0,5.8,,,
-57.5,-60.51,3.01,3.0,5.8,,,
-55.0,-58.01,3.01,3.0,5.8,,,
-52.5,-55.51,3.01,3.0,5.8,,,
-50.0,-53.01,3.01,3.0,5.8,,,
-47.5,-50.51,3.01,3.0,5.8,,,
-45.0,-48.01,3.01,3.0,5.8,,,
-42.5,-45.51,3.01,3.0,5.8,,,
-40.0,-43.01,3.01,3.0,5.8,,,
-37.5,-40.51,3.01,3.0,5.8,,,
-35.0,-38.01,3.01,3.0,5.8,,,
-32.5,-35.51,3.01,3.0,5.8,,,
-30.0,-33.01,3.01,3.0,5.8,,,
-27.5,-30.51,3.01,3.0,5.8,,,
-25.0,-28.01,3.01,3.0,5.8,,,
-22.5,-25.51,3.01,3.0,5.8,,,
-20.0,-23.01,3.01,3.0,5.8,,,
-17.5,-20.51,3.01,3.0,5.8,,,
-15.0,-18.01,3.01,3.0,5.8,,,
-12.5,-15.51,3.01,3.0,5.8,,,
-10.0,-13.01,3.01,3.0,5.8,,,
-7.5,-10.5,3.0,3.0,5.8,,,
-5.0,-7.99,2.99,3.0,5.8,,,
-2.5,-5.45,2.95,3.0,5.8,,,
0.0,-2.8,2.8,3.0,5.8,,,
-60.0,-63.01,3.01,3.0,6.7,,,
-57.5,-60.51,3.01,3.0,6.7,,,
-55.0,-58.01,3.01,3.0,6.7,,,
-52.5,-55.51,3.01,3.0,6.7,,,
-50.0,-53.01,3.01,3.0,6.7,,,
-47.5,-50.51,3.01,3.0,6.7,,,
-45.0,-48.01,3.01,3.0,6.7,,,
-42.5,-45.51,3.01,3.0,6.7,,,
-40.0,-43.01,3.01,3.0,6.7,,,
-37.5,-40.51,3.01,3.0,6.7,,,
-35.0,-38.01,3.01,3.0,6.7,,,
-32.5,-35.51,3.01,3.0,6.7,,,
-30.0,-33.01,3.01,3.0,6.7,,,
-27.5,-30.51,3.01,3.0,6.7,,,
-25.0,-28.01,3.01,3.0,6.7,,,
-22.5,-25.51,3.01,3.0,6.7,,,
-20.0,-23.01,3.01,3.0,6.7,,,
-17.5,-20.51,3.01,3.0,6.7,,,
-15.0,-18.01,3.01,3.0,6.7,,,
-12.5,-15.51,3.01,3.0,6.7,,,
-10.0,-13.01,3.01,3.0,6.7,,,
-7.5,-10.5,3.0,3.0,6.7,,,
-5.0,-7.99,2.99,3.0,6.7,,,
-2.5,-5.45,2.95,3.0,6.7,,,
0.0,-2.8,2.8,3.0,6.7,,,
-60.0,-63.01,3.01,3.0,7.7,,,
-57.5,-60.51,3.01,3.0,7.7,,,
-55.0,-58.01,3.01,3.0,7.7,,,
-52.5,-55.51,3.01,3.0,7.7,,,
-50.0,-53.01,3.01,3.0,7.7,,,
-47.5,-50.51,3.01,3.0,7.7,,,
-45.0,-48.01,3.01,3.0,7.7,,,
-42.5,-45.51,3.01,3.0,7.7,,,
-40.0,-43.01,3.01,3.0,7.7,,,
-37.5,-40.51,3.01,3.0,7.7,,,
-35.0,-38.01,3.01,3.0,7.7,,,
-32.5,-35.51,3.01,3.0,7.7,,,
-30.0,-33.01,3.01,3.0,7.7,,,
-27.5,-30.51,3.01,3.0,7.7,,,
-25.0,-28.01,3.01,3.0,7.7,,,
-22.5,-25.51,3.01,3.0,7.7,,,
-20.0,-23.01,3.01,3.0,7.7,,,
-17.5,-20.51,3.01,3.0,7.7,,,
-15.0,-18.01,3.01,3.0,7.7,,,
-12.5,-15.51,3.01,3.0,7.7,,,
-10.0,-13.01,3.01,3.0,7.7,,,
-7.5,-10.5,3.0,3.0,7.7,,,
-5.0,-7.99,2.99,3.0,7.7,,,
-2.5,-5.45,2.95,3.0,7.7,,,
0.0,-2.8,2.8,3.0,7.7,,,
-60.0,-63.01,3.01,3.0,8.6,,,
-57.5,-60.51,3.01,3.0,8.6,,,
-55.0,-58.01,3.01,3.0,8.6,,,
-52.5,-55.51,3.01,3.0,8.6,,,
-50.0,-53.01,3.01,3.0,8.6,,,
-47.5,-50.51,3.01,3.0,8.6,,,
-45.0,-48.01,3.01,3.0,8.6,,,
-42.5,-45.51,3.01,3.0,8.6,,,
-40.0,-43.01,3.01,3.0,8.6,,,
-37.5,-40.51,3.01,3.0,8.6,,,
-35.0,-38.01,3.01,3.0,8.6,,,
-32.5,-35.51,3.01,3.0,8.6,,,
-30.0,-33.01,3.01,3.0,8.6,,,
-27.5,-30.51,3.01,3.0,8.6,,,
-25.0,-28.01,3.01,3.0,8.6,,,
-22.5,-25.51,3.01,3.0,8.6,,,
-20.0,-23.01,3.01,3.0,8.6,,,
-17.5,-20.51,3.01,3.0,8.6,,,
-15.0,-18.01,3.01,3.0,8.6,,,
-12.5,-15.51,3.01,3.0,8.6,,,
-10.0,-13.01,3.01,3.0,8.6,,,
-7.5,-10.5,3.0,3.0,8.6,,,
-5.0,-7.99,2.99,3.0,8.6,,,
-2.5,-5.45,2.95,3.0,8.6,,,
0.0,-2.8,2.8,3.0,8.6,,,
-60.0,-63.01,3.01,3.0,9.6,,,
-57.5,-60.51,3.01,3.0,9.6,,,
-55.0,-58.01,3.01,3.0,9.6,,,
-52.5,-55.51,3.01,3.0,9.6,,,
-50.0,-53.01,3.01,3.0,9.6,,,
-47.5,-50.51,3.01,3.0,9.6,,,
-45.0,-48.01,3.01,3.0,9.6,,,
-42.5,-45.51,3.01,3.0,9.6,,,
-40.0,-43.01,3.01,3.0,9.6,,,
-37.5,-40.51,3.01,3.0,9.6,,,
-35.0,-38.01,3.01,3.0,9.6,,,
-32.5,-35.51,3.01,3.0,9.6,,,
-30.0,-33.01,3.01,3.0,9.6,,,
-27.5,-30.51,3.01,3.0,9.6,,,
-25.0,-28.01,3.01,3.0,9.6,,,
-22.5,-25.51,3.01,3.0,9.6,,,
-20.0,-23.01,3.01,3.0,9.6,,,
-17.5,-20.51,3.01,3.0,9.6,,,
-15.0,-18.01,3.01,3.0,9.6,,,
-12.5,-15.51,3.01,3.0,9.6,,,
-10.0,-13.01,3.01,3.0,9.6,,,
-7.5,-10.5,3.0,3.0,9.6,,,
-5.0,-7.99,2.99,3.0,9.6,,,
-2.5,-5.45,2.95,3.0,9.6,,,
0.0,-2.8,2.8,3.0,9.6,,,
-60.0,-63.01,3.01,3.0,10.5,,,
-57.5,-60.51,3.01,3.0,10.5,,,
-55.0,-58.01,3.01,3.0,10.5,,,
-52.5,-55.51,3.01,3.0,10.5,,,
-50.0,-53.01,3.01,3.0,10.5,,,
-47.5,-50.51,3.01,3.0,10.5,,,
-45.0,-48.01,3.01,3.0,10.5,,,
-42.5,-45.51,3.01,3.0,10.5,,,
-40.0,-43.01,3.01,3.0,10.5,,,
-37.5,-40.51,3.01,3.0,10.5,,,
-35.0,-38.01,3.01,3.0,10.5,,,
-32.5,-35.51,3.01,3.0,10.5,,,
-30.0,-33.01,3.01,3.0,10.5,,,
-27.5,-30.51,3.01,3.0,10.5,,,
-25.0,-28.01,3.01,3.0,10.5,,,
-22.5,-25.51,3.01,3.0,10.5,,,
-20.0,-23.01,3.01,3.0,10.5,,,
-17.5,-20.51,3.01,3.0,10.5,,,
-15.0,-18.01,3.01,3.0,10.5,,,
-12.5,-15.51,3.01,3.0,10.5,,,
-10.0,-13.01,3.01,3.0,10.5,,,
-7.5,-10.5,3.0,3.0,10.5,,,
-5.0,-7.99,2.99,3.0,10.5,,,
-2.5,-5.45,2.95,3.0,10.5,,,
0.0,-2.8,2.8,3.0,10.5,,,
-60.0,-63.01,3.01,3.0,11.5,,,
-57.5,-60.51,3.01,3.0,11.5,,,
-55.0,-58.01,3.01,3.0,11.5,,,
-52.5,-55.51,3.01,3.0,11.5,,,
-50.0,-53.01,3.01,3.0,11.5,,,
-47.5,-50.51,3.01,3.0,11.5,,,
-45.0,-48.01,3.01,3.0,11.5,,,
-42.5,-45.51,3.01,3.0,11.5,,,
-40.0,-43.01,3.01,3.0,11.5,,,
-37.5,-40.51,3.01,3.0,11.5,,,
-35.0,-38.01,3.01,3.0,11.5,,,
-32.5,-35.51,3.01,3.0,11.5,,,
-30.0,-33.01,3.01,3.0,11.5,,,
-27.5,-30.51,3.01,3.0,11.5,,,
-25.0,-28.01,3.01,3.0,11.5,,,
-22.5,-25.51,3.01,3.0,11.5,,,
-20.0,-23.01,3.01,3.0,11.5,,,
-17.5,-20.51,3.01,3.0,11.5,,,
-15.0,-18.01,3.01,3.0,11.5,,,
-12.5,-15.51,3.01,3.0,11.5,,,
-10.0,-13.01,3.01,3.0,11.5,,,
-7.5,-10.5,3.0,3.0,11.5,,,
-5.0,-7.99,2.99,3.0,11.5,,,
-2.5,-5.45,2.95,3.0,11.5,,,
0.0,-2.8,2.8,3.0,11.5,,,
-60.0,-63.01,3.01,3.0,12.4,,,
-57.5,-60.51,3.01,3.0,12.4,,,
-55.0,-58.01,3.01,3.0,12.4,,,
-52.5,-55.51,3.01,3.0,12.4,,,
-50.0,-53.01,3.01,3.0,12.4,,,
-47.5,-50.51,3.01,3.0,12.4,,,
-45.0,-48.01,3.01,3.0,12.4,,,
-42.5,-45.51,3.01,3.0,12.4,,,
-40.0,-43.01,3.01,3.0,12.4,,,
-37.5,-40.51,3.01,3.0,12.4,,,
-35.0,-38.01,3.01,3.0,12.4,,,
-32.5,-35.51,3.01,3.0,12.4,,,
-30.0,-33.01,3.01,3.0,12.4,,,
-27.5,-30.51,3.01,3.0,12.4,,,
-25.0,-28.01,3.01,3.0,12.4,,,
-22.5,-25.51,3.01,3.0,12.4,,,
-20.0,-23.01,3.01,3.0,12.4,,,
-17.5,-20.51,3.01,3.0,12.4,,,
-15.0,-18.01,3.01,3.0,12.4,,,
-12.5,-15.51,3.01,3.0,12.4,,,
-10.0,-13.01,3.01,3.0,12.4,,,
-7.5,-10.5,3.0,3.0,12.4,,,
-5.0,-7.99,2.99,3.0,12.4,,,
-2.5,-5.45,2.95,3.0,12.4,,,
0.0,-2.8,2.8,3.0,12.4,,,
-60.0,-63.01,3.01,3.0,13.4,,,
-57.5,-60.51,3.01,3.0,13.4,,,
-55.0,-58.01,3.01,3.0,13.4,,,
-52.5,-55.51,3.01,3.0,13.4,,,
-50.0,-53.01,3.01,3.0,13.4,,,
-47.5,-50.51,3.01,3.0,13.4,,,
-45.0,-48.01,3.01,3.0,13.4,,,
-42.5,-45.51,3.01,3.0,13.4,,,
-40.0,-43.01,3.01,3.0,13.4,,,
-37.5,-40.51,3.01,3.0,13.4,,,
-35.0,-38.01,3.01,3.0,13.4,,,
-32.5,-35.51,3.01,3.0,13.4,,,
-30.0,-33.01,3.01,3.0,13.4,,,
-27.5,-30.51,3.01,3.0,13.4,,,
-25.0,-28.01,3.01,3.0,13.4,,,
-22.5,-25.51,3.01,3.0,13.4,,,
-20.0,-23.01,3.01,3.0,13.4,,,
-17.5,-20.51,3.01,3.0,13.4,,,
-15.0,-18.01,3.01,3.0,13.4,,,
-12.5,-15.51,3.01,3.0,13.4,,,
-10.0,-13.01,3.01,3.0,13.4,,,
-7.5,-10.5,3.0,3.0,13.4,,,
-5.0,-7.99,2.99,3.0,13.4,,,
-2.5,-5.45,2.95,3.0,13.4,,,
0.0,-2.8,2.8,3.0,13.4,,,
-60.0,-63.01,3.01,3.0,14.3,,,
-57.5,-60.51,3.01,3.0,14.3,,,
-55.0,-58.01,3.01,3.0,14.3,,,
-52.5,-55.51,3.01,3.0,14.3,,,
-50.0,-53.01,3.01,3.0,14.3,,,
-47.5,-50.51,3.01,3.0,14.3,,,
-45.0,-48.01,3.01,3.0,14.3,,,
-42.5,-45.51,3.01,3.0,14.3,,,
-40.0,-43.01,3.01,3.0,14.3,,,
-37.5,-40.51,3.01,3.0,14.3,,,
-35.0,-38.01,3.01,3.0,14.3,,,
-32.5,-35.51,3.01,3.0,14.3,,,
-30.0,-33.01,3.01,3.0,14.3,,,
-27.5,-30.51,3.01,3.0,14.3,,,
-25.0,-28.01,3.01,3.0,14.3,,,
-22.5,-25.51,3.01,3.0,14.3,,,
-20.0,-23.01,3.01,3.0,14.3,,,
-17.5,-20.51,3.01,3.0,14.3,,,
-15.0,-18.01,3.01,3.0,14.3,,,
-12.5,-15.51,3.01,3.0,14.3,,,
-10.0,-13.01,3.01,3.0,14.3,,,
-7.5,-10.5,3.0,3.0,14.3,,,
-5.0,-7.99,2.99,3.0,14.3,,,
-2.5,-5.45,2.95,3.0,14.3,,,
0.0,-2.8,2.8,3.0,14.3,,,
-60.0,-63.01,3.01,3.0,15.3,,,
-57.5,-60.51,3.01,3.0,15.3,,,
-55.0,-58.01,3.01,3.0,15.3,,,
-52.5,-55.51,3.01,3.0,15.3,,,
-50.0,-53.01,3.01,3.0,15.3,,,
-47.5,-50.51,3.01,3.0,15.3,,,
-45.0,-48.01,3.01,3.0,15.3,,,
-42.5,-45.51,3.01,3.0,15.3,,,
-40.0,-43.01,3.01,3.0,15.3,,,
-37.5,-40.51,3.01,3.0,15.3,,,
-35.0,-38.01,3.01,3.0,15.3,,,
-32.5,-35.51,3.01,3.0,15.3,,,
-30.0,-33.01,3.01,3.0,15.3,,,
-27.5,-30.51,3.01,3.0,15.3,,,
-25.0,-28.01,3.01,3.0,15.3,,,
-22.5,-25.51,3.01,3.0,15.3,,,
-20.0,-23.01,3.01,3.0,15.3,,,
-17.5,-20.51,3.01,3.0,15.3,,,
-15.0,-18.01,3.01,3.0,15.3,,,
-12.5,-15.51,3.01,3.0,15.3,,,
-10.0,-13.01,3.01,3.0,15.3,,,
-7.5,-10.5,3.0,3.0,15.3,,,
-5.0,-7.99,2.99,3.0,15.3,,,
-2.5,-5.45,2.95,3.0,15.3,,,
0.0,-2.8,2.8,3.0,15.3,,,
-60.0,-63.01,3.01,3.0,16.2,,,
-57.5,-60.51,3.01,3.0,16.2,,,
-55.0,-58.01,3.01,3.0,16.2,,,
-52.5,-55.51,3.01,3.0,16.2,,,
-50.0,-53.01,3.01,3.0,16.2,,,
-47.5,-50.51,3.01,3.0,16.2,,,
-45.0,-48.01,3.01,3.0,16.2,,,
-42.5,-45.51,3.01,3.0,16.2,,,
-40.0,-43.01,3.01,3.0,16.2,,,
-37.5,-40.51,3.01,3.0,16.2,,,
-35.0,-38.01,3.01,3.0,16.2,,,
-32.5,-35.51,3.01,3.0,16.2,,,
-30.0,-33.01,3.01,3.0,16.2,,,
-27.5,-30.51,3.01,3.0,16.2,,,
-25.0,-28.01,3.01,3.0,16.2,,,
-22.5,-25.51,3.01,3.0,16.2,,,
-20.0,-23.01,3.01,3.0,16.2,,,
-17.5,-20.51,3.01,3.0,16.2,,,
-15.0,-18.01,3.01,3.0,16.2,,,
-12.5,-15.51,3.01,3.0,16.2,,,
-10.0,-13.01,3.01,3.0,16.2,,,
-7.5,-10.5,3.0,3.0,16.2,,,
-5.0,-7.99,2.99,3.0,16.2,,,
-2.5,-5.45,2.95,3.0,16.2,,,
0.0,-2.8,2.8,3.0,16.2,,,
-60.0,-63.01,3.01,3.0,17.2,,,
-57.5,-60.51,3.01,3.0,17.2,,,
-55.0,-58.01,3.01,3.0,17.2,,,
-52.5,-55.51,3.01,3.0,17.2,,,
-50.0,-53.01,3.01,3.0,17.2,,,
-47.5,-50.51,3.01,3.0,17.2,,,
-45.0,-48.01,3.01,3.0,17.2,,,
-42.5,-45.51,3.01,3.0,17.2,,,
-40.0,-43.01,3.01,3.0,17.2,,,
-37.5,-40.51,3.01,3.0,17.2,,,
-35.0,-38.01,3.01,3.0,17.2,,,
-32.5,-35.51,3.01,3.0,17.2,,,
-30.0,-33.01,3.01,3.0,17.2,,,
-27.5,-30.51,3.01,3.0,17.2,,,
-25.0,-28.01,3.01,3.0,17.2,,,
-22.5,-25.51,3.01,3.0,17.2,,,
-20.0,-23.01,3.01,3.0,17.2,,,
-17.5,-20.51,3.01,3.0,17.2,,,
-15.0,-18.01,3.01,3.0,17.2,,,
-12.5,-15.51,3.01,3.0,17.2,,,
-10.0,-13.01,3.01,3.0,17.2,,,
-7.5,-10.5,3.0,3.0,17.2,,,
-5.0,-7.99,2.99,3.0,17.2,,,
-2.5,-5.45,2.95,3.0,17.2,,,
0.0,-2.8,2.8,3.0,17.2,,,
-60.0,-63.01,3.01,3.0,18.1,,,
-57.5,-60.51,3.01,3.0,18.1,,,
-55.0,-58.01,3.01,3.0,18.1,,,
-52.5,-55.51,3.01,3.0,18.1,,,
-50.0,-53.01,3.01,3.0,18.1,,,
-47.5,-50.51,3.01,3.0,18.1,,,
-45.0,-48.01,3.01,3.0,18.1,,,
-42.5,-45.51,3.01,3.0,18.1,,,
-40.0,-43.01,3.01,3.0,18.1,,,
-37.5,-40.51,3.01,3.0,18.1,,,
-35.0,-38.01,3.01,3.0,18.1,,,
-32.5,-35.51,3.01,3.0,18.1,,,
-30.0,-33.01,3.01,3.0,18.1,,,
-27.5,-30.51,3.01,3.0,18.1,,,
-25.0,-28.01,3.01,3.0,18.1,,,
-22.5,-25.51,3.01,3.0,18.1,,,
-20.0,-23.01,3.01,3.0,18.1,,,
-17.5,-20.51,3.01,3.0,18.1,,,
-15.0,-18.01,3.01,3.0,18.1,,,
-12.5,-15.51,3.01,3.0,18.1,,,
-10.0,-13.01,3.01,3.0,18.1,,,
-7.5,-10.5,3.0,3.0,18.1,,,
-5.0,-7.99,2.99,3.0,18.1,,,
-2.5,-5.45,2.95,3.0,18.1,,,
0.0,-2.8,2.8,3.0,18.1,,,
-60.0,-63.01,3.01,3.0,19.1,,,
-57.5,-60.51,3.01,3.0,19.1,,,
-55.0,-58.01,3.01,3.0,19.1,,,
-52.5,-55.51,3.01,3.0,19.1,,,
-50.0,-53.01,3.01,3.0,19.1,,,
-47.5,-50.51,3.01,3.0,19.1,,,
-45.0,-48.01,3.01,3.0,19.1,,,
-42.5,-45.51,3.01,3.0,19.1,,,
-40.0,-43.01,3.01,3.0,19.1,,,
-37.5,-40.51,3.01,3.0,19.1,,,
-35.0,-38.01,3.01,3.0,19.1,,,
-32.5,-35.51,3.01,3.0,19.1,,,
-30.0,-33.01,3.01,3.0,19.1,,,
-27.5,-30.51,3.01,3.0,19.1,,,
-25.0,-28.01,3.01,3.0,19.1,,,
-22.5,-25.51,3.01,3.0,19.1,,,
-20.0,-23.01,3.01,3.0,19.1,,,
-17.5,-20.51,3.01,3.0,19.1,,,
-15.0,-18.01,3.01,3.0,19.1,,,
-12.5,-15.51,3.01,3.0,19.1,,,
-10.0,-13.01,3.01,3.0,19.1,,,
-7.5,-10.5,3.0,3.0,19.1,,,
-5.0,-7.99,2.99,3.0,19.1,,,
-2.5,-5.45,2.95,3.0,19.1,,,
0.0,-2.8,2.8,3.0,19.1,,,
-60.0,-63.01,3.01,3.0,20.0,,,
-57.5,-60.51,3.01,3.0,20.0,,,
-55.0,-58.01,3.01,3.0,20.0,,,
-52.5,-55.51,3.01,3.0,20.0,,,
-50.0,-53.01,3.01,3.0,20.0,,,
-47.5,-50.51,3.01,3.0,20.0,,,
-45.0,-48.01,3.01,3.0,20.0,,,
-42.5,-45.51,3.01,3.0,20.0,,,
-40.0,-43.01,3.01,3.0,20.0,,,
-37.5,-40.51,3.01,3.0,20.0,,,
-35.0,-38.01,3.01,3.0,20.0,,,
-32.5,-35.51,3.01,3.0,20.0,,,
-30.0,-33.01,3.01,3.0,20.0,,,
-27.5,-30.51,3.01,3.0,20.0,,,
-25.0,-28.01,3.01,3.0,20.0,,,
-22.5,-25.51,3.01,3.0,20.0,,,
-20.0,-23.01,3.01,3.0,20.0,,,
-17.5,-20.51,3.01,3.0,20.0,,,
-15.0,-18.01,3.01,3.0,20.0,,,
-12.5,-15.51,3.01,3.0,20.0,,,
-10.0,-13.01,3.01,3.0,20.0,,,
-7.5,-10.5,3.0,3.0,20.0,,,
-5.0,-7.99,2.99,3.0,20.0,,,
-2.5,-5.45,2.95,3.0,20.0,,,
0.0,-2.8,2.8,3.0,20.0,,,
